key,english,translation,status,notes
auth.orEmail,or continue with email,অথবা ইমেল দিয়ে চালিয়ে যান,pending,
auth.google,Continue with Google,Google দিয়ে চালিয়ে যান,pending,
auth.email,Email,ইমেল,pending,
auth.emailPlaceholder,you@example.com,you@example.com,pending,
auth.password,Password,পাসওয়ার্ড,pending,
auth.forgotPassword,Forgot password?,পাসওয়ার্ড ভুলে গেছেন?,pending,
auth.signIn,Sign in,সাইন ইন,pending,
auth.signingIn,Signing in…,সাইন ইন হচ্ছে…,pending,
auth.noAccount,Don’t have an account?,অ্যাকাউন্ট নেই?,pending,
auth.signUp,Sign up,সাইন আপ,pending,
auth.fullName,Full name,পুরো নাম,pending,
auth.namePlaceholder,Your name,আপনার নাম,pending,
auth.passwordPlaceholder,At least 8 characters,কমপক্ষে 8টি অক্ষর,pending,
auth.createAccount,Create account,অ্যাকাউন্ট তৈরি করুন,pending,
auth.creatingAccount,Creating account…,অ্যাকাউন্ট তৈরি হচ্ছে…,pending,
auth.agreePrefix,"By creating an account, you agree to our",অ্যাকাউন্ট তৈরি করে আপনি আমাদের এগুলিতে সম্মত হচ্ছেন:,pending,
auth.and,and,এবং,pending,
auth.terms,Terms of Service,পরিষেবার শর্তাবলী,pending,
auth.privacy,Privacy Policy,গোপনীয়তা নীতি,pending,
auth.haveAccount,Already have an account?,আগে থেকেই অ্যাকাউন্ট আছে?,pending,
auth.resetSent,Check your email — a reset link is on its way.,আপনার ইমেল দেখুন — রিসেট লিঙ্ক পাঠানো হচ্ছে।,pending,
auth.backToSignIn,Back to sign in,সাইন ইনে ফিরে যান,pending,
auth.sendReset,Send reset link,রিসেট লিঙ্ক পাঠান,pending,
auth.sending,Sending…,পাঠানো হচ্ছে…,pending,
auth.remembered,Remembered it?,মনে পড়ে গেছে?,pending,
auth.pages.loginTitle,Welcome back,আবার স্বাগতম,pending,
auth.pages.loginDesc,Sign in to your {app} account,আপনার {app} অ্যাকাউন্টে সাইন ইন করুন,pending,
auth.pages.confirmEmail,"Check your email to confirm your account, then sign in.","অ্যাকাউন্ট নিশ্চিত করতে আপনার ইমেল দেখুন, তারপর সাইন ইন করুন।",pending,
auth.pages.linkExpired,Your link is invalid or has expired.,আপনার লিঙ্কটি অবৈধ বা মেয়াদ শেষ হয়ে গেছে।,pending,
auth.pages.requestNew,Request a new one.,নতুন লিঙ্ক চেয়ে নিন।,pending,
auth.pages.signupTitle,Create your account,আপনার অ্যাকাউন্ট তৈরি করুন,pending,
auth.pages.signupDesc,Start your daily brain-skills practice,আপনার প্রতিদিনের ব্রেন-স্কিল অনুশীলন শুরু করুন,pending,
auth.pages.resetTitle,Reset your password,পাসওয়ার্ড রিসেট করুন,pending,
auth.pages.resetDesc,Enter your email and we’ll send you a reset link,"আপনার ইমেল লিখুন, আমরা একটি রিসেট লিঙ্ক পাঠাব",pending,
auth.pages.newPasswordTitle,Set a new password,নতুন পাসওয়ার্ড সেট করুন,pending,
auth.pages.newPasswordDesc,Choose a strong password for your account,আপনার অ্যাকাউন্টের জন্য একটি শক্তিশালী পাসওয়ার্ড বেছে নিন,pending,
auth.pages.deviceLogout,You were signed out because your account was opened on another device.,"আপনার অ্যাকাউন্ট অন্য একটি ডিভাইসে খোলা হয়েছে, তাই আপনাকে সাইন আউট করা হয়েছে।",pending,
auth.device.title,Continue here?,এখানে চালিয়ে যাবেন?,pending,
auth.device.activeOn,Your account is currently active on {device}.,আপনার অ্যাকাউন্ট এখন {device}-এ চালু আছে।,pending,
auth.device.activeElsewhere,Your account is currently active on another device.,আপনার অ্যাকাউন্ট এখন অন্য একটি ডিভাইসে চালু আছে।,pending,
auth.device.explain,Continue here and log out there? You can only be actively signed in on one device at a time.,এখানে চালিয়ে যাবেন এবং ওখান থেকে লগ আউট করবেন? একসঙ্গে শুধু একটি ডিভাইসেই সাইন ইন থাকা যায়।,pending,
auth.device.continue,Continue here and log out there,"এখানে চালিয়ে যান, ওখান থেকে লগ আউট করুন",pending,
auth.device.wait,Please wait…,অনুগ্রহ করে অপেক্ষা করুন…,pending,
auth.gateway.loginTitle,Sign in,সাইন ইন,pending,
auth.gateway.loginDesc,Sign in to continue.,চালিয়ে যেতে সাইন ইন করুন।,pending,
auth.gateway.signupTitle,Create your account,আপনার অ্যাকাউন্ট তৈরি করুন,pending,
auth.gateway.signupDesc,Free to start — no card needed.,শুরু করা বিনামূল্যে — কোনো কার্ড লাগবে না।,pending,
auth.validation.email,Please enter a valid email address,একটি সঠিক ইমেল ঠিকানা লিখুন,pending,
auth.validation.passwordRequired,Password is required,পাসওয়ার্ড দরকার,pending,
auth.validation.nameShort,Name must be at least 2 characters,নাম কমপক্ষে 2টি অক্ষরের হতে হবে,pending,
auth.validation.passwordShort,Password must be at least 8 characters,পাসওয়ার্ড কমপক্ষে 8টি অক্ষরের হতে হবে,pending,
auth.errors.invalidCredentials,Email or password is not correct.,ইমেল বা পাসওয়ার্ড সঠিক নয়।,pending,
auth.errors.emailNotConfirmed,Please confirm your email first — check your inbox.,আগে আপনার ইমেল নিশ্চিত করুন — ইনবক্স দেখুন।,pending,
auth.errors.userExists,An account with this email already exists. Please sign in.,এই ইমেলে আগে থেকেই একটি অ্যাকাউন্ট আছে। অনুগ্রহ করে সাইন ইন করুন।,pending,
auth.errors.tooMany,Too many attempts. Please wait a moment and try again.,অনেকবার চেষ্টা করা হয়েছে। একটু অপেক্ষা করে আবার চেষ্টা করুন।,pending,
auth.errors.generic,Something went wrong. Please try again.,কিছু একটা ভুল হয়েছে। আবার চেষ্টা করুন।,pending,
auth.errors.invalidInput,Please check what you entered.,আপনি যা লিখেছেন তা একবার দেখে নিন।,pending,
common.language.label,Language,ভাষা,pending,
common.language.choose,Choose your language,আপনার ভাষা বেছে নিন,pending,
common.language.saved,Saved,সেভ হয়েছে,pending,
common.language.reviewNote,This language is new — a native speaker is still reviewing the translation.,এই ভাষাটি নতুন — একজন মাতৃভাষী এখনও অনুবাদটি যাচাই করছেন।,pending,
common.practiceNote,Practice text in English — {language} practice text coming soon.,অনুশীলনের লেখা ইংরেজিতে — {language}-য় অনুশীলনের লেখা শীঘ্রই আসছে।,pending,
common.actions.start,Start,শুরু করুন,pending,
common.actions.begin,Begin,শুরু করুন,pending,
common.actions.continue,Continue,চালিয়ে যান,pending,
common.actions.back,Back,ফিরে যান,pending,
common.actions.exit,Exit,বেরিয়ে যান,pending,
common.actions.done,Done,হয়ে গেছে,pending,
common.actions.close,Close,বন্ধ করুন,pending,
common.actions.save,Save,সেভ করুন,pending,
common.actions.cancel,Cancel,বাতিল,pending,
common.actions.retry,Try again,আবার চেষ্টা করুন,pending,
common.actions.maybeLater,Maybe later,পরে দেখব,pending,
common.actions.pause,Pause,বিরতি,pending,
common.actions.resume,Resume,আবার শুরু,pending,
common.actions.restart,Restart,নতুন করে শুরু,pending,
common.actions.next,Next,পরের,pending,
common.actions.finish,Finish,শেষ করুন,pending,
common.actions.seeResults,See results,ফলাফল দেখুন,pending,
common.actions.loading,Loading…,লোড হচ্ছে…,pending,
curriculum.eyebrow,Sharp Brain 30-Day Curriculum,Sharp Brain 30-Day Curriculum,pending,
curriculum.title,Your daily roadmap,আপনার দৈনিক রোডম্যাপ,pending,
curriculum.intro,"30 days in 4 phases, mixing focus warm-ups, visual memory and attention, visualisation and reading practice into one balanced circuit — with real WPM and comprehension checkpoints along the way.","4টি পর্বে 30 দিন — ফোকাস ওয়ার্ম-আপ, দৃষ্টি-স্মৃতি ও মনোযোগ, কল্পনা আর পড়ার অনুশীলন একটি সুষম সার্কিটে, পথে পথে আসল WPM ও বোঝার চেকপয়েন্ট সহ।",pending,
curriculum.metrics.brainScore,Brain Score,Brain Score,pending,
curriculum.metrics.readingGrowth,Reading growth,পড়ার উন্নতি,pending,
curriculum.metrics.comprehension,Comprehension,বোঝা,pending,
curriculum.metrics.consistency,Consistency,নিয়মিততা,pending,
curriculum.metrics.visualizationDepth,Visualisation depth,কল্পনার গভীরতা,pending,
curriculum.allDays,All 30 days,সব 30 দিন,pending,
curriculum.allDaysHintPro,Day N opens once Day N-1 is complete. Star days are real WPM + comprehension checkpoints.,আগের দিন সম্পূর্ণ হলে পরের দিন খোলে। তারা-চিহ্নিত দিনগুলি আসল WPM + বোঝার চেকপয়েন্ট।,pending,
curriculum.allDaysHintFree,Enrol to open the full 30-day curriculum. Days you have already completed stay open. Star days are real WPM + comprehension checkpoints.,পুরো 30 দিনের পাঠ্যক্রম খুলতে ভর্তি হন। যে দিনগুলি আপনি আগেই সম্পূর্ণ করেছেন সেগুলি খোলা থাকবে। তারা-চিহ্নিত দিনগুলি আসল WPM + বোঝার চেকপয়েন্ট।,pending,
curriculum.startProgram,Start the {program},{program} শুরু করুন,pending,
curriculum.phaseLabel,Phase {phase} · Days {start}–{end},পর্ব {phase} · দিন {start}–{end},pending,
curriculum.dayShort,Day {day},দিন {day},pending,
curriculum.dayLockedTitle,Day {day} — enrol to unlock,দিন {day} — খুলতে ভর্তি হন,pending,
curriculum.categories.brainGym,Focus Warm-Up,ফোকাস ওয়ার্ম-আপ,pending,
curriculum.categories.visualFocusMemory,Visual Focus & Memory,দৃষ্টি-মনোযোগ ও স্মৃতি,pending,
curriculum.categories.visualization,Visualisation,কল্পনা,pending,
curriculum.categories.readingIntelligence,Reading Intelligence,Reading Intelligence,pending,
curriculum.detail.backToAll,All 30 days,সব 30 দিন,pending,
curriculum.detail.dayCompleteUnlocked,Day {day} complete! Day {next} is now unlocked.,দিন {day} সম্পূর্ণ! দিন {next} এখন খোলা।,pending,
curriculum.detail.phaseDay,Phase {phase} · Day {day},পর্ব {phase} · দিন {day},pending,
curriculum.detail.checkpointDay,Checkpoint day,চেকপয়েন্ট দিন,pending,
curriculum.detail.completed,Completed,সম্পূর্ণ,pending,
curriculum.detail.checkpointRecorded,Checkpoint recorded,চেকপয়েন্ট রেকর্ড হয়েছে,pending,
curriculum.detail.trueWpm,True WPM,True WPM,pending,
curriculum.detail.comprehension,Comprehension,বোঝা,pending,
curriculum.detail.vsBaseline,vs. your Day 1 baseline,আপনার দিন 1-এর শুরুর মাপের তুলনায়,pending,
curriculum.detail.dayDone,Day {day} complete — nice work.,দিন {day} সম্পূর্ণ — দারুণ কাজ।,pending,
curriculum.detail.practiceAgain,Practice again,আবার অনুশীলন করুন,pending,
curriculum.detail.uploadStarted,Chapter upload started for Day {day},দিন {day}-এর জন্য অধ্যায় আপলোড শুরু হয়েছে,pending,
curriculum.detail.uploadStartedHint,Go back to Upload & Learn any time to pick up where you left off.,যেখানে থেমেছিলেন সেখান থেকে চালিয়ে যেতে যেকোনো সময় Upload & Learn-এ ফিরে যান।,pending,
curriculum.detail.uploadToday,Upload today’s chapter,আজকের অধ্যায় আপলোড করুন,pending,
curriculum.detail.uploadTodayHint,Bring real reading material for “{title}” and practise Sharp Brain on the real thing.,“{title}”-এর জন্য আসল পড়ার উপকরণ আনুন আর আসল লেখাতেই Sharp Brain অনুশীলন করুন।,pending,
curriculum.detail.uploadLink,Upload & Learn →,Upload & Learn →,pending,
curriculum.player.dayDone,{title} — done!,{title} — সম্পূর্ণ!,pending,
curriculum.player.allExercisesDone,All {count} exercises complete. Day {next} is now unlocked.,{count}টি অনুশীলনই সম্পূর্ণ। দিন {next} এখন খোলা।,pending,
curriculum.player.backToRoadmap,Back to roadmap,রোডম্যাপে ফিরে যান,pending,
curriculum.player.oneMoreStep,One more step,আর একটি ধাপ,pending,
curriculum.player.niceWork,Nice work today.,আজ দারুণ কাজ করেছেন।,pending,
curriculum.player.checkpointIntro,This is a checkpoint day — finish with a short WPM and comprehension check-in to complete Day {day}.,আজ চেকপয়েন্ট দিন — দিন {day} সম্পূর্ণ করতে একটি ছোট WPM ও বোঝার চেক-ইন দিয়ে শেষ করুন।,pending,
curriculum.player.startCheckIn,Start check-in,চেক-ইন শুরু করুন,pending,
curriculum.player.stepOf,Step {step} of {total} · {category},ধাপ {step} / {total} · {category},pending,
curriculum.player.skipExercise,Skip exercise,অনুশীলনটি বাদ দিন,pending,
curriculum.player.skip,Skip,বাদ দিন,pending,
curriculum.player.exitToRoadmap,Exit to roadmap,রোডম্যাপে বেরিয়ে যান,pending,
curriculum.player.skipStep,Skip this step,এই ধাপটি বাদ দিন,pending,
curriculum.player.continueGuided,Continue in its own guided view,এর নিজস্ব গাইডেড ভিউতে চালিয়ে যান,pending,
curriculum.player.gatedIntro,"This exercise has its own guided flow with progress tracking — it opens in its own focused view, then brings you straight back here.","এই অনুশীলনের নিজস্ব গাইডেড প্রবাহ ও অগ্রগতি ট্র্যাকিং আছে — এটি নিজের ভিউতে খুলবে, তারপর আপনাকে সোজা এখানে ফিরিয়ে আনবে।",pending,
curriculum.player.dayCompleteEyebrow,Day {day} complete,দিন {day} সম্পূর্ণ,pending,
curriculum.player.loading,Loading today’s session…,আজকের সেশন লোড হচ্ছে…,pending,
curriculum.phaseComplete.title,Phase {phase} complete!,পর্ব {phase} সম্পূর্ণ!,pending,
curriculum.phaseComplete.upNext,Up next — Phase {phase}: {title}.,এরপর — পর্ব {phase}: {title}।,pending,
curriculum.finishPrevious.title,Day {day} opens after Day {previous},দিন {previous}-এর পরে দিন {day} খুলবে,pending,
curriculum.finishPrevious.body,The 30 days open one after another. Finish Day {previous} and Day {day} opens straight away.,30টি দিন একটির পর একটি খোলে। দিন {previous} শেষ করলেই দিন {day} সঙ্গে সঙ্গে খুলবে।,pending,
curriculum.finishPrevious.goTo,Go to Day {previous},দিন {previous}-এ যান,pending,
curriculum.assessment.eyebrow,Checkpoint complete,চেকপয়েন্ট সম্পূর্ণ,pending,
curriculum.assessment.title,Day {day} assessment,দিন {day}-এর মূল্যায়ন,pending,
curriculum.paywall.dayTitle,Day {day} is part of the {program},দিন {day} হলো {program}-এর অংশ,pending,
curriculum.paywall.startTitle,Start the {program},{program} শুরু করুন,pending,
curriculum.paywall.body,"All 30 days of the curriculum — real WPM and comprehension checkpoints, and 7 live classes with Dr. Kapil Dev Sharma — open when you enrol. Days you have already completed stay open.","পাঠ্যক্রমের সব 30 দিন — আসল WPM ও বোঝার চেকপয়েন্ট, আর Dr. Kapil Dev Sharma-র সঙ্গে 7টি লাইভ ক্লাস — ভর্তি হলেই খুলে যাবে। যে দিনগুলি আপনি আগেই সম্পূর্ণ করেছেন সেগুলি খোলা থাকবে।",pending,
curriculum.practice.complete,Practice complete,অনুশীলন সম্পূর্ণ,pending,
curriculum.practice.saved,Practice saved. Your original Day {day} result stays the same.,অনুশীলন সেভ হয়েছে। দিন {day}-এর আপনার আসল ফলাফল একই থাকবে।,pending,
curriculum.practice.checkpointIntro,Practice check-in: read and answer again to see how you do today. Your official Day {day} result won’t change.,অনুশীলন চেক-ইন: আজ কেমন করছেন দেখতে আবার পড়ুন ও উত্তর দিন। দিন {day}-এর আপনার অফিশিয়াল ফলাফল বদলাবে না।,pending,
curriculum.practice.practisedOn,Practised again · {date},আবার অনুশীলন · {date},pending,
curriculum.practice.times,{n} times,{n} বার,pending,
curriculum.practice.latestResult,Latest: {wpm} WPM · {percent}% comprehension,সর্বশেষ: {wpm} WPM · {percent}% বোঝা,pending,
curriculum.practice.originalKept,Practice only — your official Day {day} result stays the same.,শুধু অনুশীলন — দিন {day}-এর আপনার অফিশিয়াল ফলাফল একই থাকবে।,pending,
curriculumPlan.days.d1.title,Baseline & Focus Warm-Up,শুরুর মাপ ও ফোকাস ওয়ার্ম-আপ,pending,
curriculumPlan.days.d1.focus,"Establish your true baseline WPM and comprehension score, then begin waking up your visual system.","আপনার আসল শুরুর WPM আর বোঝার স্কোর জেনে নিন, তারপর দৃষ্টিশক্তিকে জাগিয়ে তোলা শুরু করুন।",pending,
curriculumPlan.days.d2.title,Focus Foundation,ফোকাসের ভিত,pending,
curriculumPlan.days.d2.focus,"Warm up your attention with a number hunt, then train picture memory and chunk reading.","সংখ্যা খোঁজার খেলায় মনোযোগ তৈরি করুন, তারপর ছবি-স্মৃতি আর চাঙ্ক রিডিং অনুশীলন করুন।",pending,
curriculumPlan.days.d3.title,First Visual Focus Session,প্রথম দৃষ্টি-মনোযোগ সেশন,pending,
curriculumPlan.days.d3.focus,"Introduce visual, non-verbal recall alongside your reading warm-ups.",পড়ার ওয়ার্ম-আপের সঙ্গে শব্দ ছাড়াই দেখে মনে রাখার অনুশীলন শুরু করুন।,pending,
curriculumPlan.days.d4.title,Rhythm & Chunk Awareness,ছন্দ ও শব্দগুচ্ছের সচেতনতা,pending,
curriculumPlan.days.d4.focus,Start noticing word groups instead of single words.,একটি একটি শব্দের বদলে শব্দের গুচ্ছ লক্ষ করা শুরু করুন।,pending,
curriculumPlan.days.d5.title,Visualization Opens,কল্পনার দরজা খোলে,pending,
curriculumPlan.days.d5.focus,Begin practising clear pictures in your mind.,মনে স্পষ্ট ছবি আঁকার অনুশীলন শুরু করুন।,pending,
curriculumPlan.days.d6.title,Foundation Consolidation,ভিত মজবুত করা,pending,
curriculumPlan.days.d6.focus,Reinforce the week's gains with a full balanced circuit.,পুরো একটি সুষম সার্কিটে এই সপ্তাহের অগ্রগতি পোক্ত করুন।,pending,
curriculumPlan.days.d7.title,Checkpoint — Foundation Review,চেকপয়েন্ট — ভিতের পর্যালোচনা,pending,
curriculumPlan.days.d7.focus,Re-measure WPM and comprehension to confirm real week-one growth.,প্রথম সপ্তাহের আসল উন্নতি নিশ্চিত করতে WPM আর বোঝা আবার মাপুন।,pending,
curriculumPlan.days.d8.title,Visual Focus Expansion Begins,দৃষ্টি-মনোযোগের বিস্তার শুরু,pending,
curriculumPlan.days.d8.focus,Deepen visual recall training.,দেখে মনে রাখার অনুশীলন আরও গভীর করুন।,pending,
curriculumPlan.days.d9.title,Inner Voice Awareness,মনের কণ্ঠস্বর সম্পর্কে সচেতনতা,pending,
curriculumPlan.days.d9.focus,Start noticing and interrupting your inner voice while reading.,পড়ার সময় মনের ভেতরের কণ্ঠস্বর লক্ষ করা আর থামানো শুরু করুন।,pending,
curriculumPlan.days.d10.title,Flash Intelligence Warm-Up,Flash Intelligence ওয়ার্ম-আপ,pending,
curriculumPlan.days.d10.focus,Sharpen instant recognition speed with flash-based drills.,ফ্ল্যাশ-ভিত্তিক ড্রিলে তাৎক্ষণিক চেনার গতি বাড়ান।,pending,
curriculumPlan.days.d11.title,Deeper Visual Focus Practice,আরও গভীর দৃষ্টি-মনোযোগ অনুশীলন,pending,
curriculumPlan.days.d11.focus,Extend non-verbal recall span and grid complexity.,শব্দ ছাড়া মনে রাখার পরিসর আর গ্রিডের জটিলতা বাড়ান।,pending,
curriculumPlan.days.d12.title,Inner Voice Control,মনের কণ্ঠস্বর নিয়ন্ত্রণ,pending,
curriculumPlan.days.d12.focus,"Push further into silent, voice-free reading.","নীরব, কণ্ঠস্বরহীন পড়ার দিকে আরও এগোন।",pending,
curriculumPlan.days.d13.title,Integration Circuit,সমন্বয় সার্কিট,pending,
curriculumPlan.days.d13.focus,Combine visual-focus and reading gains in one balanced session.,দৃষ্টি-মনোযোগ আর পড়ার উন্নতি একটি সুষম সেশনে একসঙ্গে করুন।,pending,
curriculumPlan.days.d14.title,Checkpoint — Visual Focus Review,চেকপয়েন্ট — দৃষ্টি-মনোযোগের পর্যালোচনা,pending,
curriculumPlan.days.d14.focus,Re-measure WPM and comprehension to confirm real week-two growth.,দ্বিতীয় সপ্তাহের আসল উন্নতি নিশ্চিত করতে WPM আর বোঝা আবার মাপুন।,pending,
curriculumPlan.days.d15.title,Multi-Sensory Visualisation Begins,বহু-ইন্দ্রিয় কল্পনা শুরু,pending,
curriculumPlan.days.d15.focus,"Enter the Sensory Imagery Builder to train vivid, multi-sensory mental imagery.","জীবন্ত, বহু-ইন্দ্রিয় মানসচিত্রের অনুশীলনে Sensory Imagery Builder-এ প্রবেশ করুন।",pending,
curriculumPlan.days.d16.title,Calm & Steady Focus,শান্ত ও স্থির মনোযোগ,pending,
curriculumPlan.days.d16.focus,"Settle your mind with guided slow breathing, then train focus and memory.","গাইডেড ধীর শ্বাসে মন শান্ত করুন, তারপর মনোযোগ আর স্মৃতির অনুশীলন করুন।",pending,
curriculumPlan.days.d17.title,Mental Mastery Deepens,মানসিক দক্ষতা গভীর হয়,pending,
curriculumPlan.days.d17.focus,Layer visualization work on top of your reading gains.,পড়ার উন্নতির ওপর কল্পনার অনুশীলন যোগ করুন।,pending,
curriculumPlan.days.d18.title,Full Sensory Immersion,পূর্ণ ইন্দ্রিয়-নিমজ্জন,pending,
curriculumPlan.days.d18.focus,Picture scenes vividly and recall their details.,দৃশ্য জীবন্তভাবে কল্পনা করুন আর তার খুঁটিনাটি মনে করুন।,pending,
curriculumPlan.days.d19.title,Steady Under Pressure,চাপের মধ্যেও স্থির,pending,
curriculumPlan.days.d19.focus,Keep your attention steady as the drills get quicker.,ড্রিল দ্রুত হলেও মনোযোগ স্থির রাখুন।,pending,
curriculumPlan.days.d20.title,Integrated Focus Circuit,সমন্বিত ফোকাস সার্কিট,pending,
curriculumPlan.days.d20.focus,"Combine calm breathing, memory and reading in one advanced session.","শান্ত শ্বাস, স্মৃতি আর পড়া একটি উন্নত সেশনে একসঙ্গে করুন।",pending,
curriculumPlan.days.d21.title,Checkpoint — Mental Mastery Review,চেকপয়েন্ট — মানসিক দক্ষতার পর্যালোচনা,pending,
curriculumPlan.days.d21.focus,Re-measure WPM and comprehension to confirm real week-three growth.,তৃতীয় সপ্তাহের আসল উন্নতি নিশ্চিত করতে WPM আর বোঝা আবার মাপুন।,pending,
curriculumPlan.days.d22.title,Peak Mastery — Phrase Fluency,শীর্ষ দক্ষতা — শব্দগুচ্ছে সাবলীলতা,pending,
curriculumPlan.days.d22.focus,"Read in idea-sized phrases, not single words.","একটি একটি শব্দে নয়, ভাবনার মাপের শব্দগুচ্ছে পড়ুন।",pending,
curriculumPlan.days.d23.title,Peak Mastery — Multi-Line Flow,শীর্ষ দক্ষতা — একাধিক লাইনের প্রবাহ,pending,
curriculumPlan.days.d23.focus,Extend fluency across multiple lines at once.,একসঙ্গে কয়েকটি লাইন জুড়ে সাবলীলতা বাড়ান।,pending,
curriculumPlan.days.d24.title,Peak Mastery — Sentence Mastery,শীর্ষ দক্ষতা — বাক্যে দক্ষতা,pending,
curriculumPlan.days.d24.focus,Recognize whole sentences as single ideas.,পুরো বাক্যকে একটি ভাবনা হিসেবে চিনুন।,pending,
curriculumPlan.days.d25.title,Peak Mastery — Paragraph Mastery,শীর্ষ দক্ষতা — অনুচ্ছেদে দক্ষতা,pending,
curriculumPlan.days.d25.focus,Recognize whole paragraphs as single meaning blocks.,পুরো অনুচ্ছেদকে একটি অর্থের খণ্ড হিসেবে চিনুন।,pending,
curriculumPlan.days.d26.title,Peak Mastery — Rapid Recognition,শীর্ষ দক্ষতা — দ্রুত চেনা,pending,
curriculumPlan.days.d26.focus,Recognise words at a glance while keeping accuracy high.,নির্ভুলতা বজায় রেখে এক নজরে শব্দ চিনুন।,pending,
curriculumPlan.days.d27.title,Peak Mastery — Number Flash,শীর্ষ দক্ষতা — Number Flash,pending,
curriculumPlan.days.d27.focus,Take in numbers at a glance and keep accuracy high.,এক নজরে সংখ্যা ধরুন আর নির্ভুলতা বজায় রাখুন।,pending,
curriculumPlan.days.d28.title,Peak Mastery — Calm Precision,শীর্ষ দক্ষতা — শান্ত নির্ভুলতা,pending,
curriculumPlan.days.d28.focus,"Breathe slowly, then recognise symbols quickly and accurately.","ধীরে শ্বাস নিন, তারপর দ্রুত আর নির্ভুলভাবে চিহ্ন চিনুন।",pending,
curriculumPlan.days.d29.title,Peak Mastery — Mixed Recognition,শীর্ষ দক্ষতা — মিশ্র চেনা,pending,
curriculumPlan.days.d29.focus,"Words, numbers and symbols at a glance — your sharpest round yet.","শব্দ, সংখ্যা আর চিহ্ন এক নজরে — আপনার সবচেয়ে ধারালো রাউন্ড।",pending,
curriculumPlan.days.d30.title,Final Certification,চূড়ান্ত সার্টিফিকেশন,pending,
curriculumPlan.days.d30.focus,Complete your final WPM and comprehension assessment and claim your Sharp Brain certification.,আপনার চূড়ান্ত WPM ও বোঝার মূল্যায়ন সম্পূর্ণ করুন আর Sharp Brain সার্টিফিকেশন নিন।,pending,
curriculumPlan.phases.p1.title,Foundation & Focus Warm-Up,ভিত ও ফোকাস ওয়ার্ম-আপ,pending,
curriculumPlan.phases.p1.description,"Establish a true baseline, build steady focus, and wake up visual memory and chunk reading.","আসল শুরুর মাপ নিন, স্থির মনোযোগ গড়ুন আর দৃষ্টি-স্মৃতি ও চাঙ্ক রিডিং জাগিয়ে তুলুন।",pending,
curriculumPlan.phases.p2.title,Visual Focus & Inner Voice Control,দৃষ্টি-মনোযোগ ও মনের কণ্ঠস্বর নিয়ন্ত্রণ,pending,
curriculumPlan.phases.p2.description,"Deepen visual, non-verbal recall and break the habit of silently voicing every word.",শব্দ ছাড়া দেখে মনে রাখার ক্ষমতা গভীর করুন আর প্রতিটি শব্দ মনে মনে উচ্চারণের অভ্যাস ভাঙুন।,pending,
curriculumPlan.phases.p3.title,Multi-Sensory Visualisation & Mental Mastery,বহু-ইন্দ্রিয় কল্পনা ও মানসিক দক্ষতা,pending,
curriculumPlan.phases.p3.description,Train vivid multi-sensory visualization and sustained focus.,জীবন্ত বহু-ইন্দ্রিয় কল্পনা আর দীর্ঘ মনোযোগের অনুশীলন করুন।,pending,
curriculumPlan.phases.p4.title,Peak Smart Reading Mastery & Final Certification,শীর্ষ Smart Reading দক্ষতা ও চূড়ান্ত সার্টিফিকেশন,pending,
curriculumPlan.phases.p4.description,Push every skill to its ceiling and complete the final mastery certification.,প্রতিটি দক্ষতাকে সর্বোচ্চ পর্যায়ে নিয়ে যান আর চূড়ান্ত দক্ষতার সার্টিফিকেশন সম্পূর্ণ করুন।,pending,
curriculumPlan.exercises.schulte-grid-speed-drill,Peripheral Vision Activator,Peripheral Vision Activator,pending,
curriculumPlan.exercises.cross-lateral-tap,Cross-Lateral Tap,ক্রস-ল্যাটারাল ট্যাপ,pending,
curriculumPlan.exercises.rapid-visual-span-expander,Rapid Visual Span Expander,র‍্যাপিড ভিজ্যুয়াল স্প্যান,pending,
curriculumPlan.exercises.fast-pattern-blinking,Fast Pattern Blinking,ফাস্ট প্যাটার্ন ব্লিঙ্কিং,pending,
curriculumPlan.exercises.peripheral-flash-expander,Peripheral Flash Expander,পেরিফেরাল ফ্ল্যাশ,pending,
curriculumPlan.exercises.quantum-tachistoscope-multi-word-blast,Multi-Word Flash,মাল্টি-ওয়ার্ড ফ্ল্যাশ,pending,
curriculumPlan.exercises.blink-trigger-micro-recall,Blink Recall,ব্লিঙ্ক রিকল,pending,
curriculumPlan.exercises.photographic-memory,Deep Visualisation Recall,গভীর কল্পনা-স্মৃতি,pending,
curriculumPlan.exercises.pictorial-essence-sprint,Picture Memory Sprint,ছবি-স্মৃতি স্প্রিন্ট,pending,
curriculumPlan.exercises.hemispheric-color-sync,Color-Word Sync Grid,রং-শব্দ সিঙ্ক গ্রিড,pending,
curriculumPlan.exercises.dot-memory-grid,Dot Memory Grid,বিন্দু-স্মৃতি গ্রিড,pending,
curriculumPlan.exercises.number-flash-grid,Number Flash Grid,সংখ্যা ফ্ল্যাশ গ্রিড,pending,
curriculumPlan.exercises.word-flash-grid,Word Flash Grid,শব্দ ফ্ল্যাশ গ্রিড,pending,
curriculumPlan.exercises.image-flash-grid,Image Flash Grid,ছবি ফ্ল্যাশ গ্রিড,pending,
curriculumPlan.exercises.quantum-mental-rotation,Mental Object Rotation,মনে মনে বস্তু ঘোরানো,pending,
curriculumPlan.exercises.color-scene-transformation,Color & Scene Transformation Journey,রং ও দৃশ্য রূপান্তর যাত্রা,pending,
curriculumPlan.exercises.sensory-hologram-builder,Sensory Imagery Builder,Sensory Imagery Builder,pending,
curriculumPlan.exercises.calm-breathing,Calm Breathing,শান্ত শ্বাস,pending,
curriculumPlan.exercises.dynamic-chunk-sliding,Dynamic Chunk Sliding,ডায়নামিক চাঙ্ক স্লাইডিং,pending,
curriculumPlan.exercises.vertical-chunk-sliding,Vertical Chunk Sliding,ভার্টিক্যাল চাঙ্ক স্লাইডিং,pending,
curriculumPlan.exercises.flash-recall-sprint,Flash Recall & Retention Sprint,ফ্ল্যাশ রিকল ও মনে রাখার স্প্রিন্ট,pending,
curriculumPlan.exercises.vertical-flash-recall,Vertical Flash Recall & Retention Sprint,ভার্টিক্যাল ফ্ল্যাশ রিকল ও মনে রাখার স্প্রিন্ট,pending,
curriculumPlan.exercises.vertical-word-reading,Vertical Word Reading,উল্লম্ব শব্দ পড়া,pending,
curriculumPlan.exercises.phrase-reading-mode,Phrase Reading,শব্দগুচ্ছ পড়া,pending,
curriculumPlan.exercises.sentence-reading-mode,Sentence Reading,বাক্য পড়া,pending,
curriculumPlan.exercises.paragraph-reading-mode,Paragraph Reading,অনুচ্ছেদ পড়া,pending,
curriculumPlan.exercises.guided-paragraph-reading-mode,Guided Paragraph Reading,গাইডেড অনুচ্ছেদ পড়া,pending,
curriculumPlan.exercises.subvocalization-destroyer,Inner Voice Control,মনের কণ্ঠস্বর নিয়ন্ত্রণ,pending,
curriculumPlan.exercises.photographic-reading,Visual Memory Reading,দৃষ্টি-স্মৃতি পড়া,pending,
curriculumPlan.exercises.dual-stream-split-reader,Dual-Stream Split Reader,ডুয়াল-স্ট্রিম স্প্লিট রিডার,pending,
curriculumPlan.exercises.phrase-reading,Phrase Reading (Idea Recognition),শব্দগুচ্ছ পড়া (ভাবনা চেনা),pending,
curriculumPlan.exercises.multi-line-reading,Multi-Line Reading,একাধিক লাইন পড়া,pending,
curriculumPlan.exercises.sentence-reading,Sentence Reading (Idea Recognition),বাক্য পড়া (ভাবনা চেনা),pending,
curriculumPlan.exercises.paragraph-reading,Paragraph Reading (Meaning Block Recognition),অনুচ্ছেদ পড়া (অর্থের খণ্ড চেনা),pending,
curriculumPlan.exercises.word-flash,Rapid Recognition Drill,Rapid Recognition Drill,pending,
curriculumPlan.exercises.number-flash,Number Flash,Number Flash,pending,
curriculumPlan.exercises.symbol-flash,Symbol Flash,Symbol Flash,pending,
curriculumPlan.exercises.mixed-flash,Mixed Flash,Mixed Flash,pending,
curriculumPlan.exercises.peripheral-flash,Peripheral Flash,Peripheral Flash,pending,
curriculumPlan.exercises.progressive-chunk-reading,Progressive Chunk Reading,প্রগ্রেসিভ চাঙ্ক রিডিং,pending,
dashboard.greeting.morning,Good morning,সুপ্রভাত,pending,
dashboard.greeting.afternoon,Good afternoon,শুভ দুপুর,pending,
dashboard.greeting.evening,Good evening,শুভ সন্ধ্যা,pending,
dashboard.greeting.welcomeBack,Welcome back,আবার স্বাগতম,pending,
dashboard.greeting.line,"{greeting}, {name}","{greeting}, {name}",pending,
dashboard.greeting.fallbackName,there,বন্ধু,pending,
dashboard.program.complete,30-day plan complete — use Practice again on any day to keep your skills sharp.,30 দিনের প্ল্যান সম্পূর্ণ — দক্ষতা ধারালো রাখতে যেকোনো দিন আবার অনুশীলন করুন।,pending,
dashboard.program.progress,Day {day} of {total} · {done} days complete,{total} দিনের মধ্যে দিন {day} · {done} দিন সম্পূর্ণ,pending,
dashboard.documentStudio.eyebrow,Tier 1 · Utility Hub,টিয়ার 1 · ইউটিলিটি হাব,pending,
dashboard.documentStudio.description,"Drop any PDF, textbook or research paper. Our AI turns it into Smart Reading drills, Mind Maps and Neural Map Notes.","যেকোনো PDF, পাঠ্যবই বা গবেষণাপত্র দিন। আমাদের AI সেটিকে Smart Reading ড্রিল, মাইন্ড ম্যাপ আর Neural Map Notes-এ বদলে দেয়।",pending,
dashboard.flagship.eyebrow,Tier 3 · Flagship Program,টিয়ার 3 · ফ্ল্যাগশিপ প্রোগ্রাম,pending,
dashboard.flagship.description,A structured 30-day path with live classes.,লাইভ ক্লাস সহ 30 দিনের একটি সুসংগঠিত পথ।,pending,
dashboard.mindScore.breakdown,Mind Score breakdown,Mind Score-এর বিশদ,pending,
dashboard.mindScore.reading,Reading,পড়া,pending,
dashboard.mindScore.memory,Memory,স্মৃতি,pending,
dashboard.mindScore.focus,Focus,মনোযোগ,pending,
dashboard.streak.one,Current streak: {count} day,বর্তমান স্ট্রিক: {count} দিন,pending,
dashboard.streak.many,Current streak: {count} days,বর্তমান স্ট্রিক: {count} দিন,pending,
dashboard.curriculumCard.progress,Your curriculum progress,আপনার পাঠ্যক্রমের অগ্রগতি,pending,
dashboard.curriculumCard.dayTheme,Day {day} — {title},দিন {day} — {title},pending,
dashboard.curriculumCard.readyDay1,Ready to begin Day 1,দিন 1 শুরু করার জন্য তৈরি,pending,
dashboard.curriculumCard.percentComplete,{percent}% of the 30 days complete,30 দিনের {percent}% সম্পূর্ণ,pending,
dashboard.curriculumCard.openCurriculum,Open curriculum,পাঠ্যক্রম খুলুন,pending,
dashboard.curriculumCard.continueDay,Continue Day {day},দিন {day} চালিয়ে যান,pending,
dashboard.curriculumCard.startDay1,Start Day 1,দিন 1 শুরু করুন,pending,
dashboard.viewToggle.student,Student view,ছাত্রছাত্রীর ভিউ,pending,
dashboard.viewToggle.parent,Parent analytics,অভিভাবকের বিশ্লেষণ,pending,
dashboard.habit.journeyDay,Day {day} of your {program}.,আপনার {program}-এর দিন {day}।,pending,
dashboard.habit.programOutcome,"Read faster with understanding, focus longer, remember more — measured from your own Day 1 to Day 30.","বুঝে দ্রুত পড়ুন, বেশিক্ষণ মনোযোগ ধরে রাখুন, বেশি মনে রাখুন — আপনার নিজের প্রথম দিন থেকে 30তম দিন পর্যন্ত মাপা।",pending,
dashboard.habit.programFormat,Online · 7 live classes + 30 days of app practice.,অনলাইন · 7টি লাইভ ক্লাস + 30 দিনের অ্যাপ অনুশীলন।,pending,
dashboard.journeyCard.skills,Reading · Quick Choice · Visual Focus · Visualisation,পড়া · দ্রুত বাছাই · দৃষ্টি-মনোযোগ · কল্পনা,pending,
dashboard.journeyCard.continue,Continue →,চালিয়ে যান →,pending,
dashboard.journeyCard.begin,Begin →,শুরু করুন →,pending,
dashboard.journeyCard.dayCompleted,"Day {day}, completed","দিন {day}, সম্পূর্ণ",pending,
dashboard.journeyCard.dayUnlocked,"Day {day}, unlocked","দিন {day}, খোলা",pending,
dashboard.journeyCard.dayLocked,"Day {day}, locked, part of the {program}","দিন {day}, বন্ধ, {program}-এর অংশ",pending,
dashboard.liveClasses.title,Live Classes & Mentorship,লাইভ ক্লাস ও মেন্টরশিপ,pending,
dashboard.liveClasses.intro,"Your live class schedule, class recordings and direct access to your mentor.","আপনার লাইভ ক্লাসের সময়সূচি, ক্লাসের রেকর্ডিং আর আপনার মেন্টরের সঙ্গে সরাসরি যোগাযোগ।",pending,
dashboard.liveClasses.tabClasses,Live classes,লাইভ ক্লাস,pending,
dashboard.liveClasses.tabParents,Parents Dashboard,অভিভাবক ড্যাশবোর্ড,pending,
dashboard.liveClasses.next,Next live class,পরের লাইভ ক্লাস,pending,
dashboard.liveClasses.none,No live class is scheduled right now. Check back soon.,এই মুহূর্তে কোনো লাইভ ক্লাস ঠিক হয়নি। শীঘ্রই আবার দেখুন।,pending,
dashboard.liveClasses.dateTba,Date to be announced,তারিখ শীঘ্রই জানানো হবে,pending,
dashboard.liveClasses.join,Join live class,লাইভ ক্লাসে যোগ দিন,pending,
dashboard.liveClasses.withMentor,with {name},{name}-এর সঙ্গে,pending,
dashboard.liveClasses.recordings,Class recordings,ক্লাসের রেকর্ডিং,pending,
dashboard.liveClasses.noRecordings,No recordings yet.,এখনও কোনো রেকর্ডিং নেই।,pending,
dashboard.liveClasses.watch,Watch recording,রেকর্ডিং দেখুন,pending,
dashboard.liveClasses.mentorTitle,Direct mentor guidance,মেন্টরের সরাসরি নির্দেশনা,pending,
dashboard.liveClasses.mentorBody,"Questions about a class, a practice day or your progress? Message Dr. Kapil directly.","কোনো ক্লাস, অনুশীলনের দিন বা আপনার অগ্রগতি নিয়ে প্রশ্ন আছে? Dr. Kapil-কে সরাসরি মেসেজ করুন।",pending,
dashboard.liveClasses.mentorCta,Message Dr. Kapil,Dr. Kapil-কে মেসেজ করুন,pending,
docWidget.badge,Document Mastery Studio,Document Mastery Studio,pending,
docWidget.includedWith,Included with the {program},{program}-এর সঙ্গে অন্তর্ভুক্ত,pending,
docWidget.unlockTitle,Unlock Document Mastery Studio,Document Mastery Studio খুলুন,pending,
docWidget.unlockDesc,"Included with the {program} — turn any PDF, textbook or article into speed-reading drills, mind maps and smart summaries.","{program}-এর সঙ্গে অন্তর্ভুক্ত — যেকোনো PDF, পাঠ্যবই বা প্রবন্ধকে স্পিড-রিডিং ড্রিল, মাইন্ড ম্যাপ আর স্মার্ট সারাংশে বদলে দিন।",pending,
docWidget.steps.readingDocument,Reading document content…,ডকুমেন্টের বিষয়বস্তু পড়া হচ্ছে…,pending,
docWidget.steps.buildingNotes,Building Neural Map Notes & AI Summary…,Neural Map Notes ও AI সারাংশ তৈরি হচ্ছে…,pending,
docWidget.steps.preparingSession,Preparing your session…,আপনার সেশন তৈরি হচ্ছে…,pending,
docWidget.steps.fetchingArticle,Fetching article content…,প্রবন্ধের বিষয়বস্তু আনা হচ্ছে…,pending,
docWidget.steps.fetchingTranscript,Fetching transcript…,ট্রান্সক্রিপ্ট আনা হচ্ছে…,pending,
docWidget.steps.generatingMaps,Generating mind maps…,মাইন্ড ম্যাপ তৈরি হচ্ছে…,pending,
docWidget.previewOf,Preview of {name},{name}-এর প্রিভিউ,pending,
docWidget.replaceFile,Replace {name},{name} বদলান,pending,
docWidget.removeFile,Remove {name},{name} সরান,pending,
docWidget.generateIn,Generate in,এই ভাষায় তৈরি করুন,pending,
docWidget.generateInLabel,Language for generated study material,তৈরি হওয়া পড়ার উপকরণের ভাষা,pending,
docWidget.inputMethod,Choose input method,ইনপুটের ধরন বেছে নিন,pending,
docWidget.uploadFile,Upload file,ফাইল আপলোড করুন,pending,
docWidget.pasteUrl,Paste URL / YouTube,URL / YouTube পেস্ট করুন,pending,
docWidget.urlPlaceholder,"Paste a YouTube video, article or web link…","একটি YouTube ভিডিও, প্রবন্ধ বা ওয়েব লিঙ্ক পেস্ট করুন…",pending,
docWidget.urlLabel,"YouTube video, article or web link","YouTube ভিডিও, প্রবন্ধ বা ওয়েব লিঙ্ক",pending,
docWidget.transformUrl,Transform URL,URL রূপান্তর করুন,pending,
docWidget.somethingWrong,Something went wrong. Please try again.,কিছু একটা ভুল হয়েছে। আবার চেষ্টা করুন।,pending,
docWidget.youtubeVideo,YouTube video,YouTube ভিডিও,pending,
docWidget.webArticle,Web article,ওয়েব প্রবন্ধ,pending,
docWidget.uploadDocument,Upload a document,একটি ডকুমেন্ট আপলোড করুন,pending,
docWidget.uploadHint,PDF · Word · Text · Image — tap or drop,PDF · Word · টেক্সট · ছবি — ট্যাপ করুন বা টেনে আনুন,pending,
docWidget.recentDocument,Recent document,সাম্প্রতিক ডকুমেন্ট,pending,
docWidget.fileTooLarge,This file is too large for instant processing. Please choose a file up to {size}.,এই ফাইলটি তাৎক্ষণিক প্রক্রিয়ার জন্য খুব বড়। {size} পর্যন্ত একটি ফাইল বেছে নিন।,pending,
docWidget.transformFile,Transform into study material,পড়ার উপকরণে রূপান্তর করুন,pending,
docWidget.dropTitle,"Drop PDFs, Word files, text files or images/notes here","PDF, Word ফাইল, টেক্সট ফাইল বা ছবি/নোট এখানে টেনে আনুন",pending,
docWidget.dropSubtitle,or click to browse,অথবা ক্লিক করে খুঁজুন,pending,
docWidget.dropHelper,PDF · Word (.docx) · Text · PNG/JPEG,PDF · Word (.docx) · টেক্সট · PNG/JPEG,pending,
docWidget.cancelUpload,Cancel upload,আপলোড বাতিল করুন,pending,
docWidget.preparingProject,Preparing your Learning Project…,আপনার Learning Project তৈরি হচ্ছে…,pending,
docWidget.uploading,Uploading… {percent}%,আপলোড হচ্ছে… {percent}%,pending,
docWidget.dropDefaultTitle,Bring your knowledge here,আপনার জ্ঞান এখানে আনুন,pending,
docWidget.historyTitle,Document History™,Document History™,pending,
docWidget.historyDesc,"Reopen a past upload — no new AI call, no extra cost.","আগের কোনো আপলোড আবার খুলুন — নতুন AI কল নয়, বাড়তি খরচ নয়।",pending,
docWidget.historyEmpty,No documents yet — transform your first one to see it here.,এখনও কোনো ডকুমেন্ট নেই — প্রথমটি রূপান্তর করলে এখানে দেখতে পাবেন।,pending,
enrol.enrolNow,Enrol now · {price},এখনই ভর্তি হন · {price},pending,
enrol.earlyBirdFor,Early-bird for the {date} batch,{date} ব্যাচের আর্লি-বার্ড অফার,pending,
enrol.endsIn,ends in,শেষ হবে,pending,
enrol.endsOn,Ends {deadline},শেষ {deadline},pending,
enrol.regularLine,Next batch starts {date},পরের ব্যাচ শুরু {date},pending,
enrol.oneTime,One-time payment,এককালীন পেমেন্ট,pending,
enrol.perDay,≈ {price} a day for 30 days,30 দিনের জন্য দিনে ≈ {price},pending,
enrol.chooseBatch,Choose your batch,আপনার ব্যাচ বেছে নিন,pending,
enrol.batchOption,Starts {date},শুরু {date},pending,
enrol.earlyBirdTag,Early-bird,আর্লি-বার্ড,pending,
enrol.offerTag,Your test offer,আপনার টেস্ট অফার,pending,
enrol.seatsLeft,{n} seats per batch,প্রতি ব্যাচে {n}টি আসন,pending,
enrol.redirecting,Opening secure checkout…,সুরক্ষিত চেকআউট খোলা হচ্ছে…,pending,
enrol.emailLabel,Your email,আপনার ইমেল,pending,
enrol.emailHint,Use the email you will sign in to the app with — your access is linked to it.,যে ইমেল দিয়ে আপনি অ্যাপে সাইন ইন করবেন সেটি দিন — আপনার অ্যাক্সেস এর সঙ্গে যুক্ত থাকবে।,pending,
enrol.nameLabel,Name (optional),নাম (ঐচ্ছিক),pending,
enrol.secure,Secure checkout via Razorpay,Razorpay-এর মাধ্যমে সুরক্ষিত চেকআউট,pending,
enrol.errors.invalid_email,Please enter a valid email address.,একটি সঠিক ইমেল ঠিকানা লিখুন।,pending,
enrol.errors.batch_closed,That batch has just closed for enrolment. Please choose the next one.,এই ব্যাচে ভর্তি এইমাত্র বন্ধ হয়েছে। অনুগ্রহ করে পরের ব্যাচটি বেছে নিন।,pending,
enrol.errors.unavailable,Online checkout is not available for this price right now. Please message us on WhatsApp and we will send your payment link.,"এই দামে এখন অনলাইন চেকআউট পাওয়া যাচ্ছে না। আমাদের WhatsApp-এ মেসেজ করুন, আমরা আপনাকে পেমেন্ট লিঙ্ক পাঠাব।",pending,
enrol.errors.rate_limited,Too many attempts. Please wait a minute and try again.,অনেকবার চেষ্টা করা হয়েছে। এক মিনিট অপেক্ষা করে আবার চেষ্টা করুন।,pending,
enrol.whatsappEnrol,"Hi, I want to enrol in the Sharp Brain 30-Day Program (batch starting {date}, {price}). Please send me the payment link.","নমস্কার, আমি Sharp Brain 30-Day Program-এ ভর্তি হতে চাই ({date} থেকে শুরু হওয়া ব্যাচ, {price})। অনুগ্রহ করে পেমেন্ট লিঙ্ক পাঠান।",pending,
enrol.chatOnWhatsapp,Chat on WhatsApp,WhatsApp-এ চ্যাট করুন,pending,
enrol.units.d,d,দি,pending,
enrol.units.h,h,ঘ,pending,
enrol.units.m,m,মি,pending,
enrol.units.s,s,সে,pending,
exercises.exit,Exit,বেরিয়ে যান,pending,
exercises.exitExercise,Exit exercise,অনুশীলন থেকে বেরিয়ে যান,pending,
exercises.whyItWorks,Why this drill works,এই ড্রিল কেন কাজ করে,pending,
exercises.locked.title,{title} is locked,{title} বন্ধ আছে,pending,
exercises.locked.body,These exercises build on each other in order. Finish the ones before this one first.,এই অনুশীলনগুলি ক্রমানুসারে একটির ওপর আরেকটি গড়ে ওঠে। আগে এর আগের গুলি শেষ করুন।,pending,
exercises.locked.goTo,Go to {name},{name}-এ যান,pending,
exercises.locked.backToLab,Back to Lab,Lab-এ ফিরে যান,pending,
exercises.rsvp.mode,RSVP Mode™,RSVP Mode™,pending,
exercises.rsvp.speed,Speed: {wpm} WPM,গতি: {wpm} WPM,pending,
exercises.questions.correct,Correct!,সঠিক!,pending,
exercises.questions.notQuite,Not quite — it was “{answer}”.,পুরোপুরি হয়নি — উত্তর ছিল “{answer}”।,pending,
exercises.stats.round,Round,রাউন্ড,pending,
exercises.stats.score,Score,স্কোর,pending,
exercises.stats.streak,Streak,স্ট্রিক,pending,
exercises.stats.accuracy,Accuracy,নির্ভুলতা,pending,
exercises.stats.time,Time,সময়,pending,
exercises.stats.energy,Energy,শক্তি,pending,
exercises.stats.stability,Stability,স্থিরতা,pending,
exercises.stats.hitRate,Hit rate,সফলতার হার,pending,
exercises.stats.bestScore,Best score,সেরা স্কোর,pending,
exercises.stats.elapsed,{time} elapsed,{time} পেরিয়েছে,pending,
exercises.stats.streakMultiplier,Streak multiplier ×{n},স্ট্রিক গুণক ×{n},pending,
exercises.stats.bestStreak,Best streak,সেরা স্ট্রিক,pending,
exercises.stats.bestAccuracyAllTime,Best accuracy (all-time),সেরা নির্ভুলতা (সর্বকালের),pending,
exercises.stats.bestStreakAllTime,Best streak (all-time),সেরা স্ট্রিক (সর্বকালের),pending,
exercises.stats.roundsPlayed,Rounds played,খেলা রাউন্ড,pending,
exercises.stats.bestScoreAllTime,Best score (all-time),সেরা স্কোর (সর্বকালের),pending,
exercises.stats.level,Level,লেভেল,pending,
exercises.stats.lives,Lives,জীবন,pending,
exercises.stats.points,Points,পয়েন্ট,pending,
exercises.stats.totalPoints,Total points,মোট পয়েন্ট,pending,
exercises.stats.speed,Speed,গতি,pending,
exercises.stats.wpm,WPM,WPM,pending,
exercises.stats.comprehension,Comprehension,বোঝা,pending,
exercises.stats.readingPace,Reading pace,পড়ার গতি,pending,
exercises.stats.targetWpm,Target WPM,লক্ষ্য WPM,pending,
exercises.stats.warmingUp,Warming up…,প্রস্তুত হচ্ছে…,pending,
exercises.stats.wpmValue,{wpm} wpm,{wpm} wpm,pending,
exercises.complete.sprintComplete,Sprint complete.,স্প্রিন্ট সম্পূর্ণ।,pending,
exercises.complete.playAgain,Play again,আবার খেলুন,pending,
exercises.complete.backToLab,Back to Lab,Lab-এ ফিরে যান,pending,
exercises.complete.continue,Continue,চালিয়ে যান,pending,
exercises.complete.continueSession,Continue session →,সেশন চালিয়ে যান →,pending,
exercises.complete.sessionComplete,Session complete,সেশন সম্পূর্ণ,pending,
exercises.start,Start,শুরু করুন,pending,
exercises.colorSync.desc,A colour name flashes in a different ink colour. Tap the colour that matches the WORD or the INK — the round tells you which.,একটি রঙের নাম অন্য রঙের কালিতে ঝলকে ওঠে। শব্দ অথবা কালি — রাউন্ড যেটি বলে — তার সঙ্গে মেলে এমন রঙে ট্যাপ করুন।,pending,
exercises.colorSync.why,"This trains the classic Stroop conflict — your brain learns to stop reading the word on autopilot and follow the instruction instead. You get just {seconds}s per round, a streak multiplier, and a bonus for fast correct answers. {rounds} rounds per sprint — half ask for the word, half for the ink.","এটি বিখ্যাত Stroop দ্বন্দ্বের অনুশীলন — আপনার মস্তিষ্ক শেখে অভ্যাসবশে শব্দ পড়া থামিয়ে নির্দেশ মেনে চলতে। প্রতি রাউন্ডে মাত্র {seconds} সেকেন্ড, স্ট্রিক গুণক আর দ্রুত সঠিক উত্তরের বোনাস। প্রতি স্প্রিন্টে {rounds}টি রাউন্ড — অর্ধেকে শব্দ, অর্ধেকে কালির রং।",pending,
exercises.colorSync.matchWord,Match the WORD it spells,শব্দটি যে রং বলছে তা মেলান,pending,
exercises.colorSync.matchInk,Match the INK colour,কালির রং মেলান,pending,
exercises.colorSync.stimulusLabel,the word {word} painted in {ink} ink,{ink} কালিতে লেখা শব্দ {word},pending,
exercises.colorSync.correctPoints,Correct! +{points} points,সঠিক! +{points} পয়েন্ট,pending,
exercises.colorSync.correctPointsFast,Correct! +{points} points (fast bonus!),সঠিক! +{points} পয়েন্ট (দ্রুততার বোনাস!),pending,
exercises.colorSync.notQuite,Not quite — it was {answer}.,পুরোপুরি হয়নি — উত্তর ছিল {answer}।,pending,
exercises.colorSync.answer,Answer: {answer},উত্তর: {answer},pending,
exercises.colorSync.complete,Sync complete,সিঙ্ক সম্পূর্ণ,pending,
exercises.colorSync.nice,Nice colour-word control.,রং-শব্দের ওপর চমৎকার নিয়ন্ত্রণ।,pending,
exercises.colorSync.flawless,Flawless sync! +{bonus} bonus included.,নিখুঁত সিঙ্ক! +{bonus} বোনাস সহ।,pending,
exercises.colorSync.syncAccuracy,Sync accuracy,সিঙ্কের নির্ভুলতা,pending,
exercises.colorSync.correctMatches,Correct matches,সঠিক মিল,pending,
exercises.colorSync.totalPoints,Total points,মোট পয়েন্ট,pending,
exercises.colorSync.bestStreak,Best streak,সেরা স্ট্রিক,pending,
exercises.colorSync.fastestReaction,Fastest reaction,দ্রুততম প্রতিক্রিয়া,pending,
exercises.colorSync.bestAccuracyAllTime,Best accuracy (all-time),সেরা নির্ভুলতা (সর্বকালের),pending,
exercises.colorSync.bestStreakAllTime,Best streak (all-time),সেরা স্ট্রিক (সর্বকালের),pending,
exercises.runner.previous,Previous,আগের,pending,
exercises.runner.exitToLab,Exit to Lab,Lab-এ বেরিয়ে যান,pending,
exercises.runner.continueTo,Continue: {name},চালিয়ে যান: {name},pending,
exercises.runner.backToDashboard,Back to Dashboard,ড্যাশবোর্ডে ফিরে যান,pending,
exercises.defs.fixation-reduction.description,Let's train your eyes to cover the same line in fewer stops.,"চলুন, কম থেমে একই লাইন পড়তে চোখকে অভ্যস্ত করি।",pending,
exercises.defs.fixation-reduction.duration,About 40 seconds,প্রায় 40 সেকেন্ড,pending,
exercises.defs.fixation-reduction.posture,"Sit comfortably. Follow the highlighted point — let your eyes jump, not drift.","আরাম করে বসুন। হাইলাইট করা বিন্দু অনুসরণ করুন — চোখকে লাফাতে দিন, ভেসে বেড়াতে নয়।",pending,
exercises.defs.fixation-reduction.doneTitle,You're covering more ground per glance.,প্রতি নজরে আপনি আরও বেশি জায়গা ধরছেন।,pending,
exercises.defs.fixation-reduction.doneLine,"Fewer stops, same line — that ease will carry into your reading.","কম থামা, একই লাইন — এই স্বাচ্ছন্দ্য আপনার পড়ায় থেকে যাবে।",pending,
exercises.dotMemory.desc,"A group of glowing dots flashes on the grid — remember where they are, then tap them from memory. {rounds} rounds, each a little harder than the last.","গ্রিডে একগুচ্ছ উজ্জ্বল বিন্দু ঝলকে ওঠে — সেগুলি কোথায় ছিল মনে রাখুন, তারপর স্মৃতি থেকে ট্যাপ করুন। {rounds}টি রাউন্ড, প্রতিটি আগেরটির চেয়ে একটু কঠিন।",pending,
exercises.dotMemory.memorize,Remember the glowing dots.,উজ্জ্বল বিন্দুগুলি মনে রাখুন।,pending,
exercises.dotMemory.recall,Tap the cells you remember.,যে ঘরগুলি মনে আছে সেগুলিতে ট্যাপ করুন।,pending,
exercises.dotMemory.nice,Nice spatial recall.,জায়গা মনে রাখায় চমৎকার।,pending,
exercises.wordFlash.desc,"Short words flash quickly on the grid. Remember where each one was and what it said, then pick each one.","গ্রিডে ছোট ছোট শব্দ দ্রুত ঝলকে ওঠে। প্রতিটি কোথায় ছিল আর কী লেখা ছিল মনে রাখুন, তারপর একে একে বেছে নিন।",pending,
exercises.wordFlash.memorize,Remember the words and their cells.,শব্দগুলি আর তাদের ঘর মনে রাখুন।,pending,
exercises.wordFlash.pickWord,Pick the word you remember for that cell.,ওই ঘরের জন্য যে শব্দটি মনে আছে সেটি বেছে নিন।,pending,
exercises.wordFlash.tapCell,"Tap a cell you remember, then pick its word.","যে ঘরটি মনে আছে তাতে ট্যাপ করুন, তারপর তার শব্দটি বেছে নিন।",pending,
exercises.wordFlash.whichWord,Cell {n}: which word was there?,ঘর {n}: সেখানে কোন শব্দ ছিল?,pending,
exercises.wordFlash.nice,Nice word-and-place recall.,শব্দ আর জায়গা মনে রাখায় চমৎকার।,pending,
exercises.common.gridSize,Grid size,গ্রিডের মাপ,pending,
exercises.common.gridCell,Grid cell {n},গ্রিডের ঘর {n},pending,
exercises.common.missed,Here is what you missed.,এগুলি আপনার চোখ এড়িয়ে গেছে।,pending,
exercises.common.correctPlacements,Correct placements,সঠিক জায়গা,pending,
exercises.common.preparing,Preparing…,তৈরি হচ্ছে…,pending,
exercises.common.finish,Finish,শেষ করুন,pending,
exercises.calmBalance.desc,"Two opposite energies — heavy Earth & Gold and light Air & Water — pull against each other. Hold “Ground It” or “Lift It” to stop the drift and keep them in balance. {rounds} rounds, each with a tighter balance and a stronger drift than the last.","দুটি বিপরীত শক্তি — ভারী মাটি ও সোনা আর হালকা বাতাস ও জল — একে অপরকে টানে। ঢলে পড়া থামাতে আর ভারসাম্য রাখতে “Ground It” বা “Lift It” চেপে ধরুন। {rounds}টি রাউন্ড, প্রতিটিতে ভারসাম্য আরও সূক্ষ্ম আর টান আরও জোরালো।",pending,
exercises.calmBalance.holdGround,Hold Ground It to correct,ঠিক করতে Ground It চেপে ধরুন,pending,
exercises.calmBalance.holdLift,Hold Lift It to correct,ঠিক করতে Lift It চেপে ধরুন,pending,
exercises.calmBalance.balanced,Perfectly balanced,নিখুঁত ভারসাম্য,pending,
exercises.calmBalance.earthGold,Earth & Gold,মাটি ও সোনা,pending,
exercises.calmBalance.energyBeam,Energy Beam,শক্তির রশ্মি,pending,
exercises.calmBalance.airWater,Air & Water,বাতাস ও জল,pending,
exercises.calmBalance.groundIt,⬇ Ground It,⬇ Ground It,pending,
exercises.calmBalance.liftIt,⬆ Lift It,⬆ Lift It,pending,
exercises.calmBalance.harmony,Harmony achieved,সামঞ্জস্য এসেছে,pending,
exercises.calmBalance.harmonyLine,"{rounds} rounds of Earth, Gold, Air & Water — balanced.","মাটি, সোনা, বাতাস ও জলের {rounds}টি রাউন্ড — ভারসাম্যে।",pending,
exercises.calmBalance.overallStability,Overall stability,সামগ্রিক স্থিরতা,pending,
exercises.calmBalance.perfectRoundStreak,Perfect round streak,নিখুঁত রাউন্ডের স্ট্রিক,pending,
exercises.calmBalance.balanceTime,Balance time,ভারসাম্যের সময়,pending,
exercises.calmBalance.bestStabilityAllTime,Best stability (all-time),সেরা স্থিরতা (সর্বকালের),pending,
exercises.sound.soundscapeOn,Soundscape on,সাউন্ডস্কেপ চালু,pending,
exercises.sound.soundscapeOff,Soundscape off,সাউন্ডস্কেপ বন্ধ,pending,
exercises.sound.mute,Mute,মিউট,pending,
exercises.sound.unmute,Unmute,আনমিউট,pending,
exercises.sound.volume,Volume,ভলিউম,pending,
exercises.sound.volumeLabel,Ambient soundscape volume,পটভূমির সাউন্ডস্কেপের ভলিউম,pending,
exercises.sound.pause,Pause,বিরতি,pending,
exercises.sound.resume,Resume,আবার শুরু,pending,
exercises.sound.restart,Restart,নতুন করে শুরু,pending,
exercises.innerVoice.desc,A very fast stream of words — faster than your inner voice can keep up with. 3 quick questions then check what you remember.,খুব দ্রুত শব্দের স্রোত — আপনার মনের কণ্ঠস্বর যতটা তাল রাখতে পারে তার চেয়েও দ্রুত। তারপর 3টি ছোট প্রশ্নে দেখুন কী মনে আছে।,pending,
exercises.innerVoice.todaysReading,Today’s reading: {topic},আজকের পড়া: {topic},pending,
exercises.innerVoice.reading,Reading: {topic},পড়া: {topic},pending,
exercises.innerVoice.perfect,"Perfect recall — you caught every key idea, without the inner voice.",নিখুঁত মনে রাখা — মনের কণ্ঠস্বর ছাড়াই আপনি প্রতিটি মূল ভাবনা ধরেছেন।,pending,
exercises.innerVoice.solid,Good understanding — most of it stayed with you even at high speed.,ভালো বোঝা — উচ্চ গতিতেও বেশিরভাগটাই মনে রয়ে গেছে।,pending,
exercises.innerVoice.again,Worth another try — a few key ideas slipped by at this speed.,আরেকবার চেষ্টা করার মতো — এই গতিতে কয়েকটি মূল ভাবনা ফসকে গেছে।,pending,
exercises.innerVoice.streamComplete,Fast word stream complete.,দ্রুত শব্দের স্রোত সম্পূর্ণ।,pending,
exercises.innerVoice.streamCompleteScore,Fast word stream complete — you remembered {score}/{total}.,দ্রুত শব্দের স্রোত সম্পূর্ণ — আপনি {total}টির মধ্যে {score}টি মনে রেখেছেন।,pending,
exercises.quiz.retentionCheck,Memory check,স্মৃতি যাচাই,pending,
exercises.quiz.youScored,You scored {score} / {total},আপনার স্কোর {score} / {total},pending,
exercises.quiz.questionOf,{topic} · Question {n} of {total},{topic} · প্রশ্ন {n} / {total},pending,
exercises.quiz.correct,Correct!,সঠিক!,pending,
exercises.quiz.notQuite,Not quite — the correct answer is shown above.,পুরোপুরি হয়নি — সঠিক উত্তর ওপরে দেখানো হয়েছে।,pending,
exercises.quiz.seeResults,See results,ফলাফল দেখুন,pending,
exercises.quiz.nextQuestion,Next question,পরের প্রশ্ন,pending,
exercises.quiz.continue,Continue,চালিয়ে যান,pending,
exercises.quiz.niceWork,Nice work.,দারুণ কাজ।,pending,
exercises.quiz.almostThere,Almost there.,প্রায় হয়ে গেছে।,pending,
exercises.quiz.correctOf,{correct} of {total} correct,{total}টির মধ্যে {correct}টি সঠিক,pending,
exercises.quiz.needToContinue,{correct} of {total} correct — need {need} to continue.,{total}টির মধ্যে {correct}টি সঠিক — চালিয়ে যেতে {need}টি দরকার।,pending,
exercises.quiz.nextAt,Next — {wpm} WPM,এরপর — {wpm} WPM,pending,
exercises.quiz.tryAgain,Try again,আবার চেষ্টা করুন,pending,
exercises.quiz.checkUnderstanding,Check your understanding,আপনার বোঝা যাচাই করুন,pending,
exercises.quiz.questionN,Question {n} of {total},প্রশ্ন {n} / {total},pending,
exercises.reading.avgPace,Average reading pace,গড় পড়ার গতি,pending,
exercises.reading.wordsRead,Words read,পড়া শব্দ,pending,
exercises.reading.completion,Completion,সম্পূর্ণতা,pending,
exercises.reading.bestRecord,Best record,সেরা রেকর্ড,pending,
exercises.reading.bestRecordValue,{wpm} WPM,{wpm} WPM,pending,
exercises.reading.readAgain,Read again,আবার পড়ুন,pending,
exercises.schulte.desc,"A 5×5 grid of mixed-up numbers. Find and tap 1 to 25 in order, as fast as you can.",এলোমেলো সংখ্যার একটি 5×5 গ্রিড। যত দ্রুত পারেন 1 থেকে 25 পর্যন্ত ক্রমানুসারে খুঁজে ট্যাপ করুন।,pending,
exercises.schulte.why,A quick warm-up for visual focus and side vision before a reading session.,পড়ার সেশনের আগে দৃষ্টি-মনোযোগ আর পাশের দৃষ্টির একটি দ্রুত ওয়ার্ম-আপ।,pending,
exercises.schulte.next,Next,পরের,pending,
exercises.schulte.mistakes,Mistakes,ভুল,pending,
exercises.schulte.complete,Grid complete,গ্রিড সম্পূর্ণ,pending,
exercises.schulte.nice,"Nice, focused search.","চমৎকার, মনোযোগী খোঁজ।",pending,
exercises.schulte.totalTime,Total time,মোট সময়,pending,
exercises.schulte.bestTime,Best time,সেরা সময়,pending,
exercises.schulte.numbersFound,Numbers found,পাওয়া সংখ্যা,pending,
exercises.result.trainingComplete,Training complete,ট্রেনিং সম্পূর্ণ,pending,
exercises.result.activated,{ability} activated.,{ability} সক্রিয় হয়েছে।,pending,
exercises.result.correct,Correct,সঠিক,pending,
exercises.result.speed,Speed,গতি,pending,
exercises.result.score,Score,স্কোর,pending,
exercises.result.avgReaction,Avg reaction,গড় প্রতিক্রিয়া,pending,
exercises.result.trainAgain,Train again,আবার ট্রেনিং করুন,pending,
exercises.result.continueNext,Continue to next step,পরের ধাপে চালিয়ে যান,pending,
exercises.result.backToDashboard,Back to Dashboard,ড্যাশবোর্ডে ফিরে যান,pending,
exercises.result.fastest,Fastest response: {time},দ্রুততম উত্তর: {time},pending,
exercises.result.nextSession,Next session: {ms}ms · {level},পরের সেশন: {ms}ms · {level},pending,
exercises.result.coach.top,Excellent — both accuracy and speed are outstanding.,চমৎকার — নির্ভুলতা আর গতি দুটোই অসাধারণ।,pending,
exercises.result.coach.great,Excellent recognition.,চমৎকার চেনা।,pending,
exercises.result.coach.strong,Strong performance. Your visual processing is getting sharper.,জোরালো পারফরম্যান্স। আপনার দৃষ্টি-প্রক্রিয়া আরও ধারালো হচ্ছে।,pending,
exercises.result.coach.good,Good start. Regular practice builds the skill.,ভালো শুরু। নিয়মিত অনুশীলনে দক্ষতা গড়ে ওঠে।,pending,
exercises.result.coach.keepGoing,Keep going — it will click with repetition.,চালিয়ে যান — বারবার করলে সহজ হয়ে যাবে।,pending,
exercises.result.rec.increase,Excellent accuracy. Next time each flash is shorter: {ms}ms.,চমৎকার নির্ভুলতা। পরের বার প্রতিটি ঝলক আরও ছোট: {ms}ms।,pending,
exercises.result.rec.increaseDetail,You are at the {level} level. Keep it steady.,আপনি {level} লেভেলে আছেন। এভাবেই স্থির রাখুন।,pending,
exercises.result.rec.decrease,Taking more time builds stronger recognition. Next time: {ms}ms.,বেশি সময় নিলে চেনার ক্ষমতা আরও মজবুত হয়। পরের বার: {ms}ms।,pending,
exercises.result.rec.decreaseDetail,Accuracy matters more than speed right now.,এই মুহূর্তে গতির চেয়ে নির্ভুলতা বেশি জরুরি।,pending,
exercises.result.rec.again,Another session at {ms}ms will make it stick.,{ms}ms-এ আরেকটি সেশন করলে এটা পাকা হবে।,pending,
exercises.result.rec.againDetail,Get 70% or more regularly to move up.,ওপরে উঠতে নিয়মিত 70% বা তার বেশি পান।,pending,
exercises.result.rec.different,Great consistency — try a different exercise to train your brain in a new way.,দারুণ নিয়মিততা — মস্তিষ্ককে নতুনভাবে অনুশীলন করাতে অন্য একটি অনুশীলন চেষ্টা করুন।,pending,
exercises.result.rec.maintain,Good session. Regular practice builds real skill.,ভালো সেশন। নিয়মিত অনুশীলনে আসল দক্ষতা গড়ে ওঠে।,pending,
exercises.result.rec.maintainDetail,{accuracy}% accuracy at {ms}ms.,{ms}ms-এ {accuracy}% নির্ভুলতা।,pending,
exercises.phrase.tagline,"Read ideas, not words","শব্দ নয়, ভাবনা পড়ুন",pending,
exercises.phrase.intro,Recognise complete ideas instead of reading word by word.,শব্দে শব্দে পড়ার বদলে পুরো ভাবনা চিনুন।,pending,
exercises.phrase.todaysGoal,Today’s goal,আজকের লক্ষ্য,pending,
exercises.phrase.currentLevel,Current level,বর্তমান লেভেল,pending,
exercises.phrase.phraseLength,Phrase length,শব্দগুচ্ছের দৈর্ঘ্য,pending,
exercises.phrase.mission,Mission,মিশন,pending,
exercises.phrase.estimatedTime,Estimated time,আনুমানিক সময়,pending,
exercises.phrase.about3,About 3 minutes,প্রায় 3 মিনিট,pending,
exercises.phrase.brainSkill,Brain skill,মস্তিষ্কের দক্ষতা,pending,
exercises.phrase.readingBenefit,Reading benefit,পড়ায় লাভ,pending,
exercises.phrase.advancedPhrases,{n} advanced phrases,{n}টি উন্নত শব্দগুচ্ছ,pending,
exercises.phrase.meaningfulPhrases,{n} meaningful phrases,{n}টি অর্থপূর্ণ শব্দগুচ্ছ,pending,
exercises.phrase.level5Needs,Level 5 needs {percent}% correct,লেভেল 5-এর জন্য {percent}% সঠিক দরকার,pending,
exercises.phrase.levelNeeds,Level {level} needs {pass} of {total} Brain Challenges correct,লেভেল {level}-এর জন্য {total}টির মধ্যে {pass}টি Brain Challenge সঠিক দরকার,pending,
exercises.phrase.missionN, · Mission {n}, · মিশন {n},pending,
exercises.phrase.startMission,Start mission,মিশন শুরু করুন,pending,
exercises.phrase.missionHud,Mission {mission} • Level {level},মিশন {mission} • লেভেল {level},pending,
exercises.phrase.phraseLengthHud,Phrase length: {length},শব্দগুচ্ছের দৈর্ঘ্য: {length},pending,
exercises.phrase.levelMap,Level map: currently on Level {level} of 5,লেভেল ম্যাপ: এখন 5-এর মধ্যে লেভেল {level}-এ,pending,
exercises.phrase.levelOf5,Level {level} of 5,লেভেল {level} / 5,pending,
exercises.phrase.levelComplete,Level {level} complete,লেভেল {level} সম্পূর্ণ,pending,
exercises.phrase.levelN,Level {level},লেভেল {level},pending,
exercises.phrase.unlockNext,🔓 Level {level},🔓 লেভেল {level},pending,
exercises.phrase.lockedNext,🔒 Level {level},🔒 লেভেল {level},pending,
exercises.phrase.allLevels,🏆 All levels complete,🏆 সব লেভেল সম্পূর্ণ,pending,
exercises.phrase.continueNextLevel,Continue to next level,পরের লেভেলে চালিয়ে যান,pending,
exercises.phrase.viewResults,View results,ফলাফল দেখুন,pending,
exercises.phrase.need,Need {percent}%,{percent}% দরকার,pending,
exercises.phrase.brainChallenge,Brain Challenge,Brain Challenge,pending,
exercises.phrase.paused,Mission paused,মিশন থেমে আছে,pending,
exercises.phrase.pausedAccuracy,{percent}% accuracy,{percent}% নির্ভুলতা,pending,
exercises.phrase.todaysAchievement,Today’s achievement:,আজকের সাফল্য:,pending,
exercises.phrase.readingGain,Estimated reading gain:,আনুমানিক পড়ার উন্নতি:,pending,
exercises.phrase.establishing,Establishing baseline,শুরুর মাপ নেওয়া হচ্ছে,pending,
exercises.phrase.gainWpm,{sign}{n} WPM,{sign}{n} WPM,pending,
exercises.phrase.readiness,Reading readiness:,পড়ার প্রস্তুতি:,pending,
exercises.phrase.nextMission,Next mission:,পরের মিশন:,pending,
exercises.pause,Pause,বিরতি,pending,
exercises.resume,Resume,আবার শুরু,pending,
exercises.pauseExercise,Pause exercise,অনুশীলন থামান,pending,
exercises.resumeExercise,Resume exercise,অনুশীলন আবার শুরু করুন,pending,
exercises.labels.10_12_words,10-12 Words,10-12টি শব্দ,pending,
exercises.labels.12_16_words,12-16 Words,12-16টি শব্দ,pending,
exercises.labels.16_22_words,16-22 Words,16-22টি শব্দ,pending,
exercises.labels.2_words,2 Words,2টি শব্দ,pending,
exercises.labels.3_words,3 Words,3টি শব্দ,pending,
exercises.labels.4_words,4 Words,4টি শব্দ,pending,
exercises.labels.5_words,5 Words,5টি শব্দ,pending,
exercises.labels.6_8_words,6-8 Words,6-8টি শব্দ,pending,
exercises.labels.8_10_words,8-10 Words,8-10টি শব্দ,pending,
exercises.labels.a_real_measurement_total_words_shown_divided_by_total_readin,A real measurement — total words shown divided by total reading time — compared with your last session.,একটি আসল মাপ — মোট দেখানো শব্দ ভাগ মোট পড়ার সময় — আপনার আগের সেশনের সঙ্গে তুলনা করা।,pending,
exercises.labels.accelerating,Accelerating,গতি বাড়ছে,pending,
exercises.labels.accuracy,Accuracy,নির্ভুলতা,pending,
exercises.labels.accuracy_weighted_toward_deep_understanding_questions_like_m,Accuracy weighted toward deep-understanding questions like Main Idea and Inference.,মূল ভাবনা ও অনুমানের মতো গভীর বোঝার প্রশ্নে বেশি গুরুত্ব দিয়ে মাপা নির্ভুলতা।,pending,
exercises.labels.activate_your_mind,Activate Your Mind,আপনার মনকে সক্রিয় করুন,pending,
exercises.labels.advanced,Advanced,উন্নত,pending,
exercises.labels.advanced_phrase_reading,Advanced Phrase Reading,উন্নত শব্দগুচ্ছ পড়া,pending,
exercises.labels.advanced_phrase_reading_6_8_word_phrases_with_richer_cross_p,"Advanced Phrase Reading — 6-8 word phrases with richer, cross-pool challenges.","উন্নত শব্দগুচ্ছ পড়া — 6-8 শব্দের শব্দগুচ্ছ, আরও সমৃদ্ধ ও মিশ্র চ্যালেঞ্জ সহ।",pending,
exercises.labels.average_response_time,Average Response Time,গড় উত্তরের সময়,pending,
exercises.labels.avg_reaction,Avg reaction,গড় প্রতিক্রিয়া,pending,
exercises.labels.avg_response,Avg Response,গড় উত্তর,pending,
exercises.labels.avg_response_time,Avg Response Time,গড় উত্তরের সময়,pending,
exercises.labels.back_to_lab,Back to Lab →,Lab-এ ফিরে যান →,pending,
exercises.labels.begin,Begin,শুরু করুন,pending,
exercises.labels.begin_reading,Begin Reading,পড়া শুরু করুন,pending,
exercises.labels.beginner,Beginner,শিক্ষানবিশ,pending,
exercises.labels.beginning,Beginning,শুরু,pending,
exercises.labels.best_streak,Best Streak,সেরা স্ট্রিক,pending,
exercises.labels.blends_recognition_accuracy_with_whether_your_reading_pace_i,Blends recognition accuracy with whether your reading pace increased.,চেনার নির্ভুলতা আর পড়ার গতি বেড়েছে কি না — দুটো মিলিয়ে।,pending,
exercises.labels.brain_performance,Brain Performance,মস্তিষ্কের পারফরম্যান্স,pending,
exercises.labels.brain_xp,Brain XP,Brain XP,pending,
exercises.labels.building,Building,গড়ে উঠছে,pending,
exercises.labels.building_comprehension,Building Comprehension,বোঝা গড়ে উঠছে,pending,
exercises.labels.building_consistency,Building Consistency,নিয়মিততা গড়ে উঠছে,pending,
exercises.labels.building_momentum,Building Momentum,গতি গড়ে উঠছে,pending,
exercises.labels.choose_the_best_title,Choose the best title.,সবচেয়ে ভালো শিরোনামটি বেছে নিন।,pending,
exercises.labels.chunk_recognition_strengthened,Chunk Recognition Strengthened,চাঙ্ক চেনা মজবুত হয়েছে,pending,
exercises.labels.cognitive_training_points_earned_this_session,Cognitive training points earned this session.,এই সেশনে অর্জিত মানসিক অনুশীলনের পয়েন্ট।,pending,
exercises.labels.complete_thoughts_are_landing_in_a_single_glance,Complete thoughts are landing in a single glance.,এক নজরেই পুরো ভাবনা ধরা পড়ছে।,pending,
exercises.labels.complete_your_first_session_to_begin_scoring,Complete your first session to begin scoring,স্কোর শুরু করতে আপনার প্রথম সেশন সম্পূর্ণ করুন,pending,
exercises.labels.complex_ideas,Complex Ideas,জটিল ভাবনা,pending,
exercises.labels.complex_sentences_multiple_details_one_central_idea,"Complex sentences — multiple details, one central idea.","জটিল বাক্য — অনেক খুঁটিনাটি, একটি মূল ভাবনা।",pending,
exercises.labels.comprehension,Comprehension,বোঝা,pending,
exercises.labels.comprehension_accuracy,Comprehension Accuracy,বোঝার নির্ভুলতা,pending,
exercises.labels.comprehension_is_staying_reliable_as_sentences_grow_longer,Comprehension is staying reliable as sentences grow longer.,বাক্য লম্বা হলেও বোঝা নির্ভরযোগ্য থাকছে।,pending,
exercises.labels.comprehension_of_the_exact_wording_is_the_priority_before_pa,Comprehension of the exact wording is the priority before pace increases further.,গতি আরও বাড়ানোর আগে হুবহু শব্দ বোঝাই অগ্রাধিকার।,pending,
exercises.labels.comprehension_speed_increased,Comprehension Speed Increased,বোঝার গতি বেড়েছে,pending,
exercises.labels.comprehension_strengthened,Comprehension Strengthened,বোঝা মজবুত হয়েছে,pending,
exercises.labels.connected,Connected,যুক্ত,pending,
exercises.labels.consistency,Consistency,নিয়মিততা,pending,
exercises.labels.consistency_streak_momentum,Consistency & Streak Momentum,নিয়মিততা ও স্ট্রিকের গতি,pending,
exercises.labels.consistent_practice_is_keeping_your_mind_active,Consistent practice is keeping your mind active,নিয়মিত অনুশীলন আপনার মনকে সক্রিয় রাখছে,pending,
exercises.labels.continue,Continue →,চালিয়ে যান →,pending,
exercises.labels.continue_to_next_mission,Continue to Next Mission,পরের মিশনে চালিয়ে যান,pending,
exercises.labels.continue_to_next_step,Continue to Next Step,পরের ধাপে চালিয়ে যান,pending,
exercises.labels.correct,Correct,সঠিক,pending,
exercises.labels.correct_answers,Correct Answers,সঠিক উত্তর,pending,
exercises.labels.current_level,Current Level,বর্তমান লেভেল,pending,
exercises.labels.developing,Developing,বিকশিত হচ্ছে,pending,
exercises.labels.elite,Elite,এলিট,pending,
exercises.labels.estimated_reading_speed_gain,Estimated Reading Speed Gain,আনুমানিক পড়ার গতির উন্নতি,pending,
exercises.labels.excellent,Excellent,চমৎকার,pending,
exercises.labels.excellent_idea_recognition,Excellent Idea Recognition.,চমৎকার ভাবনা চেনা।,pending,
exercises.labels.excellent_meaning_recognition,Excellent Meaning Recognition.,চমৎকার অর্থ চেনা।,pending,
exercises.labels.excellent_progress,Excellent Progress,চমৎকার অগ্রগতি,pending,
exercises.labels.exceptional_consistency_and_mastery,Exceptional consistency and mastery,অসাধারণ নিয়মিততা ও দক্ষতা,pending,
exercises.labels.exceptional_your_progress_is_accelerating,Exceptional — your progress is accelerating,অসাধারণ — আপনার অগ্রগতি দ্রুত হচ্ছে,pending,
exercises.labels.expert,Expert,বিশেষজ্ঞ,pending,
exercises.labels.extended_phrase_fragments_longer_wording_still_never_a_full_,"Extended phrase fragments — longer wording, still never a full sentence.","বড় শব্দগুচ্ছের অংশ — লম্বা শব্দবন্ধ, তবু কখনও পূর্ণ বাক্য নয়।",pending,
exercises.labels.extended_phrases,Extended Phrases,বড় শব্দগুচ্ছ,pending,
exercises.labels.fast,Fast,দ্রুত,pending,
exercises.labels.first_ideas,First Ideas,প্রথম ভাবনা,pending,
exercises.labels.flash_speed,Flash Speed,ঝলকের গতি,pending,
exercises.labels.fluent_recognition,Fluent Recognition,সাবলীল চেনা,pending,
exercises.labels.focus,Focus,মনোযোগ,pending,
exercises.labels.focus_center,Focus Center,মনোযোগের কেন্দ্র,pending,
exercises.labels.focus_on_identifying_the_main_idea_faster,Focus on identifying the main idea faster.,মূল ভাবনা আরও দ্রুত চেনায় মন দিন।,pending,
exercises.labels.focus_on_recognising_the_whole_idea_not_each_word,"Focus on recognising the whole idea, not each word.","প্রতিটি শব্দ নয়, পুরো ভাবনা চেনায় মন দিন।",pending,
exercises.labels.foundation,Foundation,ভিত,pending,
exercises.labels.full_idea_mastery,Full Idea Mastery,পূর্ণ ভাবনায় দক্ষতা,pending,
exercises.labels.full_idea_recall_is_still_catching_up_to_this_sentence_lengt,Full-idea recall is still catching up to this sentence length.,এই বাক্যের দৈর্ঘ্যে পুরো ভাবনা মনে রাখা এখনও তাল ধরছে।,pending,
exercises.labels.full_length_sentences_complete_idea_mastery_in_a_single_visu,Full-length sentences — complete idea mastery in a single visual span.,পূর্ণ দৈর্ঘ্যের বাক্য — এক নজরেই পুরো ভাবনায় দক্ষতা।,pending,
exercises.labels.fuller_sentences_recognizing_the_idea_without_reading_every_,Fuller sentences — recognizing the idea without reading every word.,আরও পূর্ণ বাক্য — প্রতিটি শব্দ না পড়েও ভাবনাটি চেনা।,pending,
exercises.labels.get_ready,Get Ready,তৈরি হোন,pending,
exercises.labels.go,Go,শুরু,pending,
exercises.labels.good,Good,ভালো,pending,
exercises.labels.growing,Growing,বাড়ছে,pending,
exercises.labels.growing_consistently,Growing Consistently,নিয়মিত বাড়ছে,pending,
exercises.labels.health,Health,স্বাস্থ্য,pending,
exercises.labels.highest_chunk_size,Highest Chunk Size,সবচেয়ে বড় চাঙ্ক,pending,
exercises.labels.holding_the_complete_thought_in_mind_is_the_priority_before_,Holding the complete thought in mind is the priority before length increases further.,দৈর্ঘ্য আরও বাড়ানোর আগে পুরো ভাবনা মনে ধরে রাখাই অগ্রাধিকার।,pending,
exercises.labels.how_precisely_you_recognised_the_exact_idea_not_just_the_top,"How precisely you recognised the exact idea, not just the topic.","শুধু বিষয় নয়, ঠিক ভাবনাটি আপনি কতটা নিখুঁতভাবে চিনেছেন।",pending,
exercises.labels.how_quickly_you_resolved_each_brain_challenge_active_compreh,"How quickly you resolved each Brain Challenge — active comprehension speed, not reading pace.","প্রতিটি Brain Challenge আপনি কত দ্রুত সমাধান করেছেন — সক্রিয় বোঝার গতি, পড়ার গতি নয়।",pending,
exercises.labels.how_reliably_you_grasped_each_paragraph_as_one_whole_meaning,How reliably you grasped each paragraph as one whole meaning block.,প্রতিটি অনুচ্ছেদকে একটি পূর্ণ অর্থের খণ্ড হিসেবে আপনি কতটা নির্ভরযোগ্যভাবে ধরেছেন।,pending,
exercises.labels.how_reliably_you_located_content_across_a_multi_line_paragra,How reliably you located content across a multi-line paragraph.,একাধিক লাইনের অনুচ্ছেদে বিষয়বস্তু আপনি কতটা নির্ভরযোগ্যভাবে খুঁজে পেয়েছেন।,pending,
exercises.labels.how_reliably_you_recognised_each_chapter_s_central_idea,How reliably you recognised each chapter's central idea.,প্রতিটি অধ্যায়ের মূল ভাবনা আপনি কতটা নির্ভরযোগ্যভাবে চিনেছেন।,pending,
exercises.labels.idea_processing_improved,Idea Processing Improved,ভাবনা প্রক্রিয়াকরণ উন্নত হয়েছে,pending,
exercises.labels.idea_processing_is_holding_steady_at_this_pace,Idea processing is holding steady at this pace.,এই গতিতে ভাবনা প্রক্রিয়াকরণ স্থির থাকছে।,pending,
exercises.labels.idea_processing_speed_increased_this_session,Idea processing speed increased this session.,এই সেশনে ভাবনা প্রক্রিয়াকরণের গতি বেড়েছে।,pending,
exercises.labels.idea_recognition,Idea Recognition,ভাবনা চেনা,pending,
exercises.labels.idea_recognition_and_rapid_meaning_processing,Idea recognition and rapid meaning processing,ভাবনা চেনা ও দ্রুত অর্থ প্রক্রিয়াকরণ,pending,
exercises.labels.idea_recognition_becoming_automatic,Idea Recognition Becoming Automatic,ভাবনা চেনা স্বয়ংক্রিয় হয়ে উঠছে,pending,
exercises.labels.idea_recognition_is_becoming_automatic,Idea recognition is becoming automatic.,ভাবনা চেনা স্বয়ংক্রিয় হয়ে উঠছে।,pending,
exercises.labels.idea_recognition_is_forming_consistency_will_follow_with_pra,Idea recognition is forming — consistency will follow with practice.,ভাবনা চেনা তৈরি হচ্ছে — অনুশীলনে নিয়মিততা আসবে।,pending,
exercises.labels.idea_recognition_strengthened,Idea Recognition Strengthened,ভাবনা চেনা মজবুত হয়েছে,pending,
exercises.labels.instant_numerical_recognition,Instant numerical recognition,তাৎক্ষণিক সংখ্যা চেনা,pending,
exercises.labels.instant_visual_symbol_recognition,Instant visual symbol recognition,তাৎক্ষণিক দৃশ্য-চিহ্ন চেনা,pending,
exercises.labels.instant_word_recognition,Instant word recognition,তাৎক্ষণিক শব্দ চেনা,pending,
exercises.labels.intermediate,Intermediate,মাঝারি,pending,
exercises.labels.just_beginning,Just Beginning,সবে শুরু,pending,
exercises.labels.keep_showing_up_daily,Keep showing up daily,প্রতিদিন আসতে থাকুন,pending,
exercises.labels.language_processing,Language Processing,ভাষা প্রক্রিয়াকরণ,pending,
exercises.labels.language_processing_faster,Language Processing Faster,ভাষা প্রক্রিয়াকরণ দ্রুততর,pending,
exercises.labels.language_processing_is_becoming_faster,Language processing is becoming faster.,ভাষা প্রক্রিয়াকরণ দ্রুততর হচ্ছে।,pending,
exercises.labels.learning_focused_phrases_recognising_complete_ideas_not_just,"Learning-focused phrases — recognising complete ideas, not just words.","শেখার উপযোগী শব্দগুচ্ছ — শুধু শব্দ নয়, পুরো ভাবনা চেনা।",pending,
exercises.labels.learning_phrases,Learning Phrases,শেখার শব্দগুচ্ছ,pending,
exercises.labels.levels_completed,Levels Completed,সম্পূর্ণ লেভেল,pending,
exercises.labels.line_tracking,Line Tracking,লাইন অনুসরণ,pending,
exercises.labels.line_tracking_strengthened,Line Tracking Strengthened,লাইন অনুসরণ মজবুত হয়েছে,pending,
exercises.labels.meaning_block_recognition_and_whole_paragraph_comprehension,Meaning block recognition and whole-paragraph comprehension,অর্থের খণ্ড চেনা ও পুরো অনুচ্ছেদ বোঝা,pending,
exercises.labels.meaning_recognition,Meaning Recognition,অর্থ চেনা,pending,
exercises.labels.meaning_recognition_and_language_processing,Meaning recognition and language processing,অর্থ চেনা ও ভাষা প্রক্রিয়াকরণ,pending,
exercises.labels.meaning_recognition_improved,Meaning Recognition Improved,অর্থ চেনা উন্নত হয়েছে,pending,
exercises.labels.meaning_recognition_is_forming_consistency_will_follow_with_,Meaning recognition is forming — consistency will follow with practice.,অর্থ চেনা তৈরি হচ্ছে — অনুশীলনে নিয়মিততা আসবে।,pending,
exercises.labels.meaning_recognition_is_holding_steady,Meaning recognition is holding steady.,অর্থ চেনা স্থির থাকছে।,pending,
exercises.labels.meaning_recognition_strengthened,Meaning Recognition Strengthened,অর্থ চেনা মজবুত হয়েছে,pending,
exercises.labels.meaning_rich,Meaning-Rich,অর্থসমৃদ্ধ,pending,
exercises.labels.meaning_rich_phrases_precise_recognition_among_near_identica,Meaning-rich phrases — precise recognition among near-identical wording.,অর্থসমৃদ্ধ শব্দগুচ্ছ — প্রায় একই রকম শব্দবন্ধের মধ্যে নিখুঁত চেনা।,pending,
exercises.labels.mission_ready,Mission Ready,মিশনের জন্য তৈরি,pending,
exercises.labels.mission_score,Mission Score,মিশন স্কোর,pending,
exercises.labels.multi_word_visual_span,Multi-word visual span,একাধিক শব্দের দৃষ্টি-পরিসর,pending,
exercises.labels.nature,Nature,প্রকৃতি,pending,
exercises.labels.neural_retraining,Neural Retraining,Neural Retraining,pending,
exercises.labels.neural_retraining_index,Neural Retraining Index,Neural Retraining Index,pending,
exercises.labels.next_mission,Next Mission →,পরের মিশন →,pending,
exercises.labels.numerical_recognition_sharpened,Numerical Recognition Sharpened,সংখ্যা চেনা ধারালো হয়েছে,pending,
exercises.labels.pace,Pace,গতি,pending,
exercises.labels.pattern_recognition_sharpened,Pattern Recognition Sharpened,প্যাটার্ন চেনা ধারালো হয়েছে,pending,
exercises.labels.peak_performance,Peak Performance,সর্বোচ্চ পারফরম্যান্স,pending,
exercises.labels.precision_is_still_catching_up_to_this_pace,Precision is still catching up to this pace.,এই গতিতে নির্ভুলতা এখনও তাল ধরছে।,pending,
exercises.labels.prepare,Prepare,প্রস্তুতি,pending,
exercises.labels.preparing_next_image,Preparing Next Image...,পরের ছবি তৈরি হচ্ছে...,pending,
exercises.labels.processing_speed,Processing Speed,প্রক্রিয়াকরণের গতি,pending,
exercises.labels.psychology,Psychology,মনোবিজ্ঞান,pending,
exercises.labels.reaction_time,Reaction Time,প্রতিক্রিয়ার সময়,pending,
exercises.labels.reading_fluency,Reading Fluency,পড়ার সাবলীলতা,pending,
exercises.labels.reading_fluency_improved,Reading Fluency Improved,পড়ার সাবলীলতা উন্নত হয়েছে,pending,
exercises.labels.reading_fluency_increased_this_session,Reading fluency increased this session.,এই সেশনে পড়ার সাবলীলতা বেড়েছে।,pending,
exercises.labels.reading_intelligence,Reading Intelligence,Reading Intelligence,pending,
exercises.labels.reading_pace,Reading Pace,পড়ার গতি,pending,
exercises.labels.reading_rhythm_holding_steady_at_this_pace,Reading rhythm holding steady at this pace.,এই গতিতে পড়ার ছন্দ স্থির থাকছে।,pending,
exercises.labels.reading_speed,Reading Speed,পড়ার গতি,pending,
exercises.labels.reading_speed_wpm_growth,Reading Speed (WPM Growth),পড়ার গতি (WPM বৃদ্ধি),pending,
exercises.labels.ready_to_advance,Ready to Advance,এগোনোর জন্য তৈরি,pending,
exercises.labels.recognition_accuracy,Recognition Accuracy,চেনার নির্ভুলতা,pending,
exercises.labels.recognition_speed_increased,Recognition Speed Increased,চেনার গতি বেড়েছে,pending,
exercises.labels.recognition_switching_and_cognitive_flexibility,Recognition switching and cognitive flexibility,চেনার মধ্যে দ্রুত বদল ও মানসিক নমনীয়তা,pending,
exercises.labels.recognition_switching_strengthened,Recognition Switching Strengthened,চেনার মধ্যে বদল মজবুত হয়েছে,pending,
exercises.labels.recovering,Recovering,আবার গতি ফিরছে,pending,
exercises.labels.replay_mission,Replay Mission,মিশন আবার খেলুন,pending,
exercises.labels.retry_mission,Retry Mission,মিশন আবার চেষ্টা করুন,pending,
exercises.labels.science,Science,বিজ্ঞান,pending,
exercises.labels.score,Score,স্কোর,pending,
exercises.labels.session_completed,Session Completed,সেশন সম্পূর্ণ,pending,
exercises.labels.short_action_phrases_the_foundation_of_instant_meaning_recog,Short action phrases — the foundation of instant meaning recognition.,ছোট কাজের শব্দগুচ্ছ — তাৎক্ষণিক অর্থ চেনার ভিত।,pending,
exercises.labels.short_direct_sentences_the_foundation_of_instant_idea_recogn,"Short, direct sentences — the foundation of instant idea recognition.","ছোট, সরল বাক্য — তাৎক্ষণিক ভাবনা চেনার ভিত।",pending,
exercises.labels.simple,Simple,সহজ,pending,
exercises.labels.simple_actions,Simple Actions,সহজ কাজ,pending,
exercises.labels.slightly_longer_sentences_holding_one_complete_thought_in_mi,Slightly longer sentences — holding one complete thought in mind.,একটু লম্বা বাক্য — একটি পূর্ণ ভাবনা মনে ধরে রাখা।,pending,
exercises.labels.solid_habits_are_forming,Solid habits are forming,মজবুত অভ্যাস গড়ে উঠছে,pending,
exercises.labels.spatial_reading_eye_navigation_and_line_tracking,"Spatial reading, eye navigation, and line tracking","জায়গা ধরে পড়া, চোখের চলাচল ও লাইন অনুসরণ",pending,
exercises.labels.speed,Speed,গতি,pending,
exercises.labels.stable,Stable,স্থির,pending,
exercises.labels.start_new_session,Start New Session,নতুন সেশন শুরু করুন,pending,
exercises.labels.steady,Steady,স্থির,pending,
exercises.labels.strong_progress,Strong Progress,জোরালো অগ্রগতি,pending,
exercises.labels.sustained_reading_rhythm_at_an_expanding_chunk_size,Sustained reading rhythm at an expanding chunk size,বাড়তে থাকা চাঙ্কে টানা পড়ার ছন্দ,pending,
exercises.labels.technology,Technology,প্রযুক্তি,pending,
exercises.labels.the_highest_level_you_have_reached_in_progressive_chunk_read,"The highest level you have reached in Progressive Chunk Reading, including today.",আজ সহ Progressive Chunk Reading-এ আপনার পৌঁছানো সর্বোচ্চ লেভেল।,pending,
exercises.labels.the_highest_level_you_reached_this_session,The highest level you reached this session.,এই সেশনে আপনার পৌঁছানো সর্বোচ্চ লেভেল।,pending,
exercises.labels.the_largest_chunk_size_you_read_this_session,The largest chunk size you read this session.,এই সেশনে আপনার পড়া সবচেয়ে বড় চাঙ্ক।,pending,
exercises.labels.the_longest_run_of_consecutive_correct_answers_this_session,The longest run of consecutive correct answers this session.,এই সেশনে পরপর সঠিক উত্তরের দীর্ঘতম ধারা।,pending,
exercises.labels.the_share_of_all_brain_challenge_questions_answered_correctl,The share of all Brain Challenge questions answered correctly.,সব Brain Challenge প্রশ্নের মধ্যে সঠিক উত্তরের অংশ।,pending,
exercises.labels.the_share_of_brain_challenges_answered_correctly,The share of Brain Challenges answered correctly.,Brain Challenge-এ সঠিক উত্তরের অংশ।,pending,
exercises.labels.theme_mastery,Theme Mastery,বিষয়ে দক্ষতা,pending,
exercises.labels.this_phrase_is_mainly_about,This phrase is mainly about:,এই শব্দগুচ্ছ মূলত কী নিয়ে:,pending,
exercises.labels.track_it,Track It,অনুসরণ করুন,pending,
exercises.labels.train_again,Train Again,আবার ট্রেনিং করুন,pending,
exercises.labels.training_complete,Training Complete™,Training Complete™,pending,
exercises.labels.very_good,Very Good,খুব ভালো,pending,
exercises.labels.visual_recall,Visual Recall,দৃষ্টি-স্মৃতি,pending,
exercises.labels.visual_span_and_peripheral_awareness,Visual span and peripheral awareness,দৃষ্টি-পরিসর ও পাশের দৃষ্টি,pending,
exercises.labels.visual_span_expanded,Visual Span Expanded,দৃষ্টি-পরিসর বেড়েছে,pending,
exercises.labels.visualization,Visualization,কল্পনা,pending,
exercises.labels.visualization_depth,Visualization Depth,কল্পনার গভীরতা,pending,
exercises.labels.what_caused_this,What caused this?,এর কারণ কী?,pending,
exercises.labels.what_does_it_mean,What does it mean?,এর অর্থ কী?,pending,
exercises.labels.what_was_the_main_idea,What was the main idea?,মূল ভাবনা কী ছিল?,pending,
exercises.labels.what_was_the_phrase_mainly_about,What was the phrase mainly about?,শব্দগুচ্ছটি মূলত কী নিয়ে ছিল?,pending,
exercises.labels.what_was_today_s_topic,What was today's topic?,আজকের বিষয় কী ছিল?,pending,
exercises.labels.whether_your_reading_pace_held_or_increased_alongside_compre,Whether your reading pace held or increased alongside comprehension.,বোঝার সঙ্গে সঙ্গে আপনার পড়ার গতি ধরে ছিল নাকি বেড়েছে।,pending,
exercises.labels.which_ending_fits,Which ending fits?,কোন শেষটা মেলে?,pending,
exercises.labels.which_exact_phrase_did_you_read,Which exact phrase did you read?,ঠিক কোন শব্দগুচ্ছটি পড়েছিলেন?,pending,
exercises.labels.which_idea_was_not_mentioned,Which idea was NOT mentioned?,কোন ভাবনাটি উল্লেখ করা হয়নি?,pending,
exercises.labels.which_phrase_came_first,Which phrase came first?,কোন শব্দগুচ্ছটি আগে এসেছিল?,pending,
exercises.labels.which_phrase_completes_it,Which phrase completes it?,কোন শব্দগুচ্ছ এটি সম্পূর্ণ করে?,pending,
exercises.labels.which_phrase_has_the_same_meaning,Which phrase has the same meaning?,কোন শব্দগুচ্ছের অর্থ একই?,pending,
exercises.labels.which_sentence_best_summarizes_today_s_lesson,Which sentence best summarizes today's lesson?,কোন বাক্য আজকের পাঠের সবচেয়ে ভালো সারাংশ?,pending,
exercises.labels.which_sentence_came_first,Which sentence came first?,কোন বাক্যটি আগে এসেছিল?,pending,
exercises.labels.which_statement_is_true,Which statement is TRUE?,কোন বক্তব্যটি সত্য?,pending,
exercises.labels.which_statement_means_the_same,Which statement means the same?,কোন বক্তব্যের অর্থ একই?,pending,
exercises.labels.which_word_best_represents_the_phrase,Which word best represents the phrase?,কোন শব্দ শব্দগুচ্ছটিকে সবচেয়ে ভালো বোঝায়?,pending,
exercises.labels.which_word_completes_it,Which word completes it?,কোন শব্দ এটি সম্পূর্ণ করে?,pending,
exercises.labels.words_per_minute_across_every_paragraph_you_actually_read_th,Words per minute across every paragraph you actually read this session.,"এই সেশনে আপনি আসলে যতগুলি অনুচ্ছেদ পড়েছেন, সবগুলি মিলিয়ে মিনিটে শব্দ।",pending,
exercises.labels.you_are_building_a_strong_mind_practice,You are building a strong mind practice,আপনি মনের জন্য একটি মজবুত অনুশীলন গড়ে তুলছেন,pending,
exercises.labels.you_are_consistently_grasping_the_complete_thought_not_just_,"You are consistently grasping the complete thought, not just isolated words.","আপনি নিয়মিত পুরো ভাবনাটি ধরছেন, শুধু আলাদা আলাদা শব্দ নয়।",pending,
exercises.labels.you_are_consistently_registering_the_exact_idea_not_just_the,"You are consistently registering the exact idea, not just the topic.","আপনি নিয়মিত ঠিক ভাবনাটি ধরছেন, শুধু বিষয়টি নয়।",pending,
exercises.labels.you_recognise_ideas_quickly,You recognise ideas quickly.,আপনি দ্রুত ভাবনা চেনেন।,pending,
exercises.labels.you_understand_concepts_quickly,You understand concepts quickly.,আপনি দ্রুত ধারণা বোঝেন।,pending,
exercises.labels.your_longest_run_of_consecutive_correct_answers_this_session,Your longest run of consecutive correct answers this session.,এই সেশনে আপনার পরপর সঠিক উত্তরের দীর্ঘতম ধারা।,pending,
exercises.labels.your_mind_is_performing_at_a_high_level,Your mind is performing at a high level,আপনার মন উঁচু মাত্রায় কাজ করছে,pending,
exercises.labels.your_mind_remembers_pick_up_where_you_left_off,Your mind remembers — pick up where you left off,আপনার মন মনে রেখেছে — যেখানে থেমেছিলেন সেখান থেকে শুরু করুন,pending,
exercises.labels.your_practice_is_paying_off,Your practice is paying off,আপনার অনুশীলনের ফল মিলছে,pending,
exercises.labels.your_transformation_is_ready_to_begin,Your transformation is ready to begin,আপনার রূপান্তর শুরু হওয়ার জন্য তৈরি,pending,
exercises.labels.your_transformation_starts_here,Your transformation starts here,আপনার রূপান্তর এখান থেকেই শুরু,pending,
exercises.sentence.intro,"Read a short themed chapter of full sentences, then recognise the whole idea.","পূর্ণ বাক্যের একটি ছোট বিষয়ভিত্তিক অধ্যায় পড়ুন, তারপর পুরো ভাবনাটি চিনুন।",pending,
exercises.sentence.todaysTopic,Today’s topic,আজকের বিষয়,pending,
exercises.sentence.thisChapter,This chapter,এই অধ্যায়,pending,
exercises.sentence.readingGoal,Reading goal,পড়ার লক্ষ্য,pending,
exercises.sentence.readCarefully,Read carefully — real questions about this chapter follow.,মন দিয়ে পড়ুন — এরপর এই অধ্যায় নিয়ে আসল প্রশ্ন আসবে।,pending,
exercises.sentence.chapterOf5,Chapter {level} of 5,অধ্যায় {level} / 5,pending,
exercises.sentence.levelTheme,Level {level} · {theme},লেভেল {level} · {theme},pending,
exercises.sentence.sentenceLengthHud,Sentence length: {length},বাক্যের দৈর্ঘ্য: {length},pending,
exercises.sentence.complexity,Sentence complexity,বাক্যের জটিলতা,pending,
exercises.sentence.complexityLabel,Sentence complexity: {label},বাক্যের জটিলতা: {label},pending,
exercises.sentence.stars,{n} out of 5 stars,5টির মধ্যে {n}টি তারা,pending,
exercises.sentence.nextRecommendation,Next recommendation:,পরের পরামর্শ:,pending,
exercises.sentence.themeMastered,{theme} mastered,{theme} আয়ত্ত হয়েছে,pending,
exercises.sentence.themeInProgress,{theme} in progress,{theme} চলছে,pending,
exercises.sentence.todaysGoal,Today’s goal,আজকের লক্ষ্য,pending,
exercises.sentence.goalValue,Understand complete ideas,পুরো ভাবনা বুঝুন,pending,
exercises.sentence.level,Level,লেভেল,pending,
exercises.sentence.sentenceLength,Sentence length,বাক্যের দৈর্ঘ্য,pending,
exercises.sentence.mission,Mission,মিশন,pending,
exercises.sentence.missionValue,1 chapter · 5 sentences,1টি অধ্যায় · 5টি বাক্য,pending,
exercises.sentence.brainTarget,Brain target,মস্তিষ্কের লক্ষ্য,pending,
exercises.sentence.brainTargetValue,Idea processing,ভাবনা প্রক্রিয়াকরণ,pending,
exercises.sentence.levelNeeds,Level {level} needs {percent}% correct,লেভেল {level}-এর জন্য {percent}% সঠিক দরকার,pending,
exercises.sentence.chapterComplete,Chapter {level} complete,অধ্যায় {level} সম্পূর্ণ,pending,
exercises.sentence.allCleared,🏆 All levels cleared,🏆 সব লেভেল পার,pending,
exercises.sentence.continue,Continue →,চালিয়ে যান →,pending,
exercises.sentence.viewResults,View results →,ফলাফল দেখুন →,pending,
exercises.sentence.readOnceMore,Read once more,আরেকবার পড়ুন,pending,
exercises.sentence.retry,Retry →,আবার চেষ্টা →,pending,
exercises.sentence.letsSee,Let’s see what you understood.,দেখা যাক আপনি কী বুঝলেন।,pending,
exercises.sentence.feedback1,Idea recognised,ভাবনা চেনা হয়েছে,pending,
exercises.sentence.feedback2,Great processing,দারুণ প্রক্রিয়াকরণ,pending,
exercises.sentence.feedback3,Strong understanding,মজবুত বোঝা,pending,
exercises.sentence.keepBuilding,Keep building,গড়ে তুলতে থাকুন,pending,
exercises.journey.title,Reading Journey,পড়ার যাত্রা,pending,
exercises.journey.current,Reading Journey: currently on {stage},পড়ার যাত্রা: এখন {stage}-এ,pending,
exercises.journey.word,Word,শব্দ,pending,
exercises.journey.chunk,Chunk,চাঙ্ক,pending,
exercises.journey.phrase,Phrase,শব্দগুচ্ছ,pending,
exercises.journey.multi-line,Multi-Line,একাধিক লাইন,pending,
exercises.journey.sentence,Sentence,বাক্য,pending,
exercises.journey.paragraph,Paragraph,অনুচ্ছেদ,pending,
exercises.journey.page,Page,পৃষ্ঠা,pending,
mentor.title,Dr. Kapil’s Note™,Dr. Kapil’s Note™,pending,
mentor.fallback.firstSession,"{name}, your first Mind Session is ready — every expert was once a beginner.","{name}, আপনার প্রথম Mind Session তৈরি — প্রত্যেক বিশেষজ্ঞই একদিন শিক্ষানবিশ ছিলেন।",pending,
mentor.fallback.streakToday,"{name}, your {streak}-day streak is real commitment — keep building on this momentum.","{name}, আপনার {streak} দিনের স্ট্রিক সত্যিকারের অঙ্গীকার — এই গতি ধরে রাখুন।",pending,
mentor.fallback.doneToday,"You’ve already shown up today, {name} — that’s how transformation happens.","{name}, আজ আপনি ইতিমধ্যেই অনুশীলন করেছেন — এভাবেই পরিবর্তন আসে।",pending,
mentor.fallback.streakReady,"{name}, your {streak}-day streak is proof — your mind is ready for today’s practice.","{name}, আপনার {streak} দিনের স্ট্রিকই প্রমাণ — আপনার মন আজকের অনুশীলনের জন্য তৈরি।",pending,
mentor.fallback.oneLeft,"{name}, you’re one day away from finishing your 30-day plan — today is the day.","{name}, আপনার 30 দিনের প্ল্যান শেষ করতে আর মাত্র একদিন বাকি — আজই সেই দিন।",pending,
mentor.fallback.progress,"{name}, you’ve completed {done} of {total} days — today’s session matters.","{name}, আপনি {total} দিনের মধ্যে {done} দিন সম্পূর্ণ করেছেন — আজকের সেশন গুরুত্বপূর্ণ।",pending,
nav.dashboard,Dashboard,ড্যাশবোর্ড,pending,
nav.history,History,ইতিহাস,pending,
nav.settings,Settings,সেটিংস,pending,
nav.documentStudio,Document Studio,ডকুমেন্ট স্টুডিও,pending,
nav.mainNavigation,Main navigation,প্রধান নেভিগেশন,pending,
nav.openNavigation,Open navigation,নেভিগেশন খুলুন,pending,
nav.account,Account,অ্যাকাউন্ট,pending,
nav.openAccountMenu,Open account menu,অ্যাকাউন্ট মেনু খুলুন,pending,
nav.profileSettings,Profile & Settings,প্রোফাইল ও সেটিংস,pending,
nav.subscription,Subscription,সাবস্ক্রিপশন,pending,
nav.support,Support,সহায়তা,pending,
nav.privacy,Privacy Policy,গোপনীয়তা নীতি,pending,
nav.terms,Terms of Service,পরিষেবার শর্তাবলী,pending,
nav.refund,Refund & Cancellation Policy,রিফান্ড ও বাতিল নীতি,pending,
nav.signOut,Sign out,সাইন আউট,pending,
nav.signingOut,Signing out…,সাইন আউট হচ্ছে…,pending,
nav.installApp,Install App,অ্যাপ ইনস্টল করুন,pending,
nav.toggleTheme,Toggle theme,থিম বদলান,pending,
nav.lightMode,Switch to light mode,লাইট মোডে যান,pending,
nav.darkMode,Switch to dark mode,ডার্ক মোডে যান,pending,
nav.liveClasses,Live Classes,লাইভ ক্লাস,pending,
nav.appTagline,AI Reading & Document Intelligence™,AI রিডিং ও ডকুমেন্ট ইন্টেলিজেন্স™,pending,
progress.subtitle,Your live brain score — updated after every session.,আপনার লাইভ ব্রেন স্কোর — প্রতিটি সেশনের পরে আপডেট হয়।,pending,
progress.overall,Overall intelligence,সামগ্রিক বুদ্ধিমত্তা,pending,
progress.scoreAria,"Mind Score {score} out of 1000, Reading Intelligence {reading} percent","Mind Score 1000-এর মধ্যে {score}, Reading Intelligence {reading} শতাংশ",pending,
progress.scoreProgress,Mind Score progress,Mind Score-এর অগ্রগতি,pending,
progress.dimensions,Intelligence dimensions,বুদ্ধিমত্তার দিকগুলি,pending,
progress.dimensionsAria,Mind intelligence dimensions,মনের বুদ্ধিমত্তার দিকগুলি,pending,
progress.outOf100,{label}: {score} out of 100,{label}: 100-এর মধ্যে {score},pending,
progress.notAttempted,{label}: not yet attempted,{label}: এখনও চেষ্টা করা হয়নি,pending,
progress.startNow,Start now,এখনই শুরু করুন,pending,
progress.notStarted,Not started yet,এখনও শুরু হয়নি,pending,
progress.vsPrior,{arrow} {n}% vs previous period,{arrow} আগের সময়ের তুলনায় {n}%,pending,
progress.totalSessions,Total sessions,মোট সেশন,pending,
progress.personalBest,Personal best,ব্যক্তিগত সেরা,pending,
progress.baseline,Baseline,শুরুর মাপ,pending,
progress.current,Current,বর্তমান,pending,
progress.best,Best,সেরা,pending,
progress.weekAria,Weekly activity: {n} of 7 days active.,সাপ্তাহিক কার্যকলাপ: 7 দিনের মধ্যে {n} দিন সক্রিয়।,pending,
progress.weekTrendUp, Practice is up {n}% versus last period., আগের সময়ের তুলনায় অনুশীলন {n}% বেড়েছে।,pending,
progress.weekTrendDown, Practice is down {n}% versus last period., আগের সময়ের তুলনায় অনুশীলন {n}% কমেছে।,pending,
progress.daySessions,"{day}: {n} sessions, {time}","{day}: {n}টি সেশন, {time}",pending,
progress.daySession,"{day}: 1 session, {time}","{day}: 1টি সেশন, {time}",pending,
progress.dayNone,{day}: no activity,{day}: কোনো কার্যকলাপ নেই,pending,
progress.greatestStrength,Greatest strength,সবচেয়ে বড় শক্তি,pending,
progress.needsImprovement,Needs improvement,উন্নতি দরকার,pending,
progress.fastestGrowing,Fastest growing,সবচেয়ে দ্রুত বাড়ছে,pending,
progress.mostConsistent,Most consistent,সবচেয়ে নিয়মিত,pending,
progress.emptyFirst,Complete your first session,আপনার প্রথম সেশন সম্পূর্ণ করুন,pending,
progress.emptyUnlock,Unlock more Labs to compare,তুলনা করতে আরও Labs খুলুন,pending,
progress.emptyKeep,Keep practising to see trends,প্রবণতা দেখতে অনুশীলন চালিয়ে যান,pending,
progress.emptyStreak,A 3-day streak unlocks this,3 দিনের স্ট্রিক হলে এটি খুলবে,pending,
progress.moduleComplete,30-day plan complete,30 দিনের প্ল্যান সম্পূর্ণ,pending,
progress.moduleCompleteBody,You’ve finished all 30 days. Use Practice again on any day to keep your skills sharp.,আপনি 30 দিনই সম্পূর্ণ করেছেন। দক্ষতা ধারালো রাখতে যেকোনো দিন আবার অনুশীলন করুন।,pending,
progress.highestImpact,Highest-impact practice,সবচেয়ে কার্যকর অনুশীলন,pending,
progress.minutes,~{n} minutes,~{n} মিনিট,pending,
progress.plusReading,+Reading Intelligence,+Reading Intelligence,pending,
progress.firstSession,Complete your first session to get a personal recommendation.,ব্যক্তিগত সুপারিশ পেতে আপনার প্রথম সেশন সম্পূর্ণ করুন।,pending,
progress.review,Review,পুনরালোচনা,pending,
progress.resumeX,Resume: {name},আবার শুরু: {name},pending,
progress.startX,Start: {name},শুরু করুন: {name},pending,
progress.continueX,Continue: {name},চালিয়ে যান: {name},pending,
progress.overallGrowth,Overall: {label},সামগ্রিক: {label},pending,
progress.weeklyAria,"{label}: {score} out of 100, {trend}","{label}: 100-এর মধ্যে {score}, {trend}",pending,
progress.trend.up,up,বাড়ছে,pending,
progress.trend.down,down,কমছে,pending,
progress.trend.stable,stable,স্থির,pending,
progress.trend.inactive,not yet attempted,এখনও চেষ্টা করা হয়নি,pending,
progress.dayStreak,Day streak,দিনের স্ট্রিক,pending,
progress.bestN,Best: {n},সেরা: {n},pending,
progress.sessions,Sessions,সেশন,pending,
progress.exercises,Exercises,অনুশীলন,pending,
progress.momentum,Momentum,গতি,pending,
progress.consistency,Consistency,নিয়মিততা,pending,
progress.viewRoadmap,View roadmap →,রোডম্যাপ দেখুন →,pending,
progress.daysRange,Days {start}–{end},দিন {start}–{end},pending,
progress.daysOf,{done} / {total} days,{done} / {total} দিন,pending,
progress.parent.yourProgress,Your progress,আপনার অগ্রগতি,pending,
progress.parent.weeklyView,"A weekly view of reading practice, understanding and consistency.","পড়ার অনুশীলন, বোঝা আর নিয়মিততার সাপ্তাহিক চিত্র।",pending,
progress.parent.consistency,Consistency,নিয়মিততা,pending,
progress.parent.currentStreak,Current streak,বর্তমান স্ট্রিক,pending,
progress.parent.longestStreak,Longest streak,দীর্ঘতম স্ট্রিক,pending,
progress.parent.comprehensionScore,Comprehension score,বোঝার স্কোর,pending,
progress.parent.comprehensionEmpty,Complete a quiz on an uploaded document to see your comprehension score here.,আপলোড করা কোনো ডকুমেন্টে কুইজ দিলে আপনার বোঝার স্কোর এখানে দেখা যাবে।,pending,
progress.parent.averageAll,Average across all quiz attempts,সব কুইজের গড়,pending,
progress.parent.documentMastery,Document mastery,ডকুমেন্টে দক্ষতা,pending,
progress.parent.documentsCompleted,Documents completed,সম্পূর্ণ ডকুমেন্ট,pending,
progress.parent.avgComprehension,Avg. comprehension,গড় বোঝা,pending,
progress.parent.todaysStatus,Today’s status,আজকের অবস্থা,pending,
progress.parent.practicedToday,Practised today,আজ অনুশীলন হয়েছে,pending,
progress.parent.noPracticeToday,No practice yet today,আজ এখনও অনুশীলন হয়নি,pending,
progress.parent.curriculumProgress,Daily curriculum progress,দৈনিক পাঠ্যক্রমের অগ্রগতি,pending,
progress.parent.noDays,No {program} days completed yet.,এখনও {program}-এর কোনো দিন সম্পূর্ণ হয়নি।,pending,
progress.parent.daysCompleted,Days completed,সম্পূর্ণ দিন,pending,
progress.parent.currentlyOnDay,Currently on Day {day} of {total}.,এখন {total} দিনের মধ্যে দিন {day}-এ।,pending,
progress.parent.speedTrend,Reading speed trend,পড়ার গতির প্রবণতা,pending,
progress.parent.wpmAverage,{wpm} WPM average,গড় {wpm} WPM,pending,
progress.parent.noSessionsWindow,No sessions in this period yet,এই সময়ে এখনও কোনো সেশন নেই,pending,
progress.parent.days,{n}d,{n}দি,pending,
progress.parent.speedEmpty,Complete a reading session to start tracking speed here.,গতি মাপা শুরু করতে একটি পড়ার সেশন সম্পূর্ণ করুন।,pending,
progress.parent.speedAria,"Reading speed from {from} to {to}, averaging {wpm} words per minute.","{from} থেকে {to} পর্যন্ত পড়ার গতি, গড়ে মিনিটে {wpm} শব্দ।",pending,
progress.parent.chapterScores,Chapter scores,অধ্যায়ের স্কোর,pending,
progress.parent.chapterEmpty,"Complete a Chapter Comprehension Check to see exact, per-chapter scores here.",প্রতিটি অধ্যায়ের সঠিক স্কোর দেখতে একটি Chapter Comprehension Check সম্পূর্ণ করুন।,pending,
progress.parent.strong,Strong,শক্তিশালী,pending,
progress.parent.needsReview,Needs review,আবার দেখা দরকার,pending,
progress.parent.reread,Re-read recommended,আবার পড়ার পরামর্শ,pending,
progress.parent.sessionHistory,Session history,সেশনের ইতিহাস,pending,
progress.parent.noSessions,No completed sessions yet.,এখনও কোনো সম্পূর্ণ সেশন নেই।,pending,
progress.parent.dayN,Day {day},দিন {day},pending,
progress.parent.completed,Completed,সম্পূর্ণ,pending,
settings.title,Settings,সেটিংস,pending,
settings.subtitle,Manage your account details.,আপনার অ্যাকাউন্টের তথ্য পরিচালনা করুন।,pending,
settings.language.title,Language,ভাষা,pending,
settings.language.desc,The language of the app. Website pages stay in English or Hindi.,অ্যাপের ভাষা। ওয়েবসাইটের পাতাগুলি ইংরেজি বা হিন্দিতেই থাকবে।,pending,
settings.profile.title,Profile,প্রোফাইল,pending,
settings.profile.desc,Update your public display name.,আপনার দেখানো নাম আপডেট করুন।,pending,
settings.profile.fullName,Full name,পুরো নাম,pending,
settings.profile.placeholder,Your full name,আপনার পুরো নাম,pending,
settings.profile.save,Save changes,পরিবর্তন সেভ করুন,pending,
settings.profile.saving,Saving…,সেভ হচ্ছে…,pending,
settings.profile.updated,Profile updated.,প্রোফাইল আপডেট হয়েছে।,pending,
settings.profile.nameTooShort,Name must be at least 2 characters,নাম কমপক্ষে 2টি অক্ষরের হতে হবে,pending,
settings.profile.nameTooLong,Name must be 100 characters or fewer,নাম 100টি অক্ষর বা তার কম হতে হবে,pending,
settings.profile.failed,Could not update your profile. Please try again.,আপনার প্রোফাইল আপডেট করা যায়নি। আবার চেষ্টা করুন।,pending,
settings.password.title,Password,পাসওয়ার্ড,pending,
settings.password.desc,Choose a new password for your account.,আপনার অ্যাকাউন্টের জন্য নতুন পাসওয়ার্ড বেছে নিন।,pending,
settings.password.newPassword,New password,নতুন পাসওয়ার্ড,pending,
settings.password.confirm,Confirm new password,নতুন পাসওয়ার্ড নিশ্চিত করুন,pending,
settings.password.minPlaceholder,Min 8 characters,কমপক্ষে 8টি অক্ষর,pending,
settings.password.repeatPlaceholder,Repeat password,পাসওয়ার্ড আবার লিখুন,pending,
settings.password.update,Update password,পাসওয়ার্ড আপডেট করুন,pending,
settings.password.updating,Updating…,আপডেট হচ্ছে…,pending,
settings.password.updated,Password updated.,পাসওয়ার্ড আপডেট হয়েছে।,pending,
settings.password.tooShort,Password must be at least 8 characters,পাসওয়ার্ড কমপক্ষে 8টি অক্ষরের হতে হবে,pending,
settings.password.confirmRequired,Please confirm your password,অনুগ্রহ করে পাসওয়ার্ড নিশ্চিত করুন,pending,
settings.password.mismatch,Passwords do not match,পাসওয়ার্ড দুটি মিলছে না,pending,
settings.password.failed,Could not update your password. Please try again.,আপনার পাসওয়ার্ড আপডেট করা যায়নি। আবার চেষ্টা করুন।,pending,
settings.sound.title,Sound,শব্দ,pending,
settings.sound.desc,Control audio during exercises.,অনুশীলনের সময় অডিও নিয়ন্ত্রণ করুন।,pending,
settings.sound.effects,Exercise sound effects,অনুশীলনের সাউন্ড এফেক্ট,pending,
settings.sound.effectsDesc,"Tap chimes, right/wrong cues and calm focus tones during exercises.","অনুশীলনের সময় ট্যাপের ঘণ্টাধ্বনি, ঠিক/ভুলের সংকেত আর শান্ত ফোকাস টোন।",pending,
settings.assessment.title,Reading Assessment,রিডিং অ্যাসেসমেন্ট,pending,
settings.assessment.desc,Retake your Smart Reading assessment for a document to re-measure how you read it.,কোনো ডকুমেন্ট আপনি কীভাবে পড়েন তা আবার মাপতে Smart Reading অ্যাসেসমেন্ট আবার দিন।,pending,
settings.assessment.retake,Retake assessment,অ্যাসেসমেন্ট আবার দিন,pending,
settings.assessment.retakeDone,You’ll be asked to reassess next time you open this document.,পরের বার এই ডকুমেন্ট খুললে আপনাকে আবার অ্যাসেসমেন্ট দিতে বলা হবে।,pending,
settings.account.title,Account,অ্যাকাউন্ট,pending,
settings.account.email,Email:,ইমেল:,pending,
settings.errors.invalidInput,Please check what you entered.,আপনি যা লিখেছেন তা একবার দেখে নিন।,pending,
settings.errors.notSignedIn,Please sign in again.,অনুগ্রহ করে আবার সাইন ইন করুন।,pending,
training.shell.loading,Loading your level…,আপনার লেভেল লোড হচ্ছে…,pending,
training.shell.levelOfMax,Level {level} of {max},লেভেল {level} / {max},pending,
training.shell.levelN,Level {level},লেভেল {level},pending,
training.shell.aboutMinutes,About {minutes} min,প্রায় {minutes} মিনিট,pending,
training.shell.bestShort,Best {score},সেরা {score},pending,
training.shell.howToPlay,How to play,কীভাবে খেলবেন,pending,
training.shell.tryPractice,Try a practice round,একটি অনুশীলন রাউন্ড চেষ্টা করুন,pending,
training.shell.practiceExplain,The practice round doesn’t count — it’s just to get the feel.,অনুশীলন রাউন্ড গোনা হয় না — শুধু হাত পাকানোর জন্য।,pending,
training.shell.skipPractice,Skip practice,অনুশীলন বাদ দিন,pending,
training.shell.start,Start,শুরু করুন,pending,
training.shell.warmUpFirst,Practice round first,আগে অনুশীলন রাউন্ড,pending,
training.shell.practiceRound,Practice round,অনুশীলন রাউন্ড,pending,
training.shell.practiceDoesntCount,Doesn’t count,গোনা হবে না,pending,
training.shell.practiceDone,Practice done!,অনুশীলন শেষ!,pending,
training.shell.practiceDoneHint,Now {rounds} real rounds. Your level adjusts as you go.,এবার {rounds}টি আসল রাউন্ড। খেলার সঙ্গে সঙ্গে আপনার লেভেল বদলাবে।,pending,
training.shell.startRounds,Start the real rounds,আসল রাউন্ড শুরু করুন,pending,
training.shell.roundOf,Round {round} of {total},রাউন্ড {round} / {total},pending,
training.shell.correctOf,{correct} of {total} correct,{total}টির মধ্যে {correct}টি সঠিক,pending,
training.shell.gradeGood,Excellent — that was sharp.,চমৎকার — একদম ধারালো।,pending,
training.shell.gradeOkay,Good work — keep going.,ভালো হয়েছে — চালিয়ে যান।,pending,
training.shell.gradePoor,That was a tough one. Take your time on the next.,এটা কঠিন ছিল। পরেরটায় সময় নিন।,pending,
training.shell.levelUp,Level up! Now level {level},লেভেল বাড়ল! এখন লেভেল {level},pending,
training.shell.levelDown,"Level {level} — a little easier, so you can build up again","লেভেল {level} — একটু সহজ, যাতে আবার ধীরে ধীরে এগোতে পারেন",pending,
training.shell.goodRunHint,{n} more strong rounds to level up,লেভেল বাড়াতে আরও {n}টি ভালো রাউন্ড,pending,
training.shell.nextRound,Next round,পরের রাউন্ড,pending,
training.shell.seeResults,See results,ফলাফল দেখুন,pending,
training.shell.sessionDone,Session complete,সেশন সম্পূর্ণ,pending,
training.shell.newBest,New personal best!,নতুন ব্যক্তিগত সেরা!,pending,
training.shell.accuracy,Accuracy,নির্ভুলতা,pending,
training.shell.level,Level,লেভেল,pending,
training.shell.best,Best,সেরা,pending,
training.shell.saving,Saving…,সেভ হচ্ছে…,pending,
training.shell.saved,Saved to your progress,আপনার অগ্রগতিতে সেভ হয়েছে,pending,
training.shell.next,Next,পরের,pending,
training.shell.correct,Correct!,সঠিক!,pending,
training.shell.notQuite,Not quite,পুরোপুরি হয়নি,pending,
training.shell.points,points,পয়েন্ট,pending,
training.skills.calmFocus,Calm & Focus,শান্তি ও মনোযোগ,pending,
training.skills.focus,Focus,মনোযোগ,pending,
training.skills.memory,Memory,স্মৃতি,pending,
training.skills.smartReading,Smart Reading,স্মার্ট রিডিং,pending,
training.skills.retention,Retention,মনে রাখা,pending,
training.breathing.title,Calm Breathing,শান্ত শ্বাস,pending,
training.breathing.purpose,"Slow, steady breathing with a longer out-breath — a calm start before you practise.","লম্বা প্রশ্বাস-ত্যাগ সহ ধীর, স্থির শ্বাস — অনুশীলনের আগে শান্ত শুরু।",pending,
training.breathing.demo1,Press and hold the circle while you breathe in as it grows.,বৃত্তটি বড় হওয়ার সময় শ্বাস নিন আর বৃত্তটি চেপে ধরে রাখুন।,pending,
training.breathing.demo2,Let go and breathe out slowly as it shrinks.,"ছেড়ে দিন, বৃত্ত ছোট হওয়ার সময় ধীরে শ্বাস ছাড়ুন।",pending,
training.breathing.demo3,Stay in rhythm. Higher levels make the out-breath longer and calmer.,ছন্দে থাকুন। উঁচু লেভেলে শ্বাস ছাড়া আরও লম্বা ও শান্ত হয়।,pending,
training.breathing.getReady,Get ready…,তৈরি হোন…,pending,
training.breathing.breatheIn,Breathe in,শ্বাস নিন,pending,
training.breathing.pause,Pause gently,আলতো করে থামুন,pending,
training.breathing.breatheOut,Breathe out,শ্বাস ছাড়ুন,pending,
training.breathing.wellDone,Well done,খুব ভালো,pending,
training.breathing.hold,Hold,ধরে রাখুন,pending,
training.breathing.letGo,Let go,ছেড়ে দিন,pending,
training.breathing.holdAria,"Hold while breathing in, let go while breathing out","শ্বাস নেওয়ার সময় ধরে রাখুন, ছাড়ার সময় ছেড়ে দিন",pending,
training.breathing.breathOf,Breath {n} of {total},শ্বাস {n} / {total},pending,
training.breathing.pressNow,Hold the circle,বৃত্তটি ধরে রাখুন,pending,
training.breathing.releaseNow,Let go now,এবার ছেড়ে দিন,pending,
training.breathing.justFollow,Just follow the circle (no tapping),শুধু বৃত্তটি অনুসরণ করুন (ট্যাপ করবেন না),pending,
training.breathing.scoreLabel,calm points,শান্তি পয়েন্ট,pending,
training.breathing.levelHint,Breathe in {inS} s · out {outS} s,শ্বাস নিন {inS} সে · ছাড়ুন {outS} সে,pending,
training.breathing.levelHintHold,Breathe in {inS} s · pause {holdS} s · out {outS} s,শ্বাস নিন {inS} সে · থামুন {holdS} সে · ছাড়ুন {outS} সে,pending,
training.rotation.title,Mental Object Rotation,মনে মনে বস্তু ঘোরানো,pending,
training.rotation.purpose,Turn shapes in your mind’s eye — builds the visual memory you use to picture and remember.,"মনের চোখে আকার ঘোরান — যে দৃষ্টি-স্মৃতি দিয়ে আপনি কল্পনা করেন ও মনে রাখেন, সেটি গড়ে ওঠে।",pending,
training.rotation.demo1,Look at the shape and the turn you’re asked to make.,আকারটি আর যেদিকে ঘোরাতে বলা হয়েছে তা দেখুন।,pending,
training.rotation.demo2,"Picture it turning, then tap the option that matches.","মনে মনে ঘোরান, তারপর মিলে যাওয়া বিকল্পটিতে ট্যাপ করুন।",pending,
training.rotation.demo3,"Higher levels: mirror images, bigger shapes and a colour cube.","উঁচু লেভেলে: আয়নার প্রতিবিম্ব, বড় আকার আর একটি রঙিন কিউব।",pending,
training.rotation.questionOf,Question {n} of {total},প্রশ্ন {n} / {total},pending,
training.rotation.turnRight,Turn it {deg}° to the right,ডানদিকে {deg}° ঘোরান,pending,
training.rotation.turnLeft,Turn it {deg}° to the left,বাঁদিকে {deg}° ঘোরান,pending,
training.rotation.turnHalf,Turn it halfway round (180°),অর্ধেক ঘোরান (180°),pending,
training.rotation.whichResult,Which one do you get?,কোনটি পাবেন?,pending,
training.rotation.whichSame,"Which one is the same shape, just turned? (The others are mirror images.)","কোনটি একই আকার, শুধু ঘোরানো? (বাকিগুলি আয়নার প্রতিবিম্ব।)",pending,
training.rotation.explainTurn,{turn} — this is where it ends up.,{turn} — এটি এখানে গিয়ে দাঁড়ায়।,pending,
training.rotation.explainMatch,Turn the right answer back and it matches. Mirror images can never match by turning.,সঠিক উত্তরটি উল্টো দিকে ঘোরালে মিলে যায়। আয়নার প্রতিবিম্ব ঘুরিয়ে কখনও মেলে না।,pending,
training.rotation.options,Answer options,উত্তরের বিকল্প,pending,
training.rotation.optionN,Option {n},বিকল্প {n},pending,
training.rotation.timeUp,Time’s up — here’s the answer,সময় শেষ — এই হলো উত্তর,pending,
training.rotation.cubeRight,Turn the cube a quarter turn to the right,কিউবটি ডানদিকে এক-চতুর্থাংশ ঘোরান,pending,
training.rotation.cubeLeft,Turn the cube a quarter turn to the left,কিউবটি বাঁদিকে এক-চতুর্থাংশ ঘোরান,pending,
training.rotation.cubeHalf,Turn the cube halfway round,কিউবটি অর্ধেক ঘোরান,pending,
training.rotation.cubeFlip,Turn the cube upside down (top goes to the bottom),কিউবটি উল্টে দিন (ওপরের দিক নিচে যাবে),pending,
training.rotation.thenTurn,First: {first}. Then: {second}.,প্রথমে: {first}। তারপর: {second}।,pending,
training.rotation.hiddenSides,Sides you can’t see:,যে দিকগুলি দেখা যাচ্ছে না:,pending,
training.rotation.whichColour,"After turning, which colour is on the {face}?",ঘোরানোর পরে {face}-এ কোন রং?,pending,
training.rotation.explainCube,"After turning, the {face} is {colour}.",ঘোরানোর পরে {face} হলো {colour}।,pending,
training.rotation.levelTurn,turn a shape,আকার ঘোরানো,pending,
training.rotation.levelMatch,same shape or mirror?,একই আকার না আয়নার প্রতিবিম্ব?,pending,
training.rotation.levelCube,colour cube,রঙিন কিউব,pending,
training.rotation.levelHintNoTimer,This level: {kind} · {options} options · no timer,এই লেভেল: {kind} · {options}টি বিকল্প · সময়সীমা নেই,pending,
training.rotation.levelHint,This level: {kind} · {options} options · {seconds} s each,এই লেভেল: {kind} · {options}টি বিকল্প · প্রতিটি {seconds} সে,pending,
training.rotation.faces.front,front,সামনের দিক,pending,
training.rotation.faces.back,back,পেছনের দিক,pending,
training.rotation.faces.top,top,ওপরের দিক,pending,
training.rotation.faces.bottom,bottom,নিচের দিক,pending,
training.rotation.faces.left,left side,বাঁ দিক,pending,
training.rotation.faces.right,right side,ডান দিক,pending,
training.rotation.colours.red,Red,লাল,pending,
training.rotation.colours.blue,Blue,নীল,pending,
training.rotation.colours.green,Green,সবুজ,pending,
training.rotation.colours.yellow,Yellow,হলুদ,pending,
training.rotation.colours.purple,Purple,বেগুনি,pending,
training.rotation.colours.orange,Orange,কমলা,pending,
training.pictures.title,Picture Memory Sprint,ছবি-স্মৃতি স্প্রিন্ট,pending,
training.pictures.purpose,"Look, remember, recall — trains quick visual memory with everyday pictures.","দেখুন, মনে রাখুন, মনে করুন — রোজকার ছবি দিয়ে দ্রুত দৃষ্টি-স্মৃতির অনুশীলন।",pending,
training.pictures.demo1,Look at the pictures. You get plenty of time at the start.,ছবিগুলি দেখুন। শুরুতে অনেক সময় পাবেন।,pending,
training.pictures.demo2,They disappear. Tap the one you saw.,ছবিগুলি মিলিয়ে যাবে। যেটি দেখেছিলেন তাতে ট্যাপ করুন।,pending,
training.pictures.demo3,"Higher levels: more pictures, less time, and recall in order.","উঁচু লেভেলে: আরও ছবি, কম সময়, আর ক্রম অনুযায়ী মনে করা।",pending,
training.pictures.trialOf,Set {n} of {total},সেট {n} / {total},pending,
training.pictures.remember,Remember these {n} pictures,এই {n}টি ছবি মনে রাখুন,pending,
training.pictures.watchOrder,Watch the order,ক্রমটি লক্ষ করুন,pending,
training.pictures.whichSeen,Which one did you see?,কোনটি দেখেছিলেন?,pending,
training.pictures.whichNotSeen,Which one was NOT shown?,কোনটি দেখানো হয়নি?,pending,
training.pictures.tapOrder,Tap the {n} pictures in the order you saw them,যে ক্রমে দেখেছিলেন সেই ক্রমে {n}টি ছবিতে ট্যাপ করুন,pending,
training.pictures.undo,Undo,পূর্বাবস্থায় ফেরান,pending,
training.pictures.orderResult,{correct} of {total} in the right place,{total}টির মধ্যে {correct}টি সঠিক জায়গায়,pending,
training.pictures.youSaw,You saw:,আপনি দেখেছিলেন:,pending,
training.pictures.levelHintSeen,This level: {n} pictures · {seconds} s to look · which did you see?,এই লেভেল: {n}টি ছবি · দেখার জন্য {seconds} সে · কোনটি দেখেছিলেন?,pending,
training.pictures.levelHintNotSeen,This level: {n} pictures · {seconds} s to look · which was NOT shown?,এই লেভেল: {n}টি ছবি · দেখার জন্য {seconds} সে · কোনটি দেখানো হয়নি?,pending,
training.pictures.levelHintOrder,This level: {n} pictures one by one · {seconds} s each · recall the order,এই লেভেল: একটি একটি করে {n}টি ছবি · প্রতিটি {seconds} সে · ক্রম মনে করুন,pending,
training.pictures.themes.animals,Animals,প্রাণী,pending,
training.pictures.themes.fruits,Fruits,ফল,pending,
training.pictures.themes.vehicles,Vehicles,যানবাহন,pending,
training.pictures.themes.places,Places,জায়গা,pending,
training.pictures.themes.instruments,Music,সংগীত,pending,
training.pictures.themes.everyday,Everyday things,রোজকার জিনিস,pending,
training.pictures.items.elephant,Elephant,হাতি,pending,
training.pictures.items.tiger,Tiger,বাঘ,pending,
training.pictures.items.giraffe,Giraffe,জিরাফ,pending,
training.pictures.items.camel,Camel,উট,pending,
training.pictures.items.peacock,Peacock,ময়ূর,pending,
training.pictures.items.monkey,Monkey,বানর,pending,
training.pictures.items.rabbit,Rabbit,খরগোশ,pending,
training.pictures.items.turtle,Turtle,কচ্ছপ,pending,
training.pictures.items.owl,Owl,পেঁচা,pending,
training.pictures.items.cow,Cow,গরু,pending,
training.pictures.items.horse,Horse,ঘোড়া,pending,
training.pictures.items.penguin,Penguin,পেঙ্গুইন,pending,
training.pictures.items.mango,Mango,আম,pending,
training.pictures.items.banana,Banana,কলা,pending,
training.pictures.items.apple,Apple,আপেল,pending,
training.pictures.items.grapes,Grapes,আঙুর,pending,
training.pictures.items.watermelon,Watermelon,তরমুজ,pending,
training.pictures.items.pineapple,Pineapple,আনারস,pending,
training.pictures.items.strawberry,Strawberry,স্ট্রবেরি,pending,
training.pictures.items.cherries,Cherries,চেরি,pending,
training.pictures.items.lemon,Lemon,লেবু,pending,
training.pictures.items.coconut,Coconut,নারকেল,pending,
training.pictures.items.pear,Pear,নাশপাতি,pending,
training.pictures.items.kiwi,Kiwi,কিউই,pending,
training.pictures.items.autoRickshaw,Auto-rickshaw,অটো-রিকশা,pending,
training.pictures.items.bus,Bus,বাস,pending,
training.pictures.items.train,Train,ট্রেন,pending,
training.pictures.items.aeroplane,Aeroplane,উড়োজাহাজ,pending,
training.pictures.items.bicycle,Bicycle,সাইকেল,pending,
training.pictures.items.ship,Ship,জাহাজ,pending,
training.pictures.items.tractor,Tractor,ট্র্যাক্টর,pending,
training.pictures.items.helicopter,Helicopter,হেলিকপ্টার,pending,
training.pictures.items.scooter,Scooter,স্কুটার,pending,
training.pictures.items.rocket,Rocket,রকেট,pending,
training.pictures.items.ambulance,Ambulance,অ্যাম্বুলেন্স,pending,
training.pictures.items.sailboat,Sailboat,পালতোলা নৌকা,pending,
training.pictures.items.mountain,Mountain,পাহাড়,pending,
training.pictures.items.beach,Beach,সমুদ্রসৈকত,pending,
training.pictures.items.temple,Temple,মন্দির,pending,
training.pictures.items.castle,Castle,দুর্গ,pending,
training.pictures.items.desert,Desert,মরুভূমি,pending,
training.pictures.items.island,Island,দ্বীপ,pending,
training.pictures.items.tent,Tent,তাঁবু,pending,
training.pictures.items.factory,Factory,কারখানা,pending,
training.pictures.items.stadium,Stadium,স্টেডিয়াম,pending,
training.pictures.items.bridge,Bridge,সেতু,pending,
training.pictures.items.volcano,Volcano,আগ্নেয়গিরি,pending,
training.pictures.items.house,House,বাড়ি,pending,
training.pictures.items.guitar,Guitar,গিটার,pending,
training.pictures.items.drum,Drum,ঢোল,pending,
training.pictures.items.violin,Violin,বেহালা,pending,
training.pictures.items.trumpet,Trumpet,ট্রাম্পেট,pending,
training.pictures.items.piano,Piano,পিয়ানো,pending,
training.pictures.items.saxophone,Saxophone,স্যাক্সোফোন,pending,
training.pictures.items.bell,Bell,ঘণ্টা,pending,
training.pictures.items.microphone,Microphone,মাইক্রোফোন,pending,
training.pictures.items.banjo,Banjo,ব্যাঞ্জো,pending,
training.pictures.items.headphones,Headphones,হেডফোন,pending,
training.pictures.items.umbrella,Umbrella,ছাতা,pending,
training.pictures.items.key,Key,চাবি,pending,
training.pictures.items.scissors,Scissors,কাঁচি,pending,
training.pictures.items.clock,Alarm clock,অ্যালার্ম ঘড়ি,pending,
training.pictures.items.bulb,Light bulb,বাল্ব,pending,
training.pictures.items.book,Book,বই,pending,
training.pictures.items.glasses,Glasses,চশমা,pending,
training.pictures.items.phone,Mobile phone,মোবাইল ফোন,pending,
training.pictures.items.pencil,Pencil,পেনসিল,pending,
training.pictures.items.cup,Cup of tea,এক কাপ চা,pending,
training.pictures.items.schoolBag,School bag,স্কুলব্যাগ,pending,
training.pictures.items.shoe,Shoe,জুতো,pending,
training.chunks.dynamicTitle,Dynamic Chunk Sliding,ডায়নামিক চাঙ্ক স্লাইডিং,pending,
training.chunks.dynamicPurpose,Read short passages in word groups at a steady pace — then show what you understood.,স্থির গতিতে শব্দের গুচ্ছে ছোট লেখা পড়ুন — তারপর দেখান কী বুঝলেন।,pending,
training.chunks.verticalTitle,Vertical Chunk Sliding,ভার্টিক্যাল চাঙ্ক স্লাইডিং,pending,
training.chunks.verticalPurpose,"Read down a column, one word at a time at first, then in small groups — then check your understanding.","একটি কলাম ধরে নিচের দিকে পড়ুন, প্রথমে একটি একটি শব্দ, তারপর ছোট গুচ্ছে — তারপর বোঝা যাচাই করুন।",pending,
training.chunks.demo1,The passage slides past. Read the highlighted words.,লেখাটি সরে সরে যায়। হাইলাইট করা শব্দগুলি পড়ুন।,pending,
training.chunks.demo1Vertical,The passage moves up the column. Read the highlighted words.,লেখাটি কলাম বেয়ে ওপরে ওঠে। হাইলাইট করা শব্দগুলি পড়ুন।,pending,
training.chunks.demo2,Then the text hides and you answer a few questions.,তারপর লেখাটি লুকিয়ে যায় আর আপনি কয়েকটি প্রশ্নের উত্তর দেন।,pending,
training.chunks.demo3Dynamic,Pick the best one-line summary. Your score is pace × understanding.,সবচেয়ে ভালো এক লাইনের সারাংশটি বেছে নিন। আপনার স্কোর = গতি × বোঝা।,pending,
training.chunks.demo3Vertical,Your score is pace × understanding. Groups grow from 1 to 3 words.,আপনার স্কোর = গতি × বোঝা। গুচ্ছ 1 থেকে 3 শব্দ পর্যন্ত বাড়ে।,pending,
training.chunks.demoQuestion,What do bees show by dancing?,মৌমাছিরা নেচে কী দেখায়?,pending,
training.chunks.demoOptionA,The way to flowers,ফুলের দিকে যাওয়ার পথ,pending,
training.chunks.demoOptionB,The time of day,দিনের সময়,pending,
training.chunks.demoScore,pace × understanding = your effective words per minute,গতি × বোঝা = আপনার কার্যকর শব্দ প্রতি মিনিট,pending,
training.chunks.upNext,Next passage,পরের লেখা,pending,
training.chunks.readyMeta,{words} words · {chunk} at a time · {wpm} words a minute,{words}টি শব্দ · একবারে {chunk} · মিনিটে {wpm} শব্দ,pending,
training.chunks.readyHint,"Read calmly. The text will hide at the end, then a few questions.","শান্তভাবে পড়ুন। শেষে লেখাটি লুকিয়ে যাবে, তারপর কয়েকটি প্রশ্ন।",pending,
training.chunks.startReading,Start reading,পড়া শুরু করুন,pending,
training.chunks.wpm,words/min,শব্দ/মিনিট,pending,
training.chunks.pause,Pause,বিরতি,pending,
training.chunks.resume,Resume,আবার শুরু,pending,
training.chunks.recallOf,Recall {n} of {total} — the text is hidden,মনে করা {n} / {total} — লেখাটি লুকানো,pending,
training.chunks.summaryLabel,One-line summary,এক লাইনের সারাংশ,pending,
training.chunks.summaryQ,Which line sums up the passage best?,কোন লাইনটি লেখাটির সবচেয়ে ভালো সারাংশ?,pending,
training.chunks.scoreLabel,effective words per minute,কার্যকর শব্দ প্রতি মিনিট,pending,
training.chunks.levelHint,This level: {chunk} word(s) at a time · {wpm} words a minute,এই লেভেল: একবারে {chunk}টি শব্দ · মিনিটে {wpm} শব্দ,pending,
training.eyeBreak.optional,Optional · 30 seconds,ঐচ্ছিক · 30 সেকেন্ড,pending,
training.eyeBreak.title,Eye relaxation break,চোখের বিশ্রাম,pending,
training.eyeBreak.intro,"Before reading: look at something far away, then rest your eyes. Skip it any time.","পড়ার আগে: দূরের কিছুর দিকে তাকান, তারপর চোখকে বিশ্রাম দিন। যেকোনো সময় বাদ দিতে পারেন।",pending,
training.eyeBreak.start,Start the 30-second break,30 সেকেন্ডের বিরতি শুরু করুন,pending,
training.eyeBreak.skip,Skip,বাদ দিন,pending,
training.eyeBreak.lookFar,Look far away,দূরে তাকান,pending,
training.eyeBreak.lookFarHint,Look at something about 6 metres away — out of a window if you can. Blink gently.,প্রায় 6 মিটার দূরের কিছুর দিকে তাকান — পারলে জানলা দিয়ে। আলতো করে পলক ফেলুন।,pending,
training.eyeBreak.palming,Close your eyes,চোখ বন্ধ করুন,pending,
training.eyeBreak.palmingHint,Rest your cupped palms over your closed eyes. Breathe slowly.,বন্ধ চোখের ওপর হাতের তালু আলতো করে রাখুন। ধীরে শ্বাস নিন।,pending,
training.glimpse.glimpseOf,Glimpse {n} of {total},ঝলক {n} / {total},pending,
training.glimpse.lookAtDot,Look at the dot,বিন্দুটির দিকে তাকান,pending,
training.glimpse.whatDidYouSee,What did you see?,কী দেখলেন?,pending,
training.glimpse.whichSeen,Which one did you see?,কোনটি দেখেছিলেন?,pending,
training.glimpse.whichOnSide,Which one was on the {side}?,{side}-এ কোনটি ছিল?,pending,
training.glimpse.whichPhrase,Which words did you see?,কোন শব্দগুলি দেখেছিলেন?,pending,
training.glimpse.whichWord,Which word did you see?,কোন শব্দটি দেখেছিলেন?,pending,
training.glimpse.demo1,Keep your eyes on the dot in the middle.,মাঝখানের বিন্দুতে চোখ রাখুন।,pending,
training.glimpse.demo3,"Then pick what you saw from 4. Higher levels: more items, less time.","তারপর 4টির মধ্যে থেকে যা দেখেছিলেন সেটি বেছে নিন। উঁচু লেভেলে: আরও জিনিস, কম সময়।",pending,
training.glimpse.levelHint,This level: shown for {ms} ms,এই লেভেল: {ms} মিলিসেকেন্ড দেখানো হবে,pending,
training.glimpse.sides.left,left,বাঁ দিক,pending,
training.glimpse.sides.right,right,ডান দিক,pending,
training.glimpse.sides.top,top,ওপরের দিক,pending,
training.glimpse.sides.bottom,bottom,নিচের দিক,pending,
training.glimpse.symbols.circle,Circle,বৃত্ত,pending,
training.glimpse.symbols.triangle,Triangle,ত্রিভুজ,pending,
training.glimpse.symbols.square,Square,বর্গ,pending,
training.glimpse.symbols.star,Star,তারা,pending,
training.glimpse.symbols.diamond,Diamond,হীরা,pending,
training.glimpse.symbols.heart,Heart,হৃদয়,pending,
training.glimpse.symbols.moon,Moon,চাঁদ,pending,
training.glimpse.symbols.plus,Plus,যোগচিহ্ন,pending,
training.glimpse.symbols.ring,Ring,আংটি,pending,
training.glimpse.symbols.spade,Spade,ইস্কাপন,pending,
training.glimpse.span.title,Rapid Visual Span,র‍্যাপিড ভিজ্যুয়াল স্প্যান,pending,
training.glimpse.span.purpose,Take in several things around one point at a glance.,এক নজরে একটি বিন্দুর চারপাশের কয়েকটি জিনিস ধরুন।,pending,
training.glimpse.span.demo2,Symbols appear around the dot for a moment.,বিন্দুর চারপাশে এক মুহূর্তের জন্য চিহ্ন দেখা যায়।,pending,
training.glimpse.peripheral.title,Peripheral Flash,পেরিফেরাল ফ্ল্যাশ,pending,
training.glimpse.peripheral.purpose,Notice what appears at the side while you look at the centre.,মাঝখানে তাকিয়ে থেকেও পাশে কী দেখা গেল তা লক্ষ করুন।,pending,
training.glimpse.peripheral.demo2,A symbol appears near the edge for a moment.,কিনারার কাছে এক মুহূর্তের জন্য একটি চিহ্ন দেখা যায়।,pending,
training.glimpse.phrase.title,Multi-Word Flash,মাল্টি-ওয়ার্ড ফ্ল্যাশ,pending,
training.glimpse.phrase.purpose,Read a short group of words in one glance.,এক নজরে কয়েকটি শব্দের একটি ছোট গুচ্ছ পড়ুন।,pending,
training.glimpse.phrase.demo2,A few words appear for a moment.,এক মুহূর্তের জন্য কয়েকটি শব্দ দেখা যায়।,pending,
training.glimpse.blink.title,Blink Recall,ব্লিঙ্ক রিকল,pending,
training.glimpse.blink.purpose,Catch a word that appears for just a blink.,পলক ফেলার মতো সময়ের জন্য দেখা শব্দটি ধরুন।,pending,
training.glimpse.blink.demo2,One word appears for a blink.,পলক ফেলার মতো সময়ের জন্য একটি শব্দ দেখা যায়।,pending,
training.focusHub.title,Focus warm-ups,ফোকাস ওয়ার্ম-আপ,pending,
training.focusHub.intro,Short warm-ups for steady attention before you read. Pick one.,পড়ার আগে স্থির মনোযোগের জন্য ছোট ওয়ার্ম-আপ। একটি বেছে নিন।,pending,
training.focusHub.schulte,Find the numbers 1 to 25 in order as fast as you can.,যত দ্রুত পারেন 1 থেকে 25 পর্যন্ত সংখ্যাগুলি ক্রমানুসারে খুঁজুন।,pending,
training.focusHub.crossLateral,A side lights up — tap the opposite side.,একটি দিক আলো হয় — উল্টো দিকে ট্যাপ করুন।,pending,
training.focusHub.fastPattern,A symbol appears for a moment — pick what you saw.,এক মুহূর্তের জন্য একটি চিহ্ন দেখা যায় — যা দেখলেন সেটি বেছে নিন।,pending,
welcome.journey.line1,Rewire your brain.,আপনার মস্তিষ্ককে নতুন করে গড়ুন।,pending,
welcome.journey.line2,Build lasting habits.,স্থায়ী অভ্যাস তৈরি করুন।,pending,
welcome.journey.line3,Grow your potential in just 10 minutes a day.,দিনে মাত্র 10 মিনিটে আপনার সম্ভাবনা বাড়ান।,pending,
welcome.journey.cardDesc,"Daily focus drills, visualisation and habit-building exercises.","প্রতিদিনের ফোকাস ড্রিল, কল্পনা অনুশীলন আর অভ্যাস গড়ার ব্যায়াম।",pending,
welcome.journey.point1,Daily mindset & focus drills,প্রতিদিনের মাইন্ডসেট ও ফোকাস ড্রিল,pending,
welcome.journey.point2,Guided breathing & visualisation,গাইডেড শ্বাস-প্রশ্বাস ও কল্পনা অনুশীলন,pending,
welcome.journey.point3,21-day step-by-step habit loop,21 দিনের ধাপে ধাপে অভ্যাস চক্র,pending,
welcome.journey.start,Start training →,ট্রেনিং শুরু করুন →,pending,
welcome.program.format,Online · 7 live classes + 30 days of app practice,অনলাইন · 7টি লাইভ ক্লাস + 30 দিনের অ্যাপ অনুশীলন,pending,
welcome.program.outcome,"Read faster with understanding, focus longer, remember more — measured from your own Day 1 to Day 30.","বুঝে দ্রুত পড়ুন, বেশিক্ষণ মনোযোগ ধরে রাখুন, বেশি মনে রাখুন — আপনার নিজের প্রথম দিন থেকে 30তম দিন পর্যন্ত মাপা।",pending,
welcome.program.earlyBirdLine,Early-bird for the {date} batch · {price} (regular {regular}),{date} ব্যাচের আর্লি-বার্ড · {price} (সাধারণ মূল্য {regular}),pending,
welcome.program.regularLine,One-time payment · {price} · next batch {date},এককালীন পেমেন্ট · {price} · পরের ব্যাচ {date},pending,
welcome.app.title,Read faster. Remember more.,দ্রুত পড়ুন। বেশি মনে রাখুন।,pending,
welcome.app.line1,Master any book — guided live by Dr. Kapil Dev Sharma.,যেকোনো বই আয়ত্ত করুন — Dr. Kapil Dev Sharma-র লাইভ নির্দেশনায়।,pending,
welcome.app.line2,7 live classes. One mentor.,7টি লাইভ ক্লাস। একজন মেন্টর।,pending,
welcome.app.line3,Real progress.,সত্যিকারের উন্নতি।,pending,
welcome.app.sharpBrainDesc,A structured 30-day program — guided live by Dr. Kapil Dev Sharma.,30 দিনের একটি সুসংগঠিত প্রোগ্রাম — Dr. Kapil Dev Sharma-র লাইভ নির্দেশনায়।,pending,
welcome.app.sharpBrainPoint1,"Peripheral Vision Activator, Rapid Recognition Drill, Chunk Reading","Peripheral Vision Activator, Rapid Recognition Drill, Chunk Reading",pending,
welcome.app.sharpBrainPoint2,7 live classes with Dr. Kapil Dev Sharma,Dr. Kapil Dev Sharma-র সঙ্গে 7টি লাইভ ক্লাস,pending,
welcome.app.start,Start training →,ট্রেনিং শুরু করুন →,pending,
welcome.app.uploadTitle,Upload & Learn,আপলোড করুন ও শিখুন,pending,
welcome.app.uploadDesc,"Turn any PDF or textbook into speed-reading drills, mind maps and smart summaries.","যেকোনো PDF বা পাঠ্যবইকে স্পিড-রিডিং ড্রিল, মাইন্ড ম্যাপ আর স্মার্ট সারাংশে বদলে দিন।",pending,
welcome.app.uploadPoint1,AI-made speed-reading drills,AI-তে তৈরি স্পিড-রিডিং ড্রিল,pending,
welcome.app.uploadPoint2,Mind maps & smart summaries,মাইন্ড ম্যাপ ও স্মার্ট সারাংশ,pending,
welcome.app.uploadPoint3,Works with any PDF or textbook,যেকোনো PDF বা পাঠ্যবইয়ের সঙ্গে কাজ করে,pending,
welcome.app.uploadCta,Upload & Learn →,আপলোড করুন ও শিখুন →,pending,
welcome.lock.partOf,{title} is part of the {program},{title} হলো {program}-এর অংশ,pending,
welcome.lock.enrolOnce,"Enrol once ({price}, one-time) to open this exercise and all 30 days of the curriculum, with 7 live classes with Dr. Kapil Dev Sharma.","এই অনুশীলন আর পাঠ্যক্রমের 30 দিনের সবকটি খুলতে একবার ভর্তি হন ({price}, এককালীন), সঙ্গে Dr. Kapil Dev Sharma-র 7টি লাইভ ক্লাস।",pending,
welcome.lock.enrolFor,Enrol for {price},{price}-এ ভর্তি হন,pending,
welcome.lock.seeProgram,See the program,প্রোগ্রামটি দেখুন,pending,
