key,english,translation,status,notes
auth.orEmail,or continue with email,या ईमेल से जारी रखें,pending,
auth.google,Continue with Google,Google से जारी रखें,pending,
auth.email,Email,ईमेल,pending,
auth.emailPlaceholder,you@example.com,you@example.com,pending,
auth.password,Password,पासवर्ड,pending,
auth.forgotPassword,Forgot password?,पासवर्ड भूल गए?,pending,
auth.signIn,Sign in,साइन इन करें,pending,
auth.signingIn,Signing in…,साइन इन हो रहा है…,pending,
auth.noAccount,Don’t have an account?,अकाउंट नहीं है?,pending,
auth.signUp,Sign up,साइन अप करें,pending,
auth.fullName,Full name,पूरा नाम,pending,
auth.namePlaceholder,Your name,आपका नाम,pending,
auth.passwordPlaceholder,At least 8 characters,कम से कम 8 अक्षर,pending,
auth.createAccount,Create account,अकाउंट बनाएँ,pending,
auth.creatingAccount,Creating account…,अकाउंट बन रहा है…,pending,
auth.agreePrefix,"By creating an account, you agree to our",अकाउंट बनाकर आप हमारी इनसे सहमत होते हैं:,pending,
auth.and,and,और,pending,
auth.terms,Terms of Service,सेवा की शर्तें,pending,
auth.privacy,Privacy Policy,प्राइवेसी पॉलिसी,pending,
auth.haveAccount,Already have an account?,पहले से अकाउंट है?,pending,
auth.resetSent,Check your email — a reset link is on its way.,अपना ईमेल देखें — रीसेट लिंक भेज दिया गया है।,pending,
auth.backToSignIn,Back to sign in,साइन इन पर वापस जाएँ,pending,
auth.sendReset,Send reset link,रीसेट लिंक भेजें,pending,
auth.sending,Sending…,भेजा जा रहा है…,pending,
auth.remembered,Remembered it?,याद आ गया?,pending,
auth.pages.loginTitle,Welcome back,फिर से स्वागत है,pending,
auth.pages.loginDesc,Sign in to your {app} account,अपने {app} अकाउंट में साइन इन करें,pending,
auth.pages.confirmEmail,"Check your email to confirm your account, then sign in.","अकाउंट पक्का करने के लिए अपना ईमेल देखें, फिर साइन इन करें।",pending,
auth.pages.linkExpired,Your link is invalid or has expired.,आपका लिंक गलत है या उसकी समय-सीमा खत्म हो गई है।,pending,
auth.pages.requestNew,Request a new one.,नया लिंक माँगें।,pending,
auth.pages.signupTitle,Create your account,अपना अकाउंट बनाएँ,pending,
auth.pages.signupDesc,Start your daily brain-skills practice,अपनी रोज़ की ब्रेन-स्किल प्रैक्टिस शुरू करें,pending,
auth.pages.resetTitle,Reset your password,अपना पासवर्ड रीसेट करें,pending,
auth.pages.resetDesc,Enter your email and we’ll send you a reset link,"अपना ईमेल लिखें, हम आपको रीसेट लिंक भेजेंगे",pending,
auth.pages.newPasswordTitle,Set a new password,नया पासवर्ड बनाएँ,pending,
auth.pages.newPasswordDesc,Choose a strong password for your account,अपने अकाउंट के लिए मज़बूत पासवर्ड चुनें,pending,
auth.pages.deviceLogout,You were signed out because your account was opened on another device.,"आपका अकाउंट किसी दूसरे डिवाइस पर खुला, इसलिए आपको साइन आउट कर दिया गया।",pending,
auth.device.title,Continue here?,यहीं जारी रखें?,pending,
auth.device.activeOn,Your account is currently active on {device}.,आपका अकाउंट अभी {device} पर चालू है।,pending,
auth.device.activeElsewhere,Your account is currently active on another device.,आपका अकाउंट अभी किसी दूसरे डिवाइस पर चालू है।,pending,
auth.device.explain,Continue here and log out there? You can only be actively signed in on one device at a time.,यहाँ जारी रखें और वहाँ से लॉग आउट करें? आप एक समय में सिर्फ़ एक डिवाइस पर साइन इन रह सकते हैं।,pending,
auth.device.continue,Continue here and log out there,यहाँ जारी रखें और वहाँ से लॉग आउट करें,pending,
auth.device.wait,Please wait…,कृपया रुकें…,pending,
auth.gateway.loginTitle,Sign in,साइन इन करें,pending,
auth.gateway.loginDesc,Sign in to continue.,जारी रखने के लिए साइन इन करें।,pending,
auth.gateway.signupTitle,Create your account,अपना अकाउंट बनाएँ,pending,
auth.gateway.signupDesc,Free to start — no card needed.,शुरुआत मुफ़्त — कार्ड की ज़रूरत नहीं।,pending,
auth.validation.email,Please enter a valid email address,कृपया सही ईमेल पता लिखें,pending,
auth.validation.passwordRequired,Password is required,पासवर्ड ज़रूरी है,pending,
auth.validation.nameShort,Name must be at least 2 characters,नाम कम से कम 2 अक्षर का होना चाहिए,pending,
auth.validation.passwordShort,Password must be at least 8 characters,पासवर्ड कम से कम 8 अक्षर का होना चाहिए,pending,
auth.errors.invalidCredentials,Email or password is not correct.,ईमेल या पासवर्ड सही नहीं है।,pending,
auth.errors.emailNotConfirmed,Please confirm your email first — check your inbox.,कृपया पहले अपना ईमेल पक्का करें — अपना इनबॉक्स देखें।,pending,
auth.errors.userExists,An account with this email already exists. Please sign in.,इस ईमेल से पहले से एक अकाउंट है। कृपया साइन इन करें।,pending,
auth.errors.tooMany,Too many attempts. Please wait a moment and try again.,बहुत ज़्यादा कोशिशें। कृपया थोड़ा रुककर फिर से कोशिश करें।,pending,
auth.errors.generic,Something went wrong. Please try again.,कुछ गड़बड़ हो गई। कृपया फिर से कोशिश करें।,pending,
auth.errors.invalidInput,Please check what you entered.,कृपया जो लिखा है उसे जाँच लें।,pending,
common.language.label,Language,भाषा,pending,
common.language.choose,Choose your language,अपनी भाषा चुनें,pending,
common.language.saved,Saved,सेव हो गया,pending,
common.language.reviewNote,This language is new — a native speaker is still reviewing the translation.,यह भाषा नई है — इसके अनुवाद की समीक्षा अभी एक मूल भाषी कर रहे हैं।,pending,
common.practiceNote,Practice text in English — {language} practice text coming soon.,अभ्यास का पाठ अंग्रेज़ी में — {language} अभ्यास पाठ जल्द आ रहा है।,pending,
common.actions.start,Start,शुरू करें,pending,
common.actions.begin,Begin,शुरू करें,pending,
common.actions.continue,Continue,आगे बढ़ें,pending,
common.actions.back,Back,वापस,pending,
common.actions.exit,Exit,बाहर निकलें,pending,
common.actions.done,Done,हो गया,pending,
common.actions.close,Close,बंद करें,pending,
common.actions.save,Save,सेव करें,pending,
common.actions.cancel,Cancel,रद्द करें,pending,
common.actions.retry,Try again,फिर कोशिश करें,pending,
common.actions.maybeLater,Maybe later,बाद में,pending,
common.actions.pause,Pause,रोकें,pending,
common.actions.resume,Resume,फिर शुरू करें,pending,
common.actions.restart,Restart,दोबारा शुरू करें,pending,
common.actions.next,Next,अगला,pending,
common.actions.finish,Finish,पूरा करें,pending,
common.actions.seeResults,See results,नतीजे देखें,pending,
common.actions.loading,Loading…,लोड हो रहा है…,pending,
curriculum.eyebrow,Sharp Brain 30-Day Curriculum,Sharp Brain 30-दिन का कोर्स,pending,
curriculum.title,Your daily roadmap,आपका रोज़ का रोडमैप,pending,
curriculum.intro,"30 days in 4 phases, mixing focus warm-ups, visual memory and attention, visualisation and reading practice into one balanced circuit — with real WPM and comprehension checkpoints along the way.","4 चरणों में 30 दिन — फ़ोकस वार्म-अप, विज़ुअल मेमोरी और ध्यान, कल्पना और पढ़ने की प्रैक्टिस एक संतुलित सर्किट में — बीच-बीच में असली WPM और समझ की जाँच के साथ।",pending,
curriculum.metrics.brainScore,Brain Score,ब्रेन स्कोर,pending,
curriculum.metrics.readingGrowth,Reading growth,पढ़ने में बढ़त,pending,
curriculum.metrics.comprehension,Comprehension,समझ,pending,
curriculum.metrics.consistency,Consistency,नियमितता,pending,
curriculum.metrics.visualizationDepth,Visualisation depth,कल्पना की गहराई,pending,
curriculum.allDays,All 30 days,सभी 30 दिन,pending,
curriculum.allDaysHintPro,Day N opens once Day N-1 is complete. Star days are real WPM + comprehension checkpoints.,दिन N तभी खुलता है जब दिन N-1 पूरा हो। स्टार वाले दिन असली WPM + समझ की जाँच के दिन हैं।,pending,
curriculum.allDaysHintFree,Enrol to open the full 30-day curriculum. Days you have already completed stay open. Star days are real WPM + comprehension checkpoints.,पूरा 30-दिन का कोर्स खोलने के लिए नामांकन करें। जो दिन आप पूरे कर चुके हैं वे खुले रहेंगे। स्टार वाले दिन असली WPM + समझ की जाँच के दिन हैं।,pending,
curriculum.startProgram,Start the {program},{program} शुरू करें,pending,
curriculum.phaseLabel,Phase {phase} · Days {start}–{end},चरण {phase} · दिन {start}–{end},pending,
curriculum.dayShort,Day {day},दिन {day},pending,
curriculum.dayLockedTitle,Day {day} — enrol to unlock,दिन {day} — खोलने के लिए नामांकन करें,pending,
curriculum.categories.brainGym,Focus Warm-Up,फ़ोकस वार्म-अप,pending,
curriculum.categories.visualFocusMemory,Visual Focus & Memory,विज़ुअल फ़ोकस और मेमोरी,pending,
curriculum.categories.visualization,Visualisation,कल्पना,pending,
curriculum.categories.readingIntelligence,Reading Intelligence,रीडिंग इंटेलिजेंस,pending,
curriculum.detail.backToAll,All 30 days,सभी 30 दिन,pending,
curriculum.detail.dayCompleteUnlocked,Day {day} complete! Day {next} is now unlocked.,दिन {day} पूरा! अब दिन {next} खुल गया है।,pending,
curriculum.detail.phaseDay,Phase {phase} · Day {day},चरण {phase} · दिन {day},pending,
curriculum.detail.checkpointDay,Checkpoint day,जाँच का दिन,pending,
curriculum.detail.completed,Completed,पूरा,pending,
curriculum.detail.checkpointRecorded,Checkpoint recorded,जाँच दर्ज हो गई,pending,
curriculum.detail.trueWpm,True WPM,असली WPM,pending,
curriculum.detail.comprehension,Comprehension,समझ,pending,
curriculum.detail.vsBaseline,vs. your Day 1 baseline,आपके दिन 1 की तुलना में,pending,
curriculum.detail.dayDone,Day {day} complete — nice work.,दिन {day} पूरा — बढ़िया काम।,pending,
curriculum.detail.practiceAgain,Practice again,फिर से प्रैक्टिस करें,pending,
curriculum.detail.uploadStarted,Chapter upload started for Day {day},दिन {day} के लिए अध्याय अपलोड शुरू हो गया,pending,
curriculum.detail.uploadStartedHint,Go back to Upload & Learn any time to pick up where you left off.,जहाँ छोड़ा था वहीं से जारी रखने के लिए कभी भी Upload & Learn पर लौटें।,pending,
curriculum.detail.uploadToday,Upload today’s chapter,आज का अध्याय अपलोड करें,pending,
curriculum.detail.uploadTodayHint,Bring real reading material for “{title}” and practise Sharp Brain on the real thing.,“{title}” के लिए असली पढ़ने की सामग्री लाएँ और असली चीज़ पर Sharp Brain की प्रैक्टिस करें।,pending,
curriculum.detail.uploadLink,Upload & Learn →,Upload & Learn →,pending,
curriculum.player.dayDone,{title} — done!,{title} — पूरा!,pending,
curriculum.player.allExercisesDone,All {count} exercises complete. Day {next} is now unlocked.,सभी {count} एक्सरसाइज़ पूरी। अब दिन {next} खुल गया है।,pending,
curriculum.player.backToRoadmap,Back to roadmap,रोडमैप पर वापस,pending,
curriculum.player.oneMoreStep,One more step,बस एक कदम और,pending,
curriculum.player.niceWork,Nice work today.,आज बढ़िया काम किया।,pending,
curriculum.player.checkpointIntro,This is a checkpoint day — finish with a short WPM and comprehension check-in to complete Day {day}.,आज जाँच का दिन है — दिन {day} पूरा करने के लिए आखिर में एक छोटी WPM और समझ की जाँच करें।,pending,
curriculum.player.startCheckIn,Start check-in,जाँच शुरू करें,pending,
curriculum.player.stepOf,Step {step} of {total} · {category},{total} में से कदम {step} · {category},pending,
curriculum.player.skipExercise,Skip exercise,एक्सरसाइज़ छोड़ें,pending,
curriculum.player.skip,Skip,छोड़ें,pending,
curriculum.player.exitToRoadmap,Exit to roadmap,रोडमैप पर जाएँ,pending,
curriculum.player.skipStep,Skip this step,यह कदम छोड़ें,pending,
curriculum.player.continueGuided,Continue in its own guided view,इसके अपने गाइडेड व्यू में जारी रखें,pending,
curriculum.player.gatedIntro,"This exercise has its own guided flow with progress tracking — it opens in its own focused view, then brings you straight back here.","इस एक्सरसाइज़ का अपना गाइडेड तरीका है जिसमें प्रगति दर्ज होती है — यह अलग व्यू में खुलेगी, फिर आपको सीधे यहीं वापस ले आएगी।",pending,
curriculum.player.dayCompleteEyebrow,Day {day} complete,दिन {day} पूरा,pending,
curriculum.player.loading,Loading today’s session…,आज का सेशन लोड हो रहा है…,pending,
curriculum.phaseComplete.title,Phase {phase} complete!,चरण {phase} पूरा!,pending,
curriculum.phaseComplete.upNext,Up next — Phase {phase}: {title}.,आगे — चरण {phase}: {title}।,pending,
curriculum.finishPrevious.title,Day {day} opens after Day {previous},"दिन {day}, दिन {previous} के बाद खुलेगा",pending,
curriculum.finishPrevious.body,The 30 days open one after another. Finish Day {previous} and Day {day} opens straight away.,"30 दिन एक के बाद एक खुलते हैं। दिन {previous} पूरा करें, दिन {day} तुरंत खुल जाएगा।",pending,
curriculum.finishPrevious.goTo,Go to Day {previous},दिन {previous} पर जाएँ,pending,
curriculum.assessment.eyebrow,Checkpoint complete,जाँच पूरी,pending,
curriculum.assessment.title,Day {day} assessment,दिन {day} का मूल्यांकन,pending,
curriculum.paywall.dayTitle,Day {day} is part of the {program},"दिन {day}, {program} का हिस्सा है",pending,
curriculum.paywall.startTitle,Start the {program},{program} शुरू करें,pending,
curriculum.paywall.body,"All 30 days of the curriculum — real WPM and comprehension checkpoints, and 7 live classes with Dr. Kapil Dev Sharma — open when you enrol. Days you have already completed stay open.","कोर्स के सभी 30 दिन — असली WPM और समझ की जाँच, और Dr. Kapil Dev Sharma के साथ 7 लाइव क्लास — नामांकन करते ही खुल जाते हैं। जो दिन आप पूरे कर चुके हैं वे खुले रहेंगे।",pending,
curriculum.practice.complete,Practice complete,प्रैक्टिस पूरी,pending,
curriculum.practice.saved,Practice saved. Your original Day {day} result stays the same.,प्रैक्टिस सेव हो गई। दिन {day} का आपका असली नतीजा वैसा ही रहेगा।,pending,
curriculum.practice.checkpointIntro,Practice check-in: read and answer again to see how you do today. Your official Day {day} result won’t change.,"प्रैक्टिस जाँच: फिर से पढ़ें और जवाब दें, देखें आज कैसा रहा। दिन {day} का आपका आधिकारिक नतीजा नहीं बदलेगा।",pending,
curriculum.practice.practisedOn,Practised again · {date},फिर से प्रैक्टिस की · {date},pending,
curriculum.practice.times,{n} times,{n} बार,pending,
curriculum.practice.latestResult,Latest: {wpm} WPM · {percent}% comprehension,पिछली बार: {wpm} WPM · {percent}% समझ,pending,
curriculum.practice.originalKept,Practice only — your official Day {day} result stays the same.,सिर्फ़ प्रैक्टिस — दिन {day} का आपका आधिकारिक नतीजा वैसा ही रहेगा।,pending,
curriculumPlan.days.d1.title,Baseline & Focus Warm-Up,शुरुआती माप और फ़ोकस का वार्म-अप,pending,
curriculumPlan.days.d1.focus,"Establish your true baseline WPM and comprehension score, then begin waking up your visual system.","अपनी असली शुरुआती WPM और समझ का स्कोर तय करें, फिर अपनी देखने की क्षमता को जगाना शुरू करें।",pending,
curriculumPlan.days.d2.title,Focus Foundation,फ़ोकस की नींव,pending,
curriculumPlan.days.d2.focus,"Warm up your attention with a number hunt, then train picture memory and chunk reading.","नंबर ढूँढने के खेल से ध्यान जगाएँ, फिर तस्वीरों की याददाश्त और चंक रीडिंग का अभ्यास करें।",pending,
curriculumPlan.days.d3.title,First Visual Focus Session,पहला विज़ुअल फ़ोकस सेशन,pending,
curriculumPlan.days.d3.focus,"Introduce visual, non-verbal recall alongside your reading warm-ups.","पढ़ने के वार्म-अप के साथ बिना शब्दों के, देखकर याद रखने की प्रैक्टिस शुरू करें।",pending,
curriculumPlan.days.d4.title,Rhythm & Chunk Awareness,लय और शब्द-समूह की पहचान,pending,
curriculumPlan.days.d4.focus,Start noticing word groups instead of single words.,अकेले शब्दों की जगह शब्दों के समूह देखना शुरू करें।,pending,
curriculumPlan.days.d5.title,Visualization Opens,कल्पना की शुरुआत,pending,
curriculumPlan.days.d5.focus,Begin practising clear pictures in your mind.,मन में साफ़ तस्वीरें बनाने का अभ्यास शुरू करें।,pending,
curriculumPlan.days.d6.title,Foundation Consolidation,नींव को मज़बूत करना,pending,
curriculumPlan.days.d6.focus,Reinforce the week's gains with a full balanced circuit.,पूरे संतुलित सर्किट से इस हफ़्ते की बढ़त को पक्का करें।,pending,
curriculumPlan.days.d7.title,Checkpoint — Foundation Review,जाँच — नींव की समीक्षा,pending,
curriculumPlan.days.d7.focus,Re-measure WPM and comprehension to confirm real week-one growth.,पहले हफ़्ते की असली बढ़त पक्की करने के लिए WPM और समझ फिर से मापें।,pending,
curriculumPlan.days.d8.title,Visual Focus Expansion Begins,विज़ुअल फ़ोकस का विस्तार,pending,
curriculumPlan.days.d8.focus,Deepen visual recall training.,देखकर याद रखने का अभ्यास और गहरा करें।,pending,
curriculumPlan.days.d9.title,Inner Voice Awareness,अंदर की आवाज़ को पहचानना,pending,
curriculumPlan.days.d9.focus,Start noticing and interrupting your inner voice while reading.,पढ़ते समय अपने मन में बोलने वाली आवाज़ को पहचानें और रोकना शुरू करें।,pending,
curriculumPlan.days.d10.title,Flash Intelligence Warm-Up,फ़्लैश पहचान का वार्म-अप,pending,
curriculumPlan.days.d10.focus,Sharpen instant recognition speed with flash-based drills.,फ़्लैश ड्रिल से तुरंत पहचानने की रफ़्तार तेज़ करें।,pending,
curriculumPlan.days.d11.title,Deeper Visual Focus Practice,गहरी विज़ुअल फ़ोकस प्रैक्टिस,pending,
curriculumPlan.days.d11.focus,Extend non-verbal recall span and grid complexity.,बिना शब्दों के याद रखने की क्षमता और ग्रिड की कठिनाई बढ़ाएँ।,pending,
curriculumPlan.days.d12.title,Inner Voice Control,अंदर की आवाज़ पर नियंत्रण,pending,
curriculumPlan.days.d12.focus,"Push further into silent, voice-free reading.","बिना मन में बोले, चुपचाप पढ़ने में और आगे बढ़ें।",pending,
curriculumPlan.days.d13.title,Integration Circuit,मिला-जुला सर्किट,pending,
curriculumPlan.days.d13.focus,Combine visual-focus and reading gains in one balanced session.,विज़ुअल फ़ोकस और पढ़ने की बढ़त को एक संतुलित सेशन में जोड़ें।,pending,
curriculumPlan.days.d14.title,Checkpoint — Visual Focus Review,जाँच — विज़ुअल फ़ोकस की समीक्षा,pending,
curriculumPlan.days.d14.focus,Re-measure WPM and comprehension to confirm real week-two growth.,दूसरे हफ़्ते की असली बढ़त पक्की करने के लिए WPM और समझ फिर से मापें।,pending,
curriculumPlan.days.d15.title,Multi-Sensory Visualisation Begins,कई इंद्रियों वाली कल्पना की शुरुआत,pending,
curriculumPlan.days.d15.focus,"Enter the Sensory Imagery Builder to train vivid, multi-sensory mental imagery.","Sensory Imagery Builder में जाकर साफ़, कई इंद्रियों वाली मन की तस्वीरें बनाने की प्रैक्टिस करें।",pending,
curriculumPlan.days.d16.title,Calm & Steady Focus,शांत और स्थिर फ़ोकस,pending,
curriculumPlan.days.d16.focus,"Settle your mind with guided slow breathing, then train focus and memory.","धीमी, निर्देशित साँसों से मन को शांत करें, फिर फ़ोकस और याददाश्त का अभ्यास करें।",pending,
curriculumPlan.days.d17.title,Mental Mastery Deepens,मन पर पकड़ गहरी होती है,pending,
curriculumPlan.days.d17.focus,Layer visualization work on top of your reading gains.,पढ़ने की बढ़त के ऊपर कल्पना की प्रैक्टिस जोड़ें।,pending,
curriculumPlan.days.d18.title,Full Sensory Immersion,पूरी इंद्रियों में डूबना,pending,
curriculumPlan.days.d18.focus,Picture scenes vividly and recall their details.,दृश्यों को साफ़-साफ़ मन में देखें और उनकी बारीकियाँ याद करें।,pending,
curriculumPlan.days.d19.title,Steady Under Pressure,दबाव में भी स्थिर,pending,
curriculumPlan.days.d19.focus,Keep your attention steady as the drills get quicker.,अभ्यास तेज़ होने पर भी अपना ध्यान स्थिर रखें।,pending,
curriculumPlan.days.d20.title,Integrated Focus Circuit,मिला-जुला फ़ोकस सर्किट,pending,
curriculumPlan.days.d20.focus,"Combine calm breathing, memory and reading in one advanced session.","एक उन्नत सत्र में शांत साँस, याददाश्त और पढ़ना साथ लाएँ।",pending,
curriculumPlan.days.d21.title,Checkpoint — Mental Mastery Review,जाँच — मन पर पकड़ की समीक्षा,pending,
curriculumPlan.days.d21.focus,Re-measure WPM and comprehension to confirm real week-three growth.,तीसरे हफ़्ते की असली बढ़त पक्की करने के लिए WPM और समझ फिर से मापें।,pending,
curriculumPlan.days.d22.title,Peak Mastery — Phrase Fluency,शिखर — वाक्यांशों में सहज पढ़ना,pending,
curriculumPlan.days.d22.focus,"Read in idea-sized phrases, not single words.",अकेले शब्दों की जगह विचार जितने वाक्यांशों में पढ़ें।,pending,
curriculumPlan.days.d23.title,Peak Mastery — Multi-Line Flow,शिखर — कई पंक्तियों में बहाव,pending,
curriculumPlan.days.d23.focus,Extend fluency across multiple lines at once.,एक साथ कई पंक्तियों में सहज पढ़ना बढ़ाएँ।,pending,
curriculumPlan.days.d24.title,Peak Mastery — Sentence Mastery,शिखर — वाक्य पर महारत,pending,
curriculumPlan.days.d24.focus,Recognize whole sentences as single ideas.,पूरे वाक्य को एक विचार की तरह पहचानें।,pending,
curriculumPlan.days.d25.title,Peak Mastery — Paragraph Mastery,शिखर — पैराग्राफ़ पर महारत,pending,
curriculumPlan.days.d25.focus,Recognize whole paragraphs as single meaning blocks.,पूरे पैराग्राफ़ को एक अर्थ के रूप में पहचानें।,pending,
curriculumPlan.days.d26.title,Peak Mastery — Rapid Recognition,शिखर — तुरंत पहचान,pending,
curriculumPlan.days.d26.focus,Recognise words at a glance while keeping accuracy high.,एक नज़र में शब्द पहचानें और सटीकता बनाए रखें।,pending,
curriculumPlan.days.d27.title,Peak Mastery — Number Flash,शिखर — नंबर फ़्लैश,pending,
curriculumPlan.days.d27.focus,Take in numbers at a glance and keep accuracy high.,एक नज़र में नंबर पकड़ें और सटीकता बनाए रखें।,pending,
curriculumPlan.days.d28.title,Peak Mastery — Calm Precision,शिखर — शांत सटीकता,pending,
curriculumPlan.days.d28.focus,"Breathe slowly, then recognise symbols quickly and accurately.","धीरे साँस लें, फिर चिह्नों को जल्दी और सही पहचानें।",pending,
curriculumPlan.days.d29.title,Peak Mastery — Mixed Recognition,शिखर — मिली-जुली पहचान,pending,
curriculumPlan.days.d29.focus,"Words, numbers and symbols at a glance — your sharpest round yet.","शब्द, नंबर और चिह्न एक नज़र में — अब तक का आपका सबसे तेज़ राउंड।",pending,
curriculumPlan.days.d30.title,Final Certification,अंतिम सर्टिफ़िकेशन,pending,
curriculumPlan.days.d30.focus,Complete your final WPM and comprehension assessment and claim your Sharp Brain certification.,अपना अंतिम WPM और समझ का मूल्यांकन पूरा करें और अपना Sharp Brain सर्टिफ़िकेट पाएँ।,pending,
curriculumPlan.phases.p1.title,Foundation & Focus Warm-Up,नींव और फ़ोकस का वार्म-अप,pending,
curriculumPlan.phases.p1.description,"Establish a true baseline, build steady focus, and wake up visual memory and chunk reading.","असली शुरुआती माप तय करें, स्थिर फ़ोकस बनाएँ और विज़ुअल याददाश्त व चंक रीडिंग को जगाएँ।",pending,
curriculumPlan.phases.p2.title,Visual Focus & Inner Voice Control,विज़ुअल फ़ोकस और अंदर की आवाज़ पर नियंत्रण,pending,
curriculumPlan.phases.p2.description,"Deepen visual, non-verbal recall and break the habit of silently voicing every word.","देखकर, बिना शब्दों के याद रखने को गहरा करें और हर शब्द मन में बोलने की आदत तोड़ें।",pending,
curriculumPlan.phases.p3.title,Multi-Sensory Visualisation & Mental Mastery,कई इंद्रियों वाली कल्पना और मन पर पकड़,pending,
curriculumPlan.phases.p3.description,Train vivid multi-sensory visualization and sustained focus.,"साफ़, कई इंद्रियों वाली कल्पना और लंबे समय तक ध्यान की प्रैक्टिस करें।",pending,
curriculumPlan.phases.p4.title,Peak Smart Reading Mastery & Final Certification,Smart Reading में शिखर और अंतिम सर्टिफ़िकेशन,pending,
curriculumPlan.phases.p4.description,Push every skill to its ceiling and complete the final mastery certification.,हर कौशल को उसकी सीमा तक ले जाएँ और अंतिम सर्टिफ़िकेशन पूरा करें।,pending,
curriculumPlan.exercises.schulte-grid-speed-drill,Peripheral Vision Activator,पेरिफ़ेरल विज़न एक्टिवेटर (शुल्टे ग्रिड),pending,
curriculumPlan.exercises.cross-lateral-tap,Cross-Lateral Tap,क्रॉस-लेटरल टैप,pending,
curriculumPlan.exercises.rapid-visual-span-expander,Rapid Visual Span Expander,विज़ुअल स्पैन एक्सपैंडर,pending,
curriculumPlan.exercises.fast-pattern-blinking,Fast Pattern Blinking,फ़ास्ट पैटर्न ब्लिंकिंग,pending,
curriculumPlan.exercises.peripheral-flash-expander,Peripheral Flash Expander,पेरिफ़ेरल फ़्लैश एक्सपैंडर,pending,
curriculumPlan.exercises.quantum-tachistoscope-multi-word-blast,Multi-Word Flash,मल्टी-वर्ड फ़्लैश,pending,
curriculumPlan.exercises.blink-trigger-micro-recall,Blink Recall,ब्लिंक रिकॉल,pending,
curriculumPlan.exercises.photographic-memory,Deep Visualisation Recall,डीप विज़ुअलाइज़ेशन रिकॉल,pending,
curriculumPlan.exercises.pictorial-essence-sprint,Picture Memory Sprint,पिक्चर मेमोरी स्प्रिंट,pending,
curriculumPlan.exercises.hemispheric-color-sync,Color-Word Sync Grid,कलर-वर्ड सिंक ग्रिड,pending,
curriculumPlan.exercises.dot-memory-grid,Dot Memory Grid,डॉट मेमोरी ग्रिड,pending,
curriculumPlan.exercises.number-flash-grid,Number Flash Grid,नंबर फ़्लैश ग्रिड,pending,
curriculumPlan.exercises.word-flash-grid,Word Flash Grid,वर्ड फ़्लैश ग्रिड,pending,
curriculumPlan.exercises.image-flash-grid,Image Flash Grid,इमेज फ़्लैश ग्रिड,pending,
curriculumPlan.exercises.quantum-mental-rotation,Mental Object Rotation,मेंटल ऑब्जेक्ट रोटेशन,pending,
curriculumPlan.exercises.color-scene-transformation,Color & Scene Transformation Journey,रंग और दृश्य परिवर्तन,pending,
curriculumPlan.exercises.sensory-hologram-builder,Sensory Imagery Builder,सेंसरी इमेजरी बिल्डर,pending,
curriculumPlan.exercises.calm-breathing,Calm Breathing,शांत साँसें,pending,
curriculumPlan.exercises.dynamic-chunk-sliding,Dynamic Chunk Sliding,डायनैमिक चंक स्लाइडिंग,pending,
curriculumPlan.exercises.vertical-chunk-sliding,Vertical Chunk Sliding,वर्टिकल चंक स्लाइडिंग,pending,
curriculumPlan.exercises.flash-recall-sprint,Flash Recall & Retention Sprint,फ़्लैश रिकॉल स्प्रिंट,pending,
curriculumPlan.exercises.vertical-flash-recall,Vertical Flash Recall & Retention Sprint,वर्टिकल फ़्लैश रिकॉल,pending,
curriculumPlan.exercises.vertical-word-reading,Vertical Word Reading,वर्टिकल वर्ड रीडिंग,pending,
curriculumPlan.exercises.phrase-reading-mode,Phrase Reading,फ़्रेज़ रीडिंग,pending,
curriculumPlan.exercises.sentence-reading-mode,Sentence Reading,सेंटेंस रीडिंग,pending,
curriculumPlan.exercises.paragraph-reading-mode,Paragraph Reading,पैराग्राफ़ रीडिंग,pending,
curriculumPlan.exercises.guided-paragraph-reading-mode,Guided Paragraph Reading,गाइडेड पैराग्राफ़ रीडिंग,pending,
curriculumPlan.exercises.subvocalization-destroyer,Inner Voice Control,इनर वॉइस कंट्रोल,pending,
curriculumPlan.exercises.photographic-reading,Visual Memory Reading,विज़ुअल मेमोरी रीडिंग,pending,
curriculumPlan.exercises.dual-stream-split-reader,Dual-Stream Split Reader,डुअल-स्ट्रीम रीडर,pending,
curriculumPlan.exercises.phrase-reading,Phrase Reading (Idea Recognition),फ़्रेज़ रीडिंग (अर्थ पहचान),pending,
curriculumPlan.exercises.multi-line-reading,Multi-Line Reading,मल्टी-लाइन रीडिंग,pending,
curriculumPlan.exercises.sentence-reading,Sentence Reading (Idea Recognition),सेंटेंस रीडिंग (अर्थ पहचान),pending,
curriculumPlan.exercises.paragraph-reading,Paragraph Reading (Meaning Block Recognition),पैराग्राफ़ रीडिंग (अर्थ-खंड पहचान),pending,
curriculumPlan.exercises.word-flash,Rapid Recognition Drill,तुरंत पहचान अभ्यास,pending,
curriculumPlan.exercises.number-flash,Number Flash,नंबर फ़्लैश,pending,
curriculumPlan.exercises.symbol-flash,Symbol Flash,सिंबल फ़्लैश,pending,
curriculumPlan.exercises.mixed-flash,Mixed Flash,मिक्स्ड फ़्लैश,pending,
curriculumPlan.exercises.peripheral-flash,Peripheral Flash,पेरिफ़ेरल फ़्लैश,pending,
curriculumPlan.exercises.progressive-chunk-reading,Progressive Chunk Reading,प्रोग्रेसिव चंक रीडिंग,pending,
dashboard.greeting.morning,Good morning,सुप्रभात,pending,
dashboard.greeting.afternoon,Good afternoon,नमस्ते,pending,
dashboard.greeting.evening,Good evening,शुभ संध्या,pending,
dashboard.greeting.welcomeBack,Welcome back,फिर से स्वागत है,pending,
dashboard.greeting.line,"{greeting}, {name}","{greeting}, {name}",pending,
dashboard.greeting.fallbackName,there,दोस्त,pending,
dashboard.program.complete,30-day plan complete — use Practice again on any day to keep your skills sharp.,30 दिन का प्लान पूरा — अपनी स्किल्स तेज़ रखने के लिए किसी भी दिन को फिर से अभ्यास करें।,pending,
dashboard.program.progress,Day {day} of {total} · {done} days complete,{total} में से दिन {day} · {done} दिन पूरे,pending,
dashboard.documentStudio.eyebrow,Tier 1 · Utility Hub,टियर 1 · यूटिलिटी हब,pending,
dashboard.documentStudio.description,"Drop any PDF, textbook or research paper. Our AI turns it into Smart Reading drills, Mind Maps and Neural Map Notes.","कोई भी PDF, किताब या रिसर्च पेपर डालें। हमारा AI उसे Smart Reading ड्रिल, Mind Maps और Neural Map Notes में बदल देगा।",pending,
dashboard.flagship.eyebrow,Tier 3 · Flagship Program,टियर 3 · मुख्य प्रोग्राम,pending,
dashboard.flagship.description,A structured 30-day path with live classes.,लाइव क्लास के साथ 30 दिन का तय रास्ता।,pending,
dashboard.mindScore.breakdown,Mind Score breakdown,Mind Score का ब्योरा,pending,
dashboard.mindScore.reading,Reading,पढ़ना,pending,
dashboard.mindScore.memory,Memory,याददाश्त,pending,
dashboard.mindScore.focus,Focus,फ़ोकस,pending,
dashboard.streak.one,Current streak: {count} day,लगातार दिन: {count} दिन,pending,
dashboard.streak.many,Current streak: {count} days,लगातार दिन: {count} दिन,pending,
dashboard.curriculumCard.progress,Your curriculum progress,आपकी कोर्स प्रगति,pending,
dashboard.curriculumCard.dayTheme,Day {day} — {title},दिन {day} — {title},pending,
dashboard.curriculumCard.readyDay1,Ready to begin Day 1,दिन 1 शुरू करने के लिए तैयार,pending,
dashboard.curriculumCard.percentComplete,{percent}% of the 30 days complete,30 में से {percent}% दिन पूरे,pending,
dashboard.curriculumCard.openCurriculum,Open curriculum,कोर्स खोलें,pending,
dashboard.curriculumCard.continueDay,Continue Day {day},दिन {day} जारी रखें,pending,
dashboard.curriculumCard.startDay1,Start Day 1,दिन 1 शुरू करें,pending,
dashboard.viewToggle.student,Student view,स्टूडेंट व्यू,pending,
dashboard.viewToggle.parent,Parent analytics,पेरेंट एनालिटिक्स,pending,
dashboard.habit.journeyDay,Day {day} of your {program}.,आपके {program} का दिन {day}।,pending,
dashboard.habit.programOutcome,"Read faster with understanding, focus longer, remember more — measured from your own Day 1 to Day 30.","समझ के साथ तेज़ पढ़ें, ज़्यादा देर फ़ोकस करें, ज़्यादा याद रखें — आपके अपने दिन 1 से दिन 30 तक मापा गया।",pending,
dashboard.habit.programFormat,Online · 7 live classes + 30 days of app practice.,ऑनलाइन · 7 लाइव क्लास + 30 दिन ऐप प्रैक्टिस।,pending,
dashboard.journeyCard.skills,Reading · Quick Choice · Visual Focus · Visualisation,पढ़ना · तुरंत चुनाव · विज़ुअल फ़ोकस · कल्पना,pending,
dashboard.journeyCard.continue,Continue →,जारी रखें →,pending,
dashboard.journeyCard.begin,Begin →,शुरू करें →,pending,
dashboard.journeyCard.dayCompleted,"Day {day}, completed","दिन {day}, पूरा",pending,
dashboard.journeyCard.dayUnlocked,"Day {day}, unlocked","दिन {day}, खुला हुआ",pending,
dashboard.journeyCard.dayLocked,"Day {day}, locked, part of the {program}","दिन {day}, बंद, {program} का हिस्सा",pending,
dashboard.liveClasses.title,Live Classes & Mentorship,लाइव क्लास और मार्गदर्शन,pending,
dashboard.liveClasses.intro,"Your live class schedule, class recordings and direct access to your mentor.","आपकी लाइव क्लास का समय, क्लास की रिकॉर्डिंग और आपके मेंटर से सीधा संपर्क।",pending,
dashboard.liveClasses.tabClasses,Live classes,लाइव क्लास,pending,
dashboard.liveClasses.tabParents,Parents Dashboard,पेरेंट्स डैशबोर्ड,pending,
dashboard.liveClasses.next,Next live class,अगली लाइव क्लास,pending,
dashboard.liveClasses.none,No live class is scheduled right now. Check back soon.,अभी कोई लाइव क्लास तय नहीं है। जल्द ही फिर देखें।,pending,
dashboard.liveClasses.dateTba,Date to be announced,तारीख जल्द बताई जाएगी,pending,
dashboard.liveClasses.join,Join live class,लाइव क्लास से जुड़ें,pending,
dashboard.liveClasses.withMentor,with {name},{name} के साथ,pending,
dashboard.liveClasses.recordings,Class recordings,क्लास की रिकॉर्डिंग,pending,
dashboard.liveClasses.noRecordings,No recordings yet.,अभी कोई रिकॉर्डिंग नहीं है।,pending,
dashboard.liveClasses.watch,Watch recording,रिकॉर्डिंग देखें,pending,
dashboard.liveClasses.mentorTitle,Direct mentor guidance,मेंटर से सीधा मार्गदर्शन,pending,
dashboard.liveClasses.mentorBody,"Questions about a class, a practice day or your progress? Message Dr. Kapil directly.","किसी क्लास, अभ्यास के दिन या अपनी प्रगति के बारे में सवाल है? Dr. Kapil को सीधे मैसेज करें।",pending,
dashboard.liveClasses.mentorCta,Message Dr. Kapil,Dr. Kapil को मैसेज करें,pending,
docWidget.badge,Document Mastery Studio,Document Mastery Studio,pending,
docWidget.includedWith,Included with the {program},{program} में शामिल,pending,
docWidget.unlockTitle,Unlock Document Mastery Studio,Document Mastery Studio खोलें,pending,
docWidget.unlockDesc,"Included with the {program} — turn any PDF, textbook or article into speed-reading drills, mind maps and smart summaries.","{program} में शामिल — किसी भी PDF, किताब या लेख को स्पीड-रीडिंग ड्रिल, माइंड मैप और स्मार्ट सारांश में बदलें।",pending,
docWidget.steps.readingDocument,Reading document content…,डॉक्यूमेंट पढ़ा जा रहा है…,pending,
docWidget.steps.buildingNotes,Building Neural Map Notes & AI Summary…,Neural Map Notes और AI सारांश बन रहे हैं…,pending,
docWidget.steps.preparingSession,Preparing your session…,आपका सेशन तैयार हो रहा है…,pending,
docWidget.steps.fetchingArticle,Fetching article content…,लेख लाया जा रहा है…,pending,
docWidget.steps.fetchingTranscript,Fetching transcript…,ट्रांसक्रिप्ट लाई जा रही है…,pending,
docWidget.steps.generatingMaps,Generating mind maps…,माइंड मैप बन रहे हैं…,pending,
docWidget.previewOf,Preview of {name},{name} की झलक,pending,
docWidget.replaceFile,Replace {name},{name} बदलें,pending,
docWidget.removeFile,Remove {name},{name} हटाएँ,pending,
docWidget.generateIn,Generate in,इस भाषा में बनाएँ,pending,
docWidget.generateInLabel,Language for generated study material,बनने वाली पढ़ाई सामग्री की भाषा,pending,
docWidget.inputMethod,Choose input method,तरीका चुनें,pending,
docWidget.uploadFile,Upload file,फ़ाइल अपलोड करें,pending,
docWidget.pasteUrl,Paste URL / YouTube,URL / YouTube पेस्ट करें,pending,
docWidget.urlPlaceholder,"Paste a YouTube video, article or web link…","YouTube वीडियो, लेख या वेब लिंक पेस्ट करें…",pending,
docWidget.urlLabel,"YouTube video, article or web link","YouTube वीडियो, लेख या वेब लिंक",pending,
docWidget.transformUrl,Transform URL,URL बदलें,pending,
docWidget.somethingWrong,Something went wrong. Please try again.,कुछ गड़बड़ हो गई। कृपया फिर से कोशिश करें।,pending,
docWidget.youtubeVideo,YouTube video,YouTube वीडियो,pending,
docWidget.webArticle,Web article,वेब लेख,pending,
docWidget.uploadDocument,Upload a document,डॉक्यूमेंट अपलोड करें,pending,
docWidget.uploadHint,PDF · Word · Text · Image — tap or drop,PDF · Word · टेक्स्ट · इमेज — टैप करें या छोड़ें,pending,
docWidget.recentDocument,Recent document,हाल का डॉक्यूमेंट,pending,
docWidget.fileTooLarge,This file is too large for instant processing. Please choose a file up to {size}.,यह फ़ाइल तुरंत प्रोसेस करने के लिए बहुत बड़ी है। कृपया {size} तक की फ़ाइल चुनें।,pending,
docWidget.transformFile,Transform into study material,पढ़ाई सामग्री में बदलें,pending,
docWidget.dropTitle,"Drop PDFs, Word files, text files or images/notes here","PDF, Word फ़ाइल, टेक्स्ट फ़ाइल या इमेज/नोट्स यहाँ छोड़ें",pending,
docWidget.dropSubtitle,or click to browse,या चुनने के लिए क्लिक करें,pending,
docWidget.dropHelper,PDF · Word (.docx) · Text · PNG/JPEG,PDF · Word (.docx) · टेक्स्ट · PNG/JPEG,pending,
docWidget.cancelUpload,Cancel upload,अपलोड रद्द करें,pending,
docWidget.preparingProject,Preparing your Learning Project…,आपका Learning Project तैयार हो रहा है…,pending,
docWidget.uploading,Uploading… {percent}%,अपलोड हो रहा है… {percent}%,pending,
docWidget.dropDefaultTitle,Bring your knowledge here,अपना ज्ञान यहाँ लाएँ,pending,
docWidget.historyTitle,Document History™,Document History™,pending,
docWidget.historyDesc,"Reopen a past upload — no new AI call, no extra cost.","पुराना अपलोड फिर से खोलें — न नया AI कॉल, न अतिरिक्त खर्च।",pending,
docWidget.historyEmpty,No documents yet — transform your first one to see it here.,"अभी कोई डॉक्यूमेंट नहीं — पहला बदलें, यहाँ दिखेगा।",pending,
enrol.enrolNow,Enrol now · {price},अभी जुड़ें · {price},reviewed,
enrol.earlyBirdFor,Early-bird for the {date} batch,{date} बैच के लिए अर्ली-बर्ड,reviewed,
enrol.endsIn,ends in,ख़त्म होने में,reviewed,
enrol.endsOn,Ends {deadline},{deadline} तक,reviewed,
enrol.regularLine,Next batch starts {date},अगला बैच {date} से,reviewed,
enrol.oneTime,One-time payment,एकमुश्त भुगतान,reviewed,
enrol.perDay,≈ {price} a day for 30 days,30 दिनों के लिए रोज़ लगभग {price},reviewed,
enrol.chooseBatch,Choose your batch,अपना बैच चुनें,reviewed,
enrol.batchOption,Starts {date},{date} से शुरू,reviewed,
enrol.earlyBirdTag,Early-bird,अर्ली-बर्ड,reviewed,
enrol.offerTag,Your test offer,आपका टेस्ट ऑफ़र,reviewed,
enrol.seatsLeft,{n} seats per batch,हर बैच में {n} सीटें,reviewed,
enrol.redirecting,Opening secure checkout…,सुरक्षित चेकआउट खुल रहा है…,reviewed,
enrol.emailLabel,Your email,आपका ईमेल,reviewed,
enrol.emailHint,Use the email you will sign in to the app with — your access is linked to it.,वही ईमेल डालें जिससे आप ऐप में साइन इन करेंगे — आपका एक्सेस इसी से जुड़ता है।,reviewed,
enrol.nameLabel,Name (optional),नाम (वैकल्पिक),reviewed,
enrol.secure,Secure checkout via Razorpay,Razorpay के ज़रिए सुरक्षित चेकआउट,reviewed,
enrol.errors.invalid_email,Please enter a valid email address.,कृपया सही ईमेल पता डालें।,reviewed,
enrol.errors.batch_closed,That batch has just closed for enrolment. Please choose the next one.,इस बैच का नामांकन अभी बंद हुआ है। कृपया अगला बैच चुनें।,reviewed,
enrol.errors.unavailable,Online checkout is not available for this price right now. Please message us on WhatsApp and we will send your payment link.,"इस कीमत के लिए अभी ऑनलाइन चेकआउट उपलब्ध नहीं है। कृपया WhatsApp पर संदेश भेजें, हम आपको पेमेंट लिंक भेज देंगे।",reviewed,
enrol.errors.rate_limited,Too many attempts. Please wait a minute and try again.,बहुत ज़्यादा कोशिशें। कृपया एक मिनट रुककर फिर कोशिश करें।,reviewed,
enrol.whatsappEnrol,"Hi, I want to enrol in the Sharp Brain 30-Day Program (batch starting {date}, {price}). Please send me the payment link.","नमस्ते, मुझे Sharp Brain 30-दिवसीय प्रोग्राम में जुड़ना है (बैच {date} से, {price})। कृपया पेमेंट लिंक भेजें।",reviewed,
enrol.chatOnWhatsapp,Chat on WhatsApp,WhatsApp पर बात करें,reviewed,
enrol.units.d,d,दिन,reviewed,
enrol.units.h,h,घं,reviewed,
enrol.units.m,m,मि,reviewed,
enrol.units.s,s,से,reviewed,
exercises.exit,Exit,बाहर निकलें,pending,
exercises.exitExercise,Exit exercise,एक्सरसाइज़ से बाहर निकलें,pending,
exercises.whyItWorks,Why this drill works,यह ड्रिल क्यों काम करती है,pending,
exercises.locked.title,{title} is locked,{title} अभी बंद है,pending,
exercises.locked.body,These exercises build on each other in order. Finish the ones before this one first.,ये एक्सरसाइज़ एक के बाद एक आगे बढ़ती हैं। पहले इससे पहले वाली पूरी करें।,pending,
exercises.locked.goTo,Go to {name},{name} पर जाएँ,pending,
exercises.locked.backToLab,Back to Lab,Lab पर वापस,pending,
exercises.rsvp.mode,RSVP Mode™,RSVP Mode™,pending,
exercises.rsvp.speed,Speed: {wpm} WPM,रफ़्तार: {wpm} WPM,pending,
exercises.questions.correct,Correct!,सही!,pending,
exercises.questions.notQuite,Not quite — it was “{answer}”.,थोड़ा चूक गए — सही था “{answer}”।,pending,
exercises.stats.round,Round,राउंड,pending,
exercises.stats.score,Score,स्कोर,pending,
exercises.stats.streak,Streak,लगातार सही,pending,
exercises.stats.accuracy,Accuracy,सटीकता,pending,
exercises.stats.time,Time,समय,pending,
exercises.stats.energy,Energy,ऊर्जा,pending,
exercises.stats.stability,Stability,स्थिरता,pending,
exercises.stats.hitRate,Hit rate,सही निशाने,pending,
exercises.stats.bestScore,Best score,सबसे अच्छा स्कोर,pending,
exercises.stats.elapsed,{time} elapsed,{time} बीत गए,pending,
exercises.stats.streakMultiplier,Streak multiplier ×{n},लगातार सही का गुणक ×{n},pending,
exercises.stats.bestStreak,Best streak,सबसे लंबा सही सिलसिला,pending,
exercises.stats.bestAccuracyAllTime,Best accuracy (all-time),अब तक की सबसे अच्छी सटीकता,pending,
exercises.stats.bestStreakAllTime,Best streak (all-time),अब तक का सबसे लंबा सिलसिला,pending,
exercises.stats.roundsPlayed,Rounds played,खेले गए राउंड,pending,
exercises.stats.bestScoreAllTime,Best score (all-time),अब तक का सबसे अच्छा स्कोर,pending,
exercises.stats.level,Level,लेवल,pending,
exercises.stats.lives,Lives,मौके,pending,
exercises.stats.points,Points,अंक,pending,
exercises.stats.totalPoints,Total points,कुल अंक,pending,
exercises.stats.speed,Speed,रफ़्तार,pending,
exercises.stats.wpm,WPM,WPM,pending,
exercises.stats.comprehension,Comprehension,समझ,pending,
exercises.stats.readingPace,Reading pace,पढ़ने की रफ़्तार,pending,
exercises.stats.targetWpm,Target WPM,लक्ष्य WPM,pending,
exercises.stats.warmingUp,Warming up…,तैयारी हो रही है…,pending,
exercises.stats.wpmValue,{wpm} wpm,{wpm} wpm,pending,
exercises.complete.sprintComplete,Sprint complete.,राउंड पूरा।,pending,
exercises.complete.playAgain,Play again,फिर से खेलें,pending,
exercises.complete.backToLab,Back to Lab,Lab पर वापस,pending,
exercises.complete.continue,Continue,आगे बढ़ें,pending,
exercises.complete.continueSession,Continue session →,सेशन जारी रखें →,pending,
exercises.complete.sessionComplete,Session complete,सेशन पूरा,pending,
exercises.start,Start,शुरू करें,pending,
exercises.colorSync.desc,A colour name flashes in a different ink colour. Tap the colour that matches the WORD or the INK — the round tells you which.,"किसी रंग का नाम दूसरे रंग की स्याही में चमकता है। जो रंग शब्द या स्याही से मेल खाए, उसे टैप करें — हर राउंड बताएगा कि किसे चुनना है।",pending,
exercises.colorSync.why,"This trains the classic Stroop conflict — your brain learns to stop reading the word on autopilot and follow the instruction instead. You get just {seconds}s per round, a streak multiplier, and a bonus for fast correct answers. {rounds} rounds per sprint — half ask for the word, half for the ink.","यह Stroop वाली उलझन की प्रैक्टिस है — आपका दिमाग शब्द को अपने-आप पढ़ने की जगह निर्देश मानना सीखता है। हर राउंड में सिर्फ़ {seconds} सेकंड, लगातार सही पर गुणक, और जल्दी सही जवाब पर बोनस। हर बार {rounds} राउंड — आधे में शब्द, आधे में स्याही।",pending,
exercises.colorSync.matchWord,Match the WORD it spells,"शब्द जो रंग बताता है, वह चुनें",pending,
exercises.colorSync.matchInk,Match the INK colour,स्याही का रंग चुनें,pending,
exercises.colorSync.stimulusLabel,the word {word} painted in {ink} ink,"शब्द {word}, {ink} रंग की स्याही में",pending,
exercises.colorSync.correctPoints,Correct! +{points} points,सही! +{points} अंक,pending,
exercises.colorSync.correctPointsFast,Correct! +{points} points (fast bonus!),सही! +{points} अंक (जल्दी का बोनस!),pending,
exercises.colorSync.notQuite,Not quite — it was {answer}.,थोड़ा चूक गए — सही था {answer}।,pending,
exercises.colorSync.answer,Answer: {answer},जवाब: {answer},pending,
exercises.colorSync.complete,Sync complete,राउंड पूरा,pending,
exercises.colorSync.nice,Nice colour-word control.,रंग और शब्द पर बढ़िया नियंत्रण।,pending,
exercises.colorSync.flawless,Flawless sync! +{bonus} bonus included.,एकदम सही! +{bonus} बोनस शामिल।,pending,
exercises.colorSync.syncAccuracy,Sync accuracy,सटीकता,pending,
exercises.colorSync.correctMatches,Correct matches,सही मिलान,pending,
exercises.colorSync.totalPoints,Total points,कुल अंक,pending,
exercises.colorSync.bestStreak,Best streak,सबसे लंबा सही सिलसिला,pending,
exercises.colorSync.fastestReaction,Fastest reaction,सबसे तेज़ जवाब,pending,
exercises.colorSync.bestAccuracyAllTime,Best accuracy (all-time),अब तक की सबसे अच्छी सटीकता,pending,
exercises.colorSync.bestStreakAllTime,Best streak (all-time),अब तक का सबसे लंबा सिलसिला,pending,
exercises.runner.previous,Previous,पिछला,pending,
exercises.runner.exitToLab,Exit to Lab,Lab पर जाएँ,pending,
exercises.runner.continueTo,Continue: {name},आगे: {name},pending,
exercises.runner.backToDashboard,Back to Dashboard,डैशबोर्ड पर वापस,pending,
exercises.defs.fixation-reduction.description,Let's train your eyes to cover the same line in fewer stops.,आइए आँखों को सिखाएँ कि उसी पंक्ति को कम ठहरावों में पढ़ें।,pending,
exercises.defs.fixation-reduction.duration,About 40 seconds,लगभग 40 सेकंड,pending,
exercises.defs.fixation-reduction.posture,"Sit comfortably. Follow the highlighted point — let your eyes jump, not drift.","आराम से बैठें। चमकते बिंदु के साथ चलें — आँखें कूदें, भटकें नहीं।",pending,
exercises.defs.fixation-reduction.doneTitle,You're covering more ground per glance.,अब एक नज़र में ज़्यादा पढ़ रहे हैं।,pending,
exercises.defs.fixation-reduction.doneLine,"Fewer stops, same line — that ease will carry into your reading.","कम ठहराव, वही पंक्ति — यह आसानी आपके पढ़ने में भी आएगी।",pending,
exercises.dotMemory.desc,"A group of glowing dots flashes on the grid — remember where they are, then tap them from memory. {rounds} rounds, each a little harder than the last.","ग्रिड पर चमकते बिंदुओं का एक समूह दिखता है — याद रखें वे कहाँ थे, फिर याद से उन्हें टैप करें। {rounds} राउंड, हर एक पिछले से थोड़ा कठिन।",pending,
exercises.dotMemory.memorize,Remember the glowing dots.,चमकते बिंदु याद रखें।,pending,
exercises.dotMemory.recall,Tap the cells you remember.,"जो खाने याद हैं, उन्हें टैप करें।",pending,
exercises.dotMemory.nice,Nice spatial recall.,जगह याद रखने में बढ़िया।,pending,
exercises.wordFlash.desc,"Short words flash quickly on the grid. Remember where each one was and what it said, then pick each one.","छोटे शब्द ग्रिड पर जल्दी से चमकते हैं। याद रखें हर शब्द कहाँ था और क्या था, फिर हर एक चुनें।",pending,
exercises.wordFlash.memorize,Remember the words and their cells.,शब्द और उनके खाने याद रखें।,pending,
exercises.wordFlash.pickWord,Pick the word you remember for that cell.,उस खाने के लिए याद आया शब्द चुनें।,pending,
exercises.wordFlash.tapCell,"Tap a cell you remember, then pick its word.","याद आया खाना टैप करें, फिर उसका शब्द चुनें।",pending,
exercises.wordFlash.whichWord,Cell {n}: which word was there?,खाना {n}: वहाँ कौन-सा शब्द था?,pending,
exercises.wordFlash.nice,Nice word-and-place recall.,शब्द और जगह याद रखने में बढ़िया।,pending,
exercises.common.gridSize,Grid size,ग्रिड का आकार,pending,
exercises.common.gridCell,Grid cell {n},ग्रिड खाना {n},pending,
exercises.common.missed,Here is what you missed.,ये आपसे छूट गए।,pending,
exercises.common.correctPlacements,Correct placements,सही जगहें,pending,
exercises.common.preparing,Preparing…,तैयारी हो रही है…,pending,
exercises.common.finish,Finish,पूरा करें,pending,
exercises.calmBalance.desc,"Two opposite energies — heavy Earth & Gold and light Air & Water — pull against each other. Hold “Ground It” or “Lift It” to stop the drift and keep them in balance. {rounds} rounds, each with a tighter balance and a stronger drift than the last.","दो उल्टी ऊर्जाएँ — भारी पृथ्वी और सोना, हल्की हवा और पानी — एक-दूसरे को खींचती हैं। बहाव रोकने और संतुलन बनाए रखने के लिए “नीचे लाएँ” या “ऊपर उठाएँ” दबाकर रखें। {rounds} राउंड, हर एक में संतुलन और कड़ा, बहाव और तेज़।",pending,
exercises.calmBalance.holdGround,Hold Ground It to correct,ठीक करने के लिए “नीचे लाएँ” दबाकर रखें,pending,
exercises.calmBalance.holdLift,Hold Lift It to correct,ठीक करने के लिए “ऊपर उठाएँ” दबाकर रखें,pending,
exercises.calmBalance.balanced,Perfectly balanced,एकदम संतुलित,pending,
exercises.calmBalance.earthGold,Earth & Gold,पृथ्वी और सोना,pending,
exercises.calmBalance.energyBeam,Energy Beam,ऊर्जा की रेखा,pending,
exercises.calmBalance.airWater,Air & Water,हवा और पानी,pending,
exercises.calmBalance.groundIt,⬇ Ground It,⬇ नीचे लाएँ,pending,
exercises.calmBalance.liftIt,⬆ Lift It,⬆ ऊपर उठाएँ,pending,
exercises.calmBalance.harmony,Harmony achieved,संतुलन मिल गया,pending,
exercises.calmBalance.harmonyLine,"{rounds} rounds of Earth, Gold, Air & Water — balanced.","पृथ्वी, सोना, हवा और पानी के {rounds} राउंड — संतुलित।",pending,
exercises.calmBalance.overallStability,Overall stability,कुल स्थिरता,pending,
exercises.calmBalance.perfectRoundStreak,Perfect round streak,लगातार परफ़ेक्ट राउंड,pending,
exercises.calmBalance.balanceTime,Balance time,संतुलन का समय,pending,
exercises.calmBalance.bestStabilityAllTime,Best stability (all-time),अब तक की सबसे अच्छी स्थिरता,pending,
exercises.sound.soundscapeOn,Soundscape on,पृष्ठभूमि आवाज़ चालू,pending,
exercises.sound.soundscapeOff,Soundscape off,पृष्ठभूमि आवाज़ बंद,pending,
exercises.sound.mute,Mute,आवाज़ बंद,pending,
exercises.sound.unmute,Unmute,आवाज़ चालू,pending,
exercises.sound.volume,Volume,आवाज़ का स्तर,pending,
exercises.sound.volumeLabel,Ambient soundscape volume,पृष्ठभूमि आवाज़ का स्तर,pending,
exercises.sound.pause,Pause,रोकें,pending,
exercises.sound.resume,Resume,जारी रखें,pending,
exercises.sound.restart,Restart,फिर से शुरू करें,pending,
exercises.innerVoice.desc,A very fast stream of words — faster than your inner voice can keep up with. 3 quick questions then check what you remember.,शब्दों की बहुत तेज़ धारा — आपके मन की आवाज़ से भी तेज़। फिर 3 छोटे सवाल देखेंगे कि आपको क्या याद रहा।,pending,
exercises.innerVoice.todaysReading,Today’s reading: {topic},आज का पाठ: {topic},pending,
exercises.innerVoice.reading,Reading: {topic},पाठ: {topic},pending,
exercises.innerVoice.perfect,"Perfect recall — you caught every key idea, without the inner voice.",पूरी याद — मन में बोले बिना आपने हर मुख्य बात पकड़ ली।,pending,
exercises.innerVoice.solid,Good understanding — most of it stayed with you even at high speed.,अच्छी समझ — तेज़ रफ़्तार पर भी ज़्यादातर बातें याद रहीं।,pending,
exercises.innerVoice.again,Worth another try — a few key ideas slipped by at this speed.,एक बार और कोशिश करें — इस रफ़्तार पर कुछ मुख्य बातें छूट गईं।,pending,
exercises.innerVoice.streamComplete,Fast word stream complete.,तेज़ शब्द-धारा पूरी।,pending,
exercises.innerVoice.streamCompleteScore,Fast word stream complete — you remembered {score}/{total}.,तेज़ शब्द-धारा पूरी — आपको {total} में से {score} याद रहे।,pending,
exercises.quiz.retentionCheck,Memory check,याद की जाँच,pending,
exercises.quiz.youScored,You scored {score} / {total},आपका स्कोर {score} / {total},pending,
exercises.quiz.questionOf,{topic} · Question {n} of {total},{topic} · सवाल {n} / {total},pending,
exercises.quiz.correct,Correct!,सही!,pending,
exercises.quiz.notQuite,Not quite — the correct answer is shown above.,थोड़ा चूक गए — सही जवाब ऊपर दिखाया गया है।,pending,
exercises.quiz.seeResults,See results,नतीजे देखें,pending,
exercises.quiz.nextQuestion,Next question,अगला सवाल,pending,
exercises.quiz.continue,Continue,आगे बढ़ें,pending,
exercises.quiz.niceWork,Nice work.,बढ़िया काम।,pending,
exercises.quiz.almostThere,Almost there.,बस थोड़ा और।,pending,
exercises.quiz.correctOf,{correct} of {total} correct,{total} में से {correct} सही,pending,
exercises.quiz.needToContinue,{correct} of {total} correct — need {need} to continue.,{total} में से {correct} सही — आगे बढ़ने के लिए {need} चाहिए।,pending,
exercises.quiz.nextAt,Next — {wpm} WPM,आगे — {wpm} WPM,pending,
exercises.quiz.tryAgain,Try again,फिर से कोशिश करें,pending,
exercises.quiz.checkUnderstanding,Check your understanding,अपनी समझ जाँचें,pending,
exercises.quiz.questionN,Question {n} of {total},सवाल {n} / {total},pending,
exercises.reading.avgPace,Average reading pace,औसत पढ़ने की रफ़्तार,pending,
exercises.reading.wordsRead,Words read,पढ़े गए शब्द,pending,
exercises.reading.completion,Completion,पूरा हुआ,pending,
exercises.reading.bestRecord,Best record,सबसे अच्छा रिकॉर्ड,pending,
exercises.reading.bestRecordValue,{wpm} WPM,{wpm} WPM,pending,
exercises.reading.readAgain,Read again,फिर से पढ़ें,pending,
exercises.schulte.desc,"A 5×5 grid of mixed-up numbers. Find and tap 1 to 25 in order, as fast as you can.","5×5 ग्रिड में बिखरे हुए नंबर। 1 से 25 तक क्रम से, जितनी जल्दी हो सके ढूँढकर टैप करें।",pending,
exercises.schulte.why,A quick warm-up for visual focus and side vision before a reading session.,पढ़ने से पहले नज़र के फ़ोकस और आसपास देखने की क्षमता के लिए एक छोटा वार्म-अप।,pending,
exercises.schulte.next,Next,अगला,pending,
exercises.schulte.mistakes,Mistakes,गलतियाँ,pending,
exercises.schulte.complete,Grid complete,ग्रिड पूरा,pending,
exercises.schulte.nice,"Nice, focused search.","बढ़िया, ध्यान से खोज की।",pending,
exercises.schulte.totalTime,Total time,कुल समय,pending,
exercises.schulte.bestTime,Best time,सबसे अच्छा समय,pending,
exercises.schulte.numbersFound,Numbers found,मिले नंबर,pending,
exercises.result.trainingComplete,Training complete,ट्रेनिंग पूरी,pending,
exercises.result.activated,{ability} activated.,{ability} सक्रिय हुई।,pending,
exercises.result.correct,Correct,सही,pending,
exercises.result.speed,Speed,रफ़्तार,pending,
exercises.result.score,Score,स्कोर,pending,
exercises.result.avgReaction,Avg reaction,औसत जवाब का समय,pending,
exercises.result.trainAgain,Train again,फिर से ट्रेनिंग करें,pending,
exercises.result.continueNext,Continue to next step,अगले कदम पर जाएँ,pending,
exercises.result.backToDashboard,Back to Dashboard,डैशबोर्ड पर वापस,pending,
exercises.result.fastest,Fastest response: {time},सबसे तेज़ जवाब: {time},pending,
exercises.result.nextSession,Next session: {ms}ms · {level},अगला सेशन: {ms}ms · {level},pending,
exercises.result.coach.top,Excellent — both accuracy and speed are outstanding.,शानदार — सटीकता और रफ़्तार दोनों बेहतरीन हैं।,pending,
exercises.result.coach.great,Excellent recognition.,शानदार पहचान।,pending,
exercises.result.coach.strong,Strong performance. Your visual processing is getting sharper.,मज़बूत प्रदर्शन। आपकी देखने-समझने की क्षमता तेज़ हो रही है।,pending,
exercises.result.coach.good,Good start. Regular practice builds the skill.,अच्छी शुरुआत। नियमित प्रैक्टिस से यह कौशल बनता है।,pending,
exercises.result.coach.keepGoing,Keep going — it will click with repetition.,लगे रहें — दोहराने से यह आसान हो जाएगा।,pending,
exercises.result.rec.increase,Excellent accuracy. Next time each flash is shorter: {ms}ms.,शानदार सटीकता। अगली बार हर फ़्लैश छोटा होगा: {ms}ms।,pending,
exercises.result.rec.increaseDetail,You are at the {level} level. Keep it steady.,आप {level} लेवल पर हैं। इसी तरह स्थिर रहें।,pending,
exercises.result.rec.decrease,Taking more time builds stronger recognition. Next time: {ms}ms.,थोड़ा ज़्यादा समय लेने से पहचान मज़बूत होती है। अगली बार: {ms}ms।,pending,
exercises.result.rec.decreaseDetail,Accuracy matters more than speed right now.,अभी रफ़्तार से ज़्यादा सटीकता ज़रूरी है।,pending,
exercises.result.rec.again,Another session at {ms}ms will make it stick.,{ms}ms पर एक और सेशन से यह पक्का हो जाएगा।,pending,
exercises.result.rec.againDetail,Get 70% or more regularly to move up.,आगे बढ़ने के लिए नियमित रूप से 70% या ज़्यादा लाएँ।,pending,
exercises.result.rec.different,Great consistency — try a different exercise to train your brain in a new way.,बहुत बढ़िया नियमितता — दिमाग को नए तरीके से ट्रेन करने के लिए कोई दूसरी एक्सरसाइज़ आज़माएँ।,pending,
exercises.result.rec.maintain,Good session. Regular practice builds real skill.,अच्छा सेशन। नियमित प्रैक्टिस से असली कौशल बनता है।,pending,
exercises.result.rec.maintainDetail,{accuracy}% accuracy at {ms}ms.,{ms}ms पर {accuracy}% सटीकता।,pending,
exercises.phrase.tagline,"Read ideas, not words","शब्द नहीं, विचार पढ़ें",pending,
exercises.phrase.intro,Recognise complete ideas instead of reading word by word.,शब्द-शब्द पढ़ने की जगह पूरा विचार पहचानें।,pending,
exercises.phrase.todaysGoal,Today’s goal,आज का लक्ष्य,pending,
exercises.phrase.currentLevel,Current level,अभी का लेवल,pending,
exercises.phrase.phraseLength,Phrase length,वाक्यांश की लंबाई,pending,
exercises.phrase.mission,Mission,मिशन,pending,
exercises.phrase.estimatedTime,Estimated time,अनुमानित समय,pending,
exercises.phrase.about3,About 3 minutes,लगभग 3 मिनट,pending,
exercises.phrase.brainSkill,Brain skill,दिमागी कौशल,pending,
exercises.phrase.readingBenefit,Reading benefit,पढ़ने में फ़ायदा,pending,
exercises.phrase.advancedPhrases,{n} advanced phrases,{n} एडवांस वाक्यांश,pending,
exercises.phrase.meaningfulPhrases,{n} meaningful phrases,{n} अर्थपूर्ण वाक्यांश,pending,
exercises.phrase.level5Needs,Level 5 needs {percent}% correct,लेवल 5 के लिए {percent}% सही चाहिए,pending,
exercises.phrase.levelNeeds,Level {level} needs {pass} of {total} Brain Challenges correct,लेवल {level} के लिए {total} में से {pass} Brain Challenge सही चाहिए,pending,
exercises.phrase.missionN, · Mission {n}, · मिशन {n},pending,
exercises.phrase.startMission,Start mission,मिशन शुरू करें,pending,
exercises.phrase.missionHud,Mission {mission} • Level {level},मिशन {mission} • लेवल {level},pending,
exercises.phrase.phraseLengthHud,Phrase length: {length},वाक्यांश की लंबाई: {length},pending,
exercises.phrase.levelMap,Level map: currently on Level {level} of 5,लेवल मैप: अभी 5 में से लेवल {level} पर,pending,
exercises.phrase.levelOf5,Level {level} of 5,5 में से लेवल {level},pending,
exercises.phrase.levelComplete,Level {level} complete,लेवल {level} पूरा,pending,
exercises.phrase.levelN,Level {level},लेवल {level},pending,
exercises.phrase.unlockNext,🔓 Level {level},🔓 लेवल {level},pending,
exercises.phrase.lockedNext,🔒 Level {level},🔒 लेवल {level},pending,
exercises.phrase.allLevels,🏆 All levels complete,🏆 सभी लेवल पूरे,pending,
exercises.phrase.continueNextLevel,Continue to next level,अगले लेवल पर जाएँ,pending,
exercises.phrase.viewResults,View results,नतीजे देखें,pending,
exercises.phrase.need,Need {percent}%,{percent}% चाहिए,pending,
exercises.phrase.brainChallenge,Brain Challenge,Brain Challenge,pending,
exercises.phrase.paused,Mission paused,मिशन रुका है,pending,
exercises.phrase.pausedAccuracy,{percent}% accuracy,{percent}% सटीकता,pending,
exercises.phrase.todaysAchievement,Today’s achievement:,आज की उपलब्धि:,pending,
exercises.phrase.readingGain,Estimated reading gain:,पढ़ने में अनुमानित बढ़त:,pending,
exercises.phrase.establishing,Establishing baseline,शुरुआती माप लिया जा रहा है,pending,
exercises.phrase.gainWpm,{sign}{n} WPM,{sign}{n} WPM,pending,
exercises.phrase.readiness,Reading readiness:,पढ़ने की तैयारी:,pending,
exercises.phrase.nextMission,Next mission:,अगला मिशन:,pending,
exercises.pause,Pause,रोकें,pending,
exercises.resume,Resume,जारी रखें,pending,
exercises.pauseExercise,Pause exercise,एक्सरसाइज़ रोकें,pending,
exercises.resumeExercise,Resume exercise,एक्सरसाइज़ जारी रखें,pending,
exercises.labels.10_12_words,10-12 Words,10-12 शब्द,pending,
exercises.labels.12_16_words,12-16 Words,12-16 शब्द,pending,
exercises.labels.16_22_words,16-22 Words,16-22 शब्द,pending,
exercises.labels.2_words,2 Words,2 शब्द,pending,
exercises.labels.3_words,3 Words,3 शब्द,pending,
exercises.labels.4_words,4 Words,4 शब्द,pending,
exercises.labels.5_words,5 Words,5 शब्द,pending,
exercises.labels.6_8_words,6-8 Words,6-8 शब्द,pending,
exercises.labels.8_10_words,8-10 Words,8-10 शब्द,pending,
exercises.labels.a_real_measurement_total_words_shown_divided_by_total_readin,A real measurement — total words shown divided by total reading time — compared with your last session.,असली माप — दिखाए गए कुल शब्द ÷ पढ़ने का कुल समय — पिछले सेशन से तुलना।,pending,
exercises.labels.accelerating,Accelerating,तेज़ी से बढ़ रहा,pending,
exercises.labels.accuracy,Accuracy,सटीकता,pending,
exercises.labels.accuracy_weighted_toward_deep_understanding_questions_like_m,Accuracy weighted toward deep-understanding questions like Main Idea and Inference.,"गहरी समझ वाले सवालों (जैसे मुख्य विचार, निष्कर्ष) को ज़्यादा महत्व देकर सटीकता।",pending,
exercises.labels.activate_your_mind,Activate Your Mind,अपने दिमाग को जगाएँ,pending,
exercises.labels.advanced,Advanced,एडवांस,pending,
exercises.labels.advanced_phrase_reading,Advanced Phrase Reading,एडवांस वाक्यांश पठन,pending,
exercises.labels.advanced_phrase_reading_6_8_word_phrases_with_richer_cross_p,"Advanced Phrase Reading — 6-8 word phrases with richer, cross-pool challenges.","एडवांस वाक्यांश पठन — 6-8 शब्दों के वाक्यांश, ज़्यादा गहरी चुनौतियों के साथ।",pending,
exercises.labels.average_response_time,Average Response Time,औसत जवाब का समय,pending,
exercises.labels.avg_reaction,Avg reaction,औसत जवाब,pending,
exercises.labels.avg_response,Avg Response,औसत जवाब,pending,
exercises.labels.avg_response_time,Avg Response Time,औसत जवाब का समय,pending,
exercises.labels.back_to_lab,Back to Lab →,Lab पर वापस →,pending,
exercises.labels.begin,Begin,शुरू,pending,
exercises.labels.begin_reading,Begin Reading,पढ़ना शुरू,pending,
exercises.labels.beginner,Beginner,शुरुआती,pending,
exercises.labels.beginning,Beginning,शुरुआत,pending,
exercises.labels.best_streak,Best Streak,सबसे लंबा सिलसिला,pending,
exercises.labels.blends_recognition_accuracy_with_whether_your_reading_pace_i,Blends recognition accuracy with whether your reading pace increased.,पहचान की सटीकता और पढ़ने की रफ़्तार बढ़ी या नहीं — दोनों को मिलाकर।,pending,
exercises.labels.brain_performance,Brain Performance,दिमागी प्रदर्शन,pending,
exercises.labels.brain_xp,Brain XP,Brain XP,pending,
exercises.labels.building,Building,बन रहा है,pending,
exercises.labels.building_comprehension,Building Comprehension,समझ बनाना,pending,
exercises.labels.building_consistency,Building Consistency,नियमितता बन रही है,pending,
exercises.labels.building_momentum,Building Momentum,रफ़्तार बन रही है,pending,
exercises.labels.choose_the_best_title,Choose the best title.,सबसे अच्छा शीर्षक चुनें।,pending,
exercises.labels.chunk_recognition_strengthened,Chunk Recognition Strengthened,शब्द-समूह पहचान मज़बूत हुई,pending,
exercises.labels.cognitive_training_points_earned_this_session,Cognitive training points earned this session.,इस सेशन में कमाए दिमागी ट्रेनिंग अंक।,pending,
exercises.labels.complete_thoughts_are_landing_in_a_single_glance,Complete thoughts are landing in a single glance.,पूरे विचार एक ही नज़र में समझ आ रहे हैं।,pending,
exercises.labels.complete_your_first_session_to_begin_scoring,Complete your first session to begin scoring,स्कोर शुरू करने के लिए पहला सेशन पूरा करें,pending,
exercises.labels.complex_ideas,Complex Ideas,कठिन विचार,pending,
exercises.labels.complex_sentences_multiple_details_one_central_idea,"Complex sentences — multiple details, one central idea.","कठिन वाक्य — कई बातें, एक मुख्य विचार।",pending,
exercises.labels.comprehension,Comprehension,समझ,pending,
exercises.labels.comprehension_accuracy,Comprehension Accuracy,समझ की सटीकता,pending,
exercises.labels.comprehension_is_staying_reliable_as_sentences_grow_longer,Comprehension is staying reliable as sentences grow longer.,वाक्य लंबे होने पर भी समझ भरोसेमंद बनी है।,pending,
exercises.labels.comprehension_of_the_exact_wording_is_the_priority_before_pa,Comprehension of the exact wording is the priority before pace increases further.,रफ़्तार और बढ़ाने से पहले सटीक शब्दों की समझ ज़रूरी है।,pending,
exercises.labels.comprehension_speed_increased,Comprehension Speed Increased,समझने की रफ़्तार बढ़ी,pending,
exercises.labels.comprehension_strengthened,Comprehension Strengthened,समझ मज़बूत हुई,pending,
exercises.labels.connected,Connected,जुड़े हुए,pending,
exercises.labels.consistency,Consistency,नियमितता,pending,
exercises.labels.consistency_streak_momentum,Consistency & Streak Momentum,नियमितता और लगातार दिन,pending,
exercises.labels.consistent_practice_is_keeping_your_mind_active,Consistent practice is keeping your mind active,नियमित प्रैक्टिस आपके दिमाग को सक्रिय रख रही है,pending,
exercises.labels.continue,Continue →,आगे बढ़ें →,pending,
exercises.labels.continue_to_next_mission,Continue to Next Mission,अगले मिशन पर जाएँ,pending,
exercises.labels.continue_to_next_step,Continue to Next Step,अगले कदम पर जाएँ,pending,
exercises.labels.correct,Correct,सही,pending,
exercises.labels.correct_answers,Correct Answers,सही जवाब,pending,
exercises.labels.current_level,Current Level,अभी का लेवल,pending,
exercises.labels.developing,Developing,विकसित हो रहा,pending,
exercises.labels.elite,Elite,शीर्ष,pending,
exercises.labels.estimated_reading_speed_gain,Estimated Reading Speed Gain,पढ़ने की रफ़्तार में अनुमानित बढ़त,pending,
exercises.labels.excellent,Excellent,उत्कृष्ट,pending,
exercises.labels.excellent_idea_recognition,Excellent Idea Recognition.,विचारों की शानदार पहचान।,pending,
exercises.labels.excellent_meaning_recognition,Excellent Meaning Recognition.,अर्थ की शानदार पहचान।,pending,
exercises.labels.excellent_progress,Excellent Progress,शानदार प्रगति,pending,
exercises.labels.exceptional_consistency_and_mastery,Exceptional consistency and mastery,असाधारण नियमितता और महारत,pending,
exercises.labels.exceptional_your_progress_is_accelerating,Exceptional — your progress is accelerating,असाधारण — आपकी प्रगति तेज़ हो रही है,pending,
exercises.labels.expert,Expert,एक्सपर्ट,pending,
exercises.labels.extended_phrase_fragments_longer_wording_still_never_a_full_,"Extended phrase fragments — longer wording, still never a full sentence.","लंबे वाक्यांश — ज़्यादा शब्द, पर पूरा वाक्य नहीं।",pending,
exercises.labels.extended_phrases,Extended Phrases,लंबे वाक्यांश,pending,
exercises.labels.fast,Fast,तेज़,pending,
exercises.labels.first_ideas,First Ideas,पहले विचार,pending,
exercises.labels.flash_speed,Flash Speed,फ़्लैश की रफ़्तार,pending,
exercises.labels.fluent_recognition,Fluent Recognition,सहज पहचान,pending,
exercises.labels.focus,Focus,ध्यान दें,pending,
exercises.labels.focus_center,Focus Center,बीच में देखें,pending,
exercises.labels.focus_on_identifying_the_main_idea_faster,Focus on identifying the main idea faster.,मुख्य विचार जल्दी पहचानने पर ध्यान दें।,pending,
exercises.labels.focus_on_recognising_the_whole_idea_not_each_word,"Focus on recognising the whole idea, not each word.","हर शब्द नहीं, पूरे विचार को पहचानने पर ध्यान दें।",pending,
exercises.labels.foundation,Foundation,नींव,pending,
exercises.labels.full_idea_mastery,Full Idea Mastery,पूरे विचार पर महारत,pending,
exercises.labels.full_idea_recall_is_still_catching_up_to_this_sentence_lengt,Full-idea recall is still catching up to this sentence length.,इतने लंबे वाक्यों पर पूरा विचार याद रखना अभी बन रहा है।,pending,
exercises.labels.full_length_sentences_complete_idea_mastery_in_a_single_visu,Full-length sentences — complete idea mastery in a single visual span.,पूरे लंबे वाक्य — एक नज़र में पूरे विचार पर महारत।,pending,
exercises.labels.fuller_sentences_recognizing_the_idea_without_reading_every_,Fuller sentences — recognizing the idea without reading every word.,भरे-पूरे वाक्य — हर शब्द पढ़े बिना विचार पहचानना।,pending,
exercises.labels.get_ready,Get Ready,तैयार हो जाएँ,pending,
exercises.labels.go,Go,चलें,pending,
exercises.labels.good,Good,अच्छा,pending,
exercises.labels.growing,Growing,बढ़ रहे हैं,pending,
exercises.labels.growing_consistently,Growing Consistently,लगातार बढ़ रहे हैं,pending,
exercises.labels.health,Health,स्वास्थ्य,pending,
exercises.labels.highest_chunk_size,Highest Chunk Size,सबसे बड़ा शब्द-समूह,pending,
exercises.labels.holding_the_complete_thought_in_mind_is_the_priority_before_,Holding the complete thought in mind is the priority before length increases further.,लंबाई और बढ़ाने से पहले पूरे विचार को मन में रखना ज़रूरी है।,pending,
exercises.labels.how_precisely_you_recognised_the_exact_idea_not_just_the_top,"How precisely you recognised the exact idea, not just the topic.","आपने सिर्फ़ विषय नहीं, सटीक विचार कितनी सही तरह पहचाना।",pending,
exercises.labels.how_quickly_you_resolved_each_brain_challenge_active_compreh,"How quickly you resolved each Brain Challenge — active comprehension speed, not reading pace.","हर Brain Challenge कितनी जल्दी हल किया — समझने की रफ़्तार, पढ़ने की नहीं।",pending,
exercises.labels.how_reliably_you_grasped_each_paragraph_as_one_whole_meaning,How reliably you grasped each paragraph as one whole meaning block.,हर पैराग्राफ़ को एक पूरे अर्थ के रूप में कितनी भरोसेमंद तरह समझा।,pending,
exercises.labels.how_reliably_you_located_content_across_a_multi_line_paragra,How reliably you located content across a multi-line paragraph.,कई पंक्तियों वाले पैराग्राफ़ में बात कितनी भरोसेमंद तरह ढूँढी।,pending,
exercises.labels.how_reliably_you_recognised_each_chapter_s_central_idea,How reliably you recognised each chapter's central idea.,हर अध्याय का मुख्य विचार कितनी भरोसेमंद तरह पहचाना।,pending,
exercises.labels.idea_processing_improved,Idea Processing Improved,विचार समझना बेहतर हुआ,pending,
exercises.labels.idea_processing_is_holding_steady_at_this_pace,Idea processing is holding steady at this pace.,इस रफ़्तार पर विचार समझना स्थिर है।,pending,
exercises.labels.idea_processing_speed_increased_this_session,Idea processing speed increased this session.,इस सेशन में विचार समझने की रफ़्तार बढ़ी।,pending,
exercises.labels.idea_recognition,Idea Recognition,विचार की पहचान,pending,
exercises.labels.idea_recognition_and_rapid_meaning_processing,Idea recognition and rapid meaning processing,विचार पहचानना और अर्थ जल्दी समझना,pending,
exercises.labels.idea_recognition_becoming_automatic,Idea Recognition Becoming Automatic,विचार पहचानना अपने-आप होने लगा,pending,
exercises.labels.idea_recognition_is_becoming_automatic,Idea recognition is becoming automatic.,विचार पहचानना अपने-आप होने लगा है।,pending,
exercises.labels.idea_recognition_is_forming_consistency_will_follow_with_pra,Idea recognition is forming — consistency will follow with practice.,विचार पहचानना बन रहा है — प्रैक्टिस से नियमितता आएगी।,pending,
exercises.labels.idea_recognition_strengthened,Idea Recognition Strengthened,विचार की पहचान मज़बूत हुई,pending,
exercises.labels.instant_numerical_recognition,Instant numerical recognition,नंबर तुरंत पहचानना,pending,
exercises.labels.instant_visual_symbol_recognition,Instant visual symbol recognition,चिह्न तुरंत पहचानना,pending,
exercises.labels.instant_word_recognition,Instant word recognition,शब्द तुरंत पहचानना,pending,
exercises.labels.intermediate,Intermediate,मध्यम,pending,
exercises.labels.just_beginning,Just Beginning,अभी शुरुआत,pending,
exercises.labels.keep_showing_up_daily,Keep showing up daily,रोज़ आते रहें,pending,
exercises.labels.language_processing,Language Processing,भाषा समझना,pending,
exercises.labels.language_processing_faster,Language Processing Faster,भाषा समझना तेज़ हुआ,pending,
exercises.labels.language_processing_is_becoming_faster,Language processing is becoming faster.,भाषा समझना तेज़ हो रहा है।,pending,
exercises.labels.learning_focused_phrases_recognising_complete_ideas_not_just,"Learning-focused phrases — recognising complete ideas, not just words.","सीखने वाले वाक्यांश — सिर्फ़ शब्द नहीं, पूरे विचार पहचानना।",pending,
exercises.labels.learning_phrases,Learning Phrases,सीखने वाले वाक्यांश,pending,
exercises.labels.levels_completed,Levels Completed,पूरे लेवल,pending,
exercises.labels.line_tracking,Line Tracking,पंक्ति पर नज़र,pending,
exercises.labels.line_tracking_strengthened,Line Tracking Strengthened,पंक्ति पर नज़र मज़बूत हुई,pending,
exercises.labels.meaning_block_recognition_and_whole_paragraph_comprehension,Meaning block recognition and whole-paragraph comprehension,अर्थ-समूह पहचानना और पूरा पैराग्राफ़ समझना,pending,
exercises.labels.meaning_recognition,Meaning Recognition,अर्थ की पहचान,pending,
exercises.labels.meaning_recognition_and_language_processing,Meaning recognition and language processing,अर्थ पहचानना और भाषा समझना,pending,
exercises.labels.meaning_recognition_improved,Meaning Recognition Improved,अर्थ की पहचान बेहतर हुई,pending,
exercises.labels.meaning_recognition_is_forming_consistency_will_follow_with_,Meaning recognition is forming — consistency will follow with practice.,अर्थ पहचानना बन रहा है — प्रैक्टिस से नियमितता आएगी।,pending,
exercises.labels.meaning_recognition_is_holding_steady,Meaning recognition is holding steady.,अर्थ की पहचान स्थिर है।,pending,
exercises.labels.meaning_recognition_strengthened,Meaning Recognition Strengthened,अर्थ की पहचान मज़बूत हुई,pending,
exercises.labels.meaning_rich,Meaning-Rich,अर्थ से भरे,pending,
exercises.labels.meaning_rich_phrases_precise_recognition_among_near_identica,Meaning-rich phrases — precise recognition among near-identical wording.,अर्थ से भरे वाक्यांश — लगभग एक जैसे शब्दों में सटीक पहचान।,pending,
exercises.labels.mission_ready,Mission Ready,मिशन तैयार,pending,
exercises.labels.mission_score,Mission Score,मिशन स्कोर,pending,
exercises.labels.multi_word_visual_span,Multi-word visual span,एक नज़र में कई शब्द,pending,
exercises.labels.nature,Nature,प्रकृति,pending,
exercises.labels.neural_retraining,Neural Retraining,दिमागी री-ट्रेनिंग,pending,
exercises.labels.neural_retraining_index,Neural Retraining Index,दिमागी री-ट्रेनिंग सूचकांक,pending,
exercises.labels.next_mission,Next Mission →,अगला मिशन →,pending,
exercises.labels.numerical_recognition_sharpened,Numerical Recognition Sharpened,नंबर पहचान तेज़ हुई,pending,
exercises.labels.pace,Pace,रफ़्तार,pending,
exercises.labels.pattern_recognition_sharpened,Pattern Recognition Sharpened,पैटर्न पहचान तेज़ हुई,pending,
exercises.labels.peak_performance,Peak Performance,शिखर प्रदर्शन,pending,
exercises.labels.precision_is_still_catching_up_to_this_pace,Precision is still catching up to this pace.,इस रफ़्तार पर सटीकता अभी बन रही है।,pending,
exercises.labels.prepare,Prepare,तैयारी,pending,
exercises.labels.preparing_next_image,Preparing Next Image...,अगली तस्वीर तैयार हो रही है...,pending,
exercises.labels.processing_speed,Processing Speed,समझने की रफ़्तार,pending,
exercises.labels.psychology,Psychology,मनोविज्ञान,pending,
exercises.labels.reaction_time,Reaction Time,जवाब का समय,pending,
exercises.labels.reading_fluency,Reading Fluency,पढ़ने में सहजता,pending,
exercises.labels.reading_fluency_improved,Reading Fluency Improved,पढ़ने की सहजता बढ़ी,pending,
exercises.labels.reading_fluency_increased_this_session,Reading fluency increased this session.,इस सेशन में पढ़ने की सहजता बढ़ी।,pending,
exercises.labels.reading_intelligence,Reading Intelligence,रीडिंग इंटेलिजेंस,pending,
exercises.labels.reading_pace,Reading Pace,पढ़ने की रफ़्तार,pending,
exercises.labels.reading_rhythm_holding_steady_at_this_pace,Reading rhythm holding steady at this pace.,इस रफ़्तार पर पढ़ने की लय स्थिर है।,pending,
exercises.labels.reading_speed,Reading Speed,पढ़ने की रफ़्तार,pending,
exercises.labels.reading_speed_wpm_growth,Reading Speed (WPM Growth),पढ़ने की रफ़्तार (WPM बढ़त),pending,
exercises.labels.ready_to_advance,Ready to Advance,आगे बढ़ने को तैयार,pending,
exercises.labels.recognition_accuracy,Recognition Accuracy,पहचान की सटीकता,pending,
exercises.labels.recognition_speed_increased,Recognition Speed Increased,पहचान की रफ़्तार बढ़ी,pending,
exercises.labels.recognition_switching_and_cognitive_flexibility,Recognition switching and cognitive flexibility,पहचान बदलना और दिमागी लचीलापन,pending,
exercises.labels.recognition_switching_strengthened,Recognition Switching Strengthened,पहचान बदलना मज़बूत हुआ,pending,
exercises.labels.recovering,Recovering,वापसी हो रही है,pending,
exercises.labels.replay_mission,Replay Mission,मिशन दोबारा खेलें,pending,
exercises.labels.retry_mission,Retry Mission,मिशन फिर से करें,pending,
exercises.labels.science,Science,विज्ञान,pending,
exercises.labels.score,Score,स्कोर,pending,
exercises.labels.session_completed,Session Completed,सेशन पूरा,pending,
exercises.labels.short_action_phrases_the_foundation_of_instant_meaning_recog,Short action phrases — the foundation of instant meaning recognition.,छोटे काम वाले वाक्यांश — तुरंत अर्थ पहचानने की नींव।,pending,
exercises.labels.short_direct_sentences_the_foundation_of_instant_idea_recogn,"Short, direct sentences — the foundation of instant idea recognition.","छोटे, सीधे वाक्य — तुरंत विचार पहचानने की नींव।",pending,
exercises.labels.simple,Simple,सरल,pending,
exercises.labels.simple_actions,Simple Actions,सरल काम,pending,
exercises.labels.slightly_longer_sentences_holding_one_complete_thought_in_mi,Slightly longer sentences — holding one complete thought in mind.,थोड़े लंबे वाक्य — एक पूरा विचार मन में रखना।,pending,
exercises.labels.solid_habits_are_forming,Solid habits are forming,पक्की आदतें बन रही हैं,pending,
exercises.labels.spatial_reading_eye_navigation_and_line_tracking,"Spatial reading, eye navigation, and line tracking","जगह के हिसाब से पढ़ना, आँखों की दिशा और पंक्ति पर नज़र",pending,
exercises.labels.speed,Speed,रफ़्तार,pending,
exercises.labels.stable,Stable,स्थिर,pending,
exercises.labels.start_new_session,Start New Session,नया सेशन शुरू करें,pending,
exercises.labels.steady,Steady,स्थिर,pending,
exercises.labels.strong_progress,Strong Progress,मज़बूत प्रगति,pending,
exercises.labels.sustained_reading_rhythm_at_an_expanding_chunk_size,Sustained reading rhythm at an expanding chunk size,बढ़ते शब्द-समूहों के साथ टिकी हुई पढ़ने की लय,pending,
exercises.labels.technology,Technology,तकनीक,pending,
exercises.labels.the_highest_level_you_have_reached_in_progressive_chunk_read,"The highest level you have reached in Progressive Chunk Reading, including today.","आज समेत, Progressive Chunk Reading में आप जहाँ तक पहुँचे सबसे ऊँचा लेवल।",pending,
exercises.labels.the_highest_level_you_reached_this_session,The highest level you reached this session.,इस सेशन में पहुँचा सबसे ऊँचा लेवल।,pending,
exercises.labels.the_largest_chunk_size_you_read_this_session,The largest chunk size you read this session.,इस सेशन में पढ़ा सबसे बड़ा शब्द-समूह।,pending,
exercises.labels.the_longest_run_of_consecutive_correct_answers_this_session,The longest run of consecutive correct answers this session.,इस सेशन में लगातार सही जवाबों का सबसे लंबा सिलसिला।,pending,
exercises.labels.the_share_of_all_brain_challenge_questions_answered_correctl,The share of all Brain Challenge questions answered correctly.,सभी Brain Challenge सवालों में से सही जवाबों का हिस्सा।,pending,
exercises.labels.the_share_of_brain_challenges_answered_correctly,The share of Brain Challenges answered correctly.,सही हल हुए Brain Challenge का हिस्सा।,pending,
exercises.labels.theme_mastery,Theme Mastery,विषय पर महारत,pending,
exercises.labels.this_phrase_is_mainly_about,This phrase is mainly about:,यह वाक्यांश मुख्य रूप से इस बारे में है:,pending,
exercises.labels.track_it,Track It,पीछा करें,pending,
exercises.labels.train_again,Train Again,फिर से ट्रेनिंग करें,pending,
exercises.labels.training_complete,Training Complete™,ट्रेनिंग पूरी,pending,
exercises.labels.very_good,Very Good,बहुत अच्छा,pending,
exercises.labels.visual_recall,Visual Recall,देखकर याद रखना,pending,
exercises.labels.visual_span_and_peripheral_awareness,Visual span and peripheral awareness,नज़र का दायरा और आसपास की जागरूकता,pending,
exercises.labels.visual_span_expanded,Visual Span Expanded,नज़र का दायरा बढ़ा,pending,
exercises.labels.visualization,Visualization,कल्पना,pending,
exercises.labels.visualization_depth,Visualization Depth,कल्पना की गहराई,pending,
exercises.labels.what_caused_this,What caused this?,इसकी वजह क्या थी?,pending,
exercises.labels.what_does_it_mean,What does it mean?,इसका क्या मतलब है?,pending,
exercises.labels.what_was_the_main_idea,What was the main idea?,मुख्य विचार क्या था?,pending,
exercises.labels.what_was_the_phrase_mainly_about,What was the phrase mainly about?,वाक्यांश मुख्य रूप से किस बारे में था?,pending,
exercises.labels.what_was_today_s_topic,What was today's topic?,आज का विषय क्या था?,pending,
exercises.labels.whether_your_reading_pace_held_or_increased_alongside_compre,Whether your reading pace held or increased alongside comprehension.,समझ के साथ आपकी पढ़ने की रफ़्तार टिकी या बढ़ी।,pending,
exercises.labels.which_ending_fits,Which ending fits?,कौन-सा अंत सही बैठता है?,pending,
exercises.labels.which_exact_phrase_did_you_read,Which exact phrase did you read?,आपने ठीक कौन-सा वाक्यांश पढ़ा?,pending,
exercises.labels.which_idea_was_not_mentioned,Which idea was NOT mentioned?,कौन-सा विचार नहीं बताया गया था?,pending,
exercises.labels.which_phrase_came_first,Which phrase came first?,कौन-सा वाक्यांश पहले आया?,pending,
exercises.labels.which_phrase_completes_it,Which phrase completes it?,कौन-सा वाक्यांश इसे पूरा करता है?,pending,
exercises.labels.which_phrase_has_the_same_meaning,Which phrase has the same meaning?,किस वाक्यांश का मतलब वही है?,pending,
exercises.labels.which_sentence_best_summarizes_today_s_lesson,Which sentence best summarizes today's lesson?,कौन-सा वाक्य आज के पाठ का सबसे अच्छा सार है?,pending,
exercises.labels.which_sentence_came_first,Which sentence came first?,कौन-सा वाक्य पहले आया?,pending,
exercises.labels.which_statement_is_true,Which statement is TRUE?,कौन-सी बात सही है?,pending,
exercises.labels.which_statement_means_the_same,Which statement means the same?,किस बात का मतलब वही है?,pending,
exercises.labels.which_word_best_represents_the_phrase,Which word best represents the phrase?,कौन-सा शब्द वाक्यांश को सबसे अच्छे से दर्शाता है?,pending,
exercises.labels.which_word_completes_it,Which word completes it?,कौन-सा शब्द इसे पूरा करता है?,pending,
exercises.labels.words_per_minute_across_every_paragraph_you_actually_read_th,Words per minute across every paragraph you actually read this session.,"इस सेशन में आपने जो पैराग्राफ़ सच में पढ़े, उन सब पर प्रति मिनट शब्द।",pending,
exercises.labels.you_are_building_a_strong_mind_practice,You are building a strong mind practice,आप मज़बूत दिमागी प्रैक्टिस बना रहे हैं,pending,
exercises.labels.you_are_consistently_grasping_the_complete_thought_not_just_,"You are consistently grasping the complete thought, not just isolated words.","आप लगातार अकेले शब्द नहीं, पूरा विचार पकड़ रहे हैं।",pending,
exercises.labels.you_are_consistently_registering_the_exact_idea_not_just_the,"You are consistently registering the exact idea, not just the topic.","आप लगातार सिर्फ़ विषय नहीं, सटीक विचार पकड़ रहे हैं।",pending,
exercises.labels.you_recognise_ideas_quickly,You recognise ideas quickly.,आप विचार जल्दी पहचानते हैं।,pending,
exercises.labels.you_understand_concepts_quickly,You understand concepts quickly.,आप बातें जल्दी समझते हैं।,pending,
exercises.labels.your_longest_run_of_consecutive_correct_answers_this_session,Your longest run of consecutive correct answers this session.,इस सेशन में आपका लगातार सही जवाबों का सबसे लंबा सिलसिला।,pending,
exercises.labels.your_mind_is_performing_at_a_high_level,Your mind is performing at a high level,आपका दिमाग ऊँचे स्तर पर काम कर रहा है,pending,
exercises.labels.your_mind_remembers_pick_up_where_you_left_off,Your mind remembers — pick up where you left off,आपका दिमाग याद रखता है — जहाँ छोड़ा था वहीं से शुरू करें,pending,
exercises.labels.your_practice_is_paying_off,Your practice is paying off,आपकी प्रैक्टिस रंग ला रही है,pending,
exercises.labels.your_transformation_is_ready_to_begin,Your transformation is ready to begin,आपका बदलाव शुरू होने को तैयार है,pending,
exercises.labels.your_transformation_starts_here,Your transformation starts here,आपका बदलाव यहीं से शुरू होता है,pending,
exercises.sentence.intro,"Read a short themed chapter of full sentences, then recognise the whole idea.","किसी एक विषय पर पूरे वाक्यों का छोटा अध्याय पढ़ें, फिर पूरा विचार पहचानें।",pending,
exercises.sentence.todaysTopic,Today’s topic,आज का विषय,pending,
exercises.sentence.thisChapter,This chapter,यह अध्याय,pending,
exercises.sentence.readingGoal,Reading goal,पढ़ने का लक्ष्य,pending,
exercises.sentence.readCarefully,Read carefully — real questions about this chapter follow.,ध्यान से पढ़ें — इस अध्याय पर असली सवाल आएँगे।,pending,
exercises.sentence.chapterOf5,Chapter {level} of 5,5 में से अध्याय {level},pending,
exercises.sentence.levelTheme,Level {level} · {theme},लेवल {level} · {theme},pending,
exercises.sentence.sentenceLengthHud,Sentence length: {length},वाक्य की लंबाई: {length},pending,
exercises.sentence.complexity,Sentence complexity,वाक्य की कठिनाई,pending,
exercises.sentence.complexityLabel,Sentence complexity: {label},वाक्य की कठिनाई: {label},pending,
exercises.sentence.stars,{n} out of 5 stars,5 में से {n} सितारे,pending,
exercises.sentence.nextRecommendation,Next recommendation:,अगली सलाह:,pending,
exercises.sentence.themeMastered,{theme} mastered,{theme} में महारत,pending,
exercises.sentence.themeInProgress,{theme} in progress,{theme} जारी है,pending,
exercises.sentence.todaysGoal,Today’s goal,आज का लक्ष्य,pending,
exercises.sentence.goalValue,Understand complete ideas,पूरे विचार समझना,pending,
exercises.sentence.level,Level,लेवल,pending,
exercises.sentence.sentenceLength,Sentence length,वाक्य की लंबाई,pending,
exercises.sentence.mission,Mission,मिशन,pending,
exercises.sentence.missionValue,1 chapter · 5 sentences,1 अध्याय · 5 वाक्य,pending,
exercises.sentence.brainTarget,Brain target,दिमागी लक्ष्य,pending,
exercises.sentence.brainTargetValue,Idea processing,विचार समझना,pending,
exercises.sentence.levelNeeds,Level {level} needs {percent}% correct,लेवल {level} के लिए {percent}% सही चाहिए,pending,
exercises.sentence.chapterComplete,Chapter {level} complete,अध्याय {level} पूरा,pending,
exercises.sentence.allCleared,🏆 All levels cleared,🏆 सभी लेवल पार,pending,
exercises.sentence.continue,Continue →,आगे बढ़ें →,pending,
exercises.sentence.viewResults,View results →,नतीजे देखें →,pending,
exercises.sentence.readOnceMore,Read once more,एक बार और पढ़ें,pending,
exercises.sentence.retry,Retry →,फिर से →,pending,
exercises.sentence.letsSee,Let’s see what you understood.,देखते हैं आपने क्या समझा।,pending,
exercises.sentence.feedback1,Idea recognised,विचार पहचान लिया,pending,
exercises.sentence.feedback2,Great processing,बढ़िया समझ,pending,
exercises.sentence.feedback3,Strong understanding,मज़बूत समझ,pending,
exercises.sentence.keepBuilding,Keep building,बढ़ते रहें,pending,
exercises.journey.title,Reading Journey,पढ़ने की यात्रा,pending,
exercises.journey.current,Reading Journey: currently on {stage},पढ़ने की यात्रा: अभी {stage} पर,pending,
exercises.journey.word,Word,शब्द,pending,
exercises.journey.chunk,Chunk,शब्द-समूह,pending,
exercises.journey.phrase,Phrase,वाक्यांश,pending,
exercises.journey.multi-line,Multi-Line,कई पंक्तियाँ,pending,
exercises.journey.sentence,Sentence,वाक्य,pending,
exercises.journey.paragraph,Paragraph,पैराग्राफ़,pending,
exercises.journey.page,Page,पेज,pending,
mentor.title,Dr. Kapil’s Note™,Dr. Kapil’s Note™,pending,
mentor.fallback.firstSession,"{name}, your first Mind Session is ready — every expert was once a beginner.","{name}, आपका पहला Mind Session तैयार है — हर एक्सपर्ट कभी शुरुआत करने वाला था।",pending,
mentor.fallback.streakToday,"{name}, your {streak}-day streak is real commitment — keep building on this momentum.","{name}, आपका {streak} दिन का सिलसिला सच्ची लगन है — इसी रफ़्तार को आगे बढ़ाते रहें।",pending,
mentor.fallback.doneToday,"You’ve already shown up today, {name} — that’s how transformation happens.","{name}, आप आज पहले ही प्रैक्टिस कर चुके हैं — बदलाव ऐसे ही आता है।",pending,
mentor.fallback.streakReady,"{name}, your {streak}-day streak is proof — your mind is ready for today’s practice.","{name}, आपका {streak} दिन का सिलसिला सबूत है — आपका दिमाग आज की प्रैक्टिस के लिए तैयार है।",pending,
mentor.fallback.oneLeft,"{name}, you’re one day away from finishing your 30-day plan — today is the day.","{name}, आप अपना 30 दिन का प्लान पूरा करने से बस एक दिन दूर हैं — आज ही वह दिन है।",pending,
mentor.fallback.progress,"{name}, you’ve completed {done} of {total} days — today’s session matters.","{name}, आपने {total} में से {done} दिन पूरे कर लिए हैं — आज का सेशन मायने रखता है।",pending,
nav.dashboard,Dashboard,डैशबोर्ड,pending,
nav.history,History,इतिहास,pending,
nav.settings,Settings,सेटिंग्स,pending,
nav.documentStudio,Document Studio,डॉक्यूमेंट स्टूडियो,pending,
nav.mainNavigation,Main navigation,मुख्य नेविगेशन,pending,
nav.openNavigation,Open navigation,मेन्यू खोलें,pending,
nav.account,Account,अकाउंट,pending,
nav.openAccountMenu,Open account menu,अकाउंट मेन्यू खोलें,pending,
nav.profileSettings,Profile & Settings,प्रोफ़ाइल और सेटिंग्स,pending,
nav.subscription,Subscription,सब्सक्रिप्शन,pending,
nav.support,Support,सहायता,pending,
nav.privacy,Privacy Policy,प्राइवेसी पॉलिसी,pending,
nav.terms,Terms of Service,सेवा की शर्तें,pending,
nav.refund,Refund & Cancellation Policy,रिफ़ंड और कैंसलेशन पॉलिसी,pending,
nav.signOut,Sign out,साइन आउट,pending,
nav.signingOut,Signing out…,साइन आउट हो रहा है…,pending,
nav.installApp,Install App,ऐप इंस्टॉल करें,pending,
nav.toggleTheme,Toggle theme,थीम बदलें,pending,
nav.lightMode,Switch to light mode,लाइट मोड पर जाएँ,pending,
nav.darkMode,Switch to dark mode,डार्क मोड पर जाएँ,pending,
nav.liveClasses,Live Classes,लाइव क्लास,pending,
nav.appTagline,AI Reading & Document Intelligence™,AI रीडिंग और डॉक्यूमेंट इंटेलिजेंस™,pending,
progress.subtitle,Your live brain score — updated after every session.,आपका लाइव ब्रेन स्कोर — हर सेशन के बाद अपडेट होता है।,pending,
progress.overall,Overall intelligence,कुल इंटेलिजेंस,pending,
progress.scoreAria,"Mind Score {score} out of 1000, Reading Intelligence {reading} percent","Mind Score 1000 में से {score}, रीडिंग इंटेलिजेंस {reading} प्रतिशत",pending,
progress.scoreProgress,Mind Score progress,Mind Score प्रगति,pending,
progress.dimensions,Intelligence dimensions,इंटेलिजेंस के पहलू,pending,
progress.dimensionsAria,Mind intelligence dimensions,दिमाग की इंटेलिजेंस के पहलू,pending,
progress.outOf100,{label}: {score} out of 100,{label}: 100 में से {score},pending,
progress.notAttempted,{label}: not yet attempted,{label}: अभी शुरू नहीं किया,pending,
progress.startNow,Start now,अभी शुरू करें,pending,
progress.notStarted,Not started yet,अभी शुरू नहीं हुआ,pending,
progress.vsPrior,{arrow} {n}% vs previous period,{arrow} पिछली अवधि से {n}%,pending,
progress.totalSessions,Total sessions,कुल सेशन,pending,
progress.personalBest,Personal best,अपना सबसे अच्छा,pending,
progress.baseline,Baseline,शुरुआत,pending,
progress.current,Current,अभी,pending,
progress.best,Best,सबसे अच्छा,pending,
progress.weekAria,Weekly activity: {n} of 7 days active.,हफ़्ते की गतिविधि: 7 में से {n} दिन सक्रिय।,pending,
progress.weekTrendUp, Practice is up {n}% versus last period., पिछली अवधि से प्रैक्टिस {n}% बढ़ी है।,pending,
progress.weekTrendDown, Practice is down {n}% versus last period., पिछली अवधि से प्रैक्टिस {n}% घटी है।,pending,
progress.daySessions,"{day}: {n} sessions, {time}","{day}: {n} सेशन, {time}",pending,
progress.daySession,"{day}: 1 session, {time}","{day}: 1 सेशन, {time}",pending,
progress.dayNone,{day}: no activity,{day}: कोई गतिविधि नहीं,pending,
progress.greatestStrength,Greatest strength,सबसे बड़ी ताकत,pending,
progress.needsImprovement,Needs improvement,सुधार की ज़रूरत,pending,
progress.fastestGrowing,Fastest growing,सबसे तेज़ बढ़त,pending,
progress.mostConsistent,Most consistent,सबसे नियमित,pending,
progress.emptyFirst,Complete your first session,अपना पहला सेशन पूरा करें,pending,
progress.emptyUnlock,Unlock more Labs to compare,तुलना के लिए और Labs खोलें,pending,
progress.emptyKeep,Keep practising to see trends,रुझान देखने के लिए प्रैक्टिस जारी रखें,pending,
progress.emptyStreak,A 3-day streak unlocks this,3 दिन लगातार प्रैक्टिस से यह खुलेगा,pending,
progress.moduleComplete,30-day plan complete,30 दिन का प्लान पूरा,pending,
progress.moduleCompleteBody,You’ve finished all 30 days. Use Practice again on any day to keep your skills sharp.,आपने सभी 30 दिन पूरे कर लिए हैं। अपनी स्किल्स तेज़ रखने के लिए किसी भी दिन को फिर से अभ्यास करें।,pending,
progress.highestImpact,Highest-impact practice,सबसे असरदार प्रैक्टिस,pending,
progress.minutes,~{n} minutes,~{n} मिनट,pending,
progress.plusReading,+Reading Intelligence,+रीडिंग इंटेलिजेंस,pending,
progress.firstSession,Complete your first session to get a personal recommendation.,अपनी निजी सलाह पाने के लिए पहला सेशन पूरा करें।,pending,
progress.review,Review,दोहराएँ,pending,
progress.resumeX,Resume: {name},फिर से शुरू करें: {name},pending,
progress.startX,Start: {name},शुरू करें: {name},pending,
progress.continueX,Continue: {name},जारी रखें: {name},pending,
progress.overallGrowth,Overall: {label},कुल: {label},pending,
progress.weeklyAria,"{label}: {score} out of 100, {trend}","{label}: 100 में से {score}, {trend}",pending,
progress.trend.up,up,बढ़ा,pending,
progress.trend.down,down,घटा,pending,
progress.trend.stable,stable,स्थिर,pending,
progress.trend.inactive,not yet attempted,अभी शुरू नहीं किया,pending,
progress.dayStreak,Day streak,लगातार दिन,pending,
progress.bestN,Best: {n},सबसे अच्छा: {n},pending,
progress.sessions,Sessions,सेशन,pending,
progress.exercises,Exercises,एक्सरसाइज़,pending,
progress.momentum,Momentum,रफ़्तार,pending,
progress.consistency,Consistency,नियमितता,pending,
progress.viewRoadmap,View roadmap →,रोडमैप देखें →,pending,
progress.daysRange,Days {start}–{end},दिन {start}–{end},pending,
progress.daysOf,{done} / {total} days,{done} / {total} दिन,pending,
progress.parent.yourProgress,Your progress,आपकी प्रगति,pending,
progress.parent.weeklyView,"A weekly view of reading practice, understanding and consistency.","पढ़ने की प्रैक्टिस, समझ और नियमितता का हफ़्ते भर का हाल।",pending,
progress.parent.consistency,Consistency,नियमितता,pending,
progress.parent.currentStreak,Current streak,अभी लगातार दिन,pending,
progress.parent.longestStreak,Longest streak,सबसे लंबा सिलसिला,pending,
progress.parent.comprehensionScore,Comprehension score,समझ का स्कोर,pending,
progress.parent.comprehensionEmpty,Complete a quiz on an uploaded document to see your comprehension score here.,अपना समझ का स्कोर यहाँ देखने के लिए किसी अपलोड किए डॉक्यूमेंट पर क्विज़ पूरा करें।,pending,
progress.parent.averageAll,Average across all quiz attempts,सभी क्विज़ का औसत,pending,
progress.parent.documentMastery,Document mastery,डॉक्यूमेंट पर पकड़,pending,
progress.parent.documentsCompleted,Documents completed,पूरे किए डॉक्यूमेंट,pending,
progress.parent.avgComprehension,Avg. comprehension,औसत समझ,pending,
progress.parent.todaysStatus,Today’s status,आज का हाल,pending,
progress.parent.practicedToday,Practised today,आज प्रैक्टिस की,pending,
progress.parent.noPracticeToday,No practice yet today,आज अभी प्रैक्टिस नहीं हुई,pending,
progress.parent.curriculumProgress,Daily curriculum progress,रोज़ के कोर्स की प्रगति,pending,
progress.parent.noDays,No {program} days completed yet.,अभी {program} का कोई दिन पूरा नहीं हुआ।,pending,
progress.parent.daysCompleted,Days completed,पूरे दिन,pending,
progress.parent.currentlyOnDay,Currently on Day {day} of {total}.,अभी {total} में से दिन {day} पर।,pending,
progress.parent.speedTrend,Reading speed trend,पढ़ने की रफ़्तार का रुझान,pending,
progress.parent.wpmAverage,{wpm} WPM average,औसत {wpm} WPM,pending,
progress.parent.noSessionsWindow,No sessions in this period yet,इस अवधि में अभी कोई सेशन नहीं,pending,
progress.parent.days,{n}d,{n} दिन,pending,
progress.parent.speedEmpty,Complete a reading session to start tracking speed here.,यहाँ रफ़्तार देखना शुरू करने के लिए पढ़ने का एक सेशन पूरा करें।,pending,
progress.parent.speedAria,"Reading speed from {from} to {to}, averaging {wpm} words per minute.","{from} से {to} तक पढ़ने की रफ़्तार, औसत {wpm} शब्द प्रति मिनट।",pending,
progress.parent.chapterScores,Chapter scores,अध्याय के स्कोर,pending,
progress.parent.chapterEmpty,"Complete a Chapter Comprehension Check to see exact, per-chapter scores here.",हर अध्याय का सटीक स्कोर यहाँ देखने के लिए Chapter Comprehension Check पूरा करें।,pending,
progress.parent.strong,Strong,मज़बूत,pending,
progress.parent.needsReview,Needs review,दोहराना ज़रूरी,pending,
progress.parent.reread,Re-read recommended,फिर से पढ़ने की सलाह,pending,
progress.parent.sessionHistory,Session history,सेशन का इतिहास,pending,
progress.parent.noSessions,No completed sessions yet.,अभी कोई सेशन पूरा नहीं हुआ।,pending,
progress.parent.dayN,Day {day},दिन {day},pending,
progress.parent.completed,Completed,पूरा,pending,
settings.title,Settings,सेटिंग्स,pending,
settings.subtitle,Manage your account details.,अपने अकाउंट की जानकारी संभालें।,pending,
settings.language.title,Language,भाषा,pending,
settings.language.desc,The language of the app. Website pages stay in English or Hindi.,ऐप की भाषा। वेबसाइट के पेज अंग्रेज़ी या हिंदी में ही रहेंगे।,pending,
settings.profile.title,Profile,प्रोफ़ाइल,pending,
settings.profile.desc,Update your public display name.,अपना दिखने वाला नाम बदलें।,pending,
settings.profile.fullName,Full name,पूरा नाम,pending,
settings.profile.placeholder,Your full name,आपका पूरा नाम,pending,
settings.profile.save,Save changes,बदलाव सेव करें,pending,
settings.profile.saving,Saving…,सेव हो रहा है…,pending,
settings.profile.updated,Profile updated.,प्रोफ़ाइल अपडेट हो गई।,pending,
settings.profile.nameTooShort,Name must be at least 2 characters,नाम कम से कम 2 अक्षर का होना चाहिए,pending,
settings.profile.nameTooLong,Name must be 100 characters or fewer,नाम 100 अक्षर या उससे कम होना चाहिए,pending,
settings.profile.failed,Could not update your profile. Please try again.,प्रोफ़ाइल अपडेट नहीं हो पाई। कृपया फिर से कोशिश करें।,pending,
settings.password.title,Password,पासवर्ड,pending,
settings.password.desc,Choose a new password for your account.,अपने अकाउंट के लिए नया पासवर्ड चुनें।,pending,
settings.password.newPassword,New password,नया पासवर्ड,pending,
settings.password.confirm,Confirm new password,नया पासवर्ड दोबारा लिखें,pending,
settings.password.minPlaceholder,Min 8 characters,कम से कम 8 अक्षर,pending,
settings.password.repeatPlaceholder,Repeat password,पासवर्ड दोबारा लिखें,pending,
settings.password.update,Update password,पासवर्ड बदलें,pending,
settings.password.updating,Updating…,बदला जा रहा है…,pending,
settings.password.updated,Password updated.,पासवर्ड बदल गया।,pending,
settings.password.tooShort,Password must be at least 8 characters,पासवर्ड कम से कम 8 अक्षर का होना चाहिए,pending,
settings.password.confirmRequired,Please confirm your password,कृपया पासवर्ड दोबारा लिखें,pending,
settings.password.mismatch,Passwords do not match,दोनों पासवर्ड एक जैसे नहीं हैं,pending,
settings.password.failed,Could not update your password. Please try again.,पासवर्ड नहीं बदल पाया। कृपया फिर से कोशिश करें।,pending,
settings.sound.title,Sound,आवाज़,pending,
settings.sound.desc,Control audio during exercises.,एक्सरसाइज़ के दौरान आवाज़ नियंत्रित करें।,pending,
settings.sound.effects,Exercise sound effects,एक्सरसाइज़ की आवाज़ें,pending,
settings.sound.effectsDesc,"Tap chimes, right/wrong cues and calm focus tones during exercises.","एक्सरसाइज़ के दौरान टैप की घंटी, सही/गलत के संकेत और शांत फ़ोकस टोन।",pending,
settings.assessment.title,Reading Assessment,रीडिंग असेसमेंट,pending,
settings.assessment.desc,Retake your Smart Reading assessment for a document to re-measure how you read it.,किसी डॉक्यूमेंट के लिए Smart Reading असेसमेंट दोबारा दें और फिर से मापें कि आप उसे कैसे पढ़ते हैं।,pending,
settings.assessment.retake,Retake assessment,असेसमेंट दोबारा दें,pending,
settings.assessment.retakeDone,You’ll be asked to reassess next time you open this document.,अगली बार यह डॉक्यूमेंट खोलने पर आपसे फिर से असेसमेंट माँगा जाएगा।,pending,
settings.account.title,Account,अकाउंट,pending,
settings.account.email,Email:,ईमेल:,pending,
settings.errors.invalidInput,Please check what you entered.,कृपया जो लिखा है उसे जाँच लें।,pending,
settings.errors.notSignedIn,Please sign in again.,कृपया फिर से साइन इन करें।,pending,
training.shell.loading,Loading your level…,आपका लेवल लोड हो रहा है…,pending,
training.shell.levelOfMax,Level {level} of {max},लेवल {level} / {max},pending,
training.shell.levelN,Level {level},लेवल {level},pending,
training.shell.aboutMinutes,About {minutes} min,लगभग {minutes} मिनट,pending,
training.shell.bestShort,Best {score},बेस्ट {score},pending,
training.shell.howToPlay,How to play,कैसे खेलें,pending,
training.shell.tryPractice,Try a practice round,एक प्रैक्टिस राउंड आज़माएँ,pending,
training.shell.practiceExplain,The practice round doesn’t count — it’s just to get the feel.,प्रैक्टिस राउंड गिना नहीं जाता — बस तरीक़ा समझने के लिए है।,pending,
training.shell.skipPractice,Skip practice,प्रैक्टिस छोड़ें,pending,
training.shell.start,Start,शुरू करें,pending,
training.shell.warmUpFirst,Practice round first,पहले प्रैक्टिस राउंड,pending,
training.shell.practiceRound,Practice round,प्रैक्टिस राउंड,pending,
training.shell.practiceDoesntCount,Doesn’t count,गिना नहीं जाएगा,pending,
training.shell.practiceDone,Practice done!,प्रैक्टिस पूरी!,pending,
training.shell.practiceDoneHint,Now {rounds} real rounds. Your level adjusts as you go.,अब {rounds} असली राउंड। आपका लेवल साथ-साथ बदलता रहेगा।,pending,
training.shell.startRounds,Start the real rounds,असली राउंड शुरू करें,pending,
training.shell.roundOf,Round {round} of {total},राउंड {round} / {total},pending,
training.shell.correctOf,{correct} of {total} correct,{total} में से {correct} सही,pending,
training.shell.gradeGood,Excellent — that was sharp.,बहुत बढ़िया — एकदम तेज़।,pending,
training.shell.gradeOkay,Good work — keep going.,अच्छा काम — ऐसे ही चलते रहें।,pending,
training.shell.gradePoor,That was a tough one. Take your time on the next.,यह थोड़ा मुश्किल था। अगले में आराम से करें।,pending,
training.shell.levelUp,Level up! Now level {level},लेवल अप! अब लेवल {level},pending,
training.shell.levelDown,"Level {level} — a little easier, so you can build up again","लेवल {level} — थोड़ा आसान, ताकि आप फिर से आगे बढ़ सकें",pending,
training.shell.goodRunHint,{n} more strong rounds to level up,लेवल अप के लिए {n} और अच्छे राउंड,pending,
training.shell.nextRound,Next round,अगला राउंड,pending,
training.shell.seeResults,See results,नतीजा देखें,pending,
training.shell.sessionDone,Session complete,सेशन पूरा,pending,
training.shell.newBest,New personal best!,नया पर्सनल बेस्ट!,pending,
training.shell.accuracy,Accuracy,सटीकता,pending,
training.shell.level,Level,लेवल,pending,
training.shell.best,Best,बेस्ट,pending,
training.shell.saving,Saving…,सेव हो रहा है…,pending,
training.shell.saved,Saved to your progress,आपकी प्रगति में सेव हो गया,pending,
training.shell.next,Next,आगे,pending,
training.shell.correct,Correct!,सही!,pending,
training.shell.notQuite,Not quite,सही नहीं,pending,
training.shell.points,points,अंक,pending,
training.skills.calmFocus,Calm & Focus,शांति और फ़ोकस,pending,
training.skills.focus,Focus,फ़ोकस,pending,
training.skills.memory,Memory,याददाश्त,pending,
training.skills.smartReading,Smart Reading,स्मार्ट रीडिंग,pending,
training.skills.retention,Retention,याद रखना,pending,
training.breathing.title,Calm Breathing,शांत साँसें,pending,
training.breathing.purpose,"Slow, steady breathing with a longer out-breath — a calm start before you practise.","धीमी, स्थिर साँसें, जिनमें साँस छोड़ना ज़्यादा लंबा हो — अभ्यास से पहले शांत शुरुआत।",pending,
training.breathing.demo1,Press and hold the circle while you breathe in as it grows.,घेरा बड़ा होते समय उसे दबाकर रखें और साँस अंदर लें।,pending,
training.breathing.demo2,Let go and breathe out slowly as it shrinks.,छोड़ दें और घेरा छोटा होते समय धीरे-धीरे साँस बाहर छोड़ें।,pending,
training.breathing.demo3,Stay in rhythm. Higher levels make the out-breath longer and calmer.,लय बनाए रखें। ऊँचे लेवल पर साँस छोड़ना और लंबा व शांत होता है।,pending,
training.breathing.getReady,Get ready…,तैयार हो जाइए…,pending,
training.breathing.breatheIn,Breathe in,साँस अंदर लें,pending,
training.breathing.pause,Pause gently,हल्का रुकें,pending,
training.breathing.breatheOut,Breathe out,साँस बाहर छोड़ें,pending,
training.breathing.wellDone,Well done,बहुत अच्छे,pending,
training.breathing.hold,Hold,दबाए रखें,pending,
training.breathing.letGo,Let go,छोड़ दें,pending,
training.breathing.holdAria,"Hold while breathing in, let go while breathing out","साँस लेते समय दबाए रखें, छोड़ते समय छोड़ दें",pending,
training.breathing.breathOf,Breath {n} of {total},साँस {n} / {total},pending,
training.breathing.pressNow,Hold the circle,घेरा दबाए रखें,pending,
training.breathing.releaseNow,Let go now,अब छोड़ दें,pending,
training.breathing.justFollow,Just follow the circle (no tapping),बस घेरे के साथ साँस लें (टैप नहीं),pending,
training.breathing.scoreLabel,calm points,शांति अंक,pending,
training.breathing.levelHint,Breathe in {inS} s · out {outS} s,साँस अंदर {inS} से. · बाहर {outS} से.,pending,
training.breathing.levelHintHold,Breathe in {inS} s · pause {holdS} s · out {outS} s,साँस अंदर {inS} से. · रुकें {holdS} से. · बाहर {outS} से.,pending,
training.rotation.title,Mental Object Rotation,मेंटल ऑब्जेक्ट रोटेशन,pending,
training.rotation.purpose,Turn shapes in your mind’s eye — builds the visual memory you use to picture and remember.,मन की आँखों से आकृतियाँ घुमाएँ — इससे वह विज़ुअल याददाश्त मज़बूत होती है जिससे आप चीज़ें मन में देखते और याद रखते हैं।,pending,
training.rotation.demo1,Look at the shape and the turn you’re asked to make.,आकृति देखें और बताया गया घुमाव पढ़ें।,pending,
training.rotation.demo2,"Picture it turning, then tap the option that matches.","मन में उसे घूमते हुए देखें, फिर मेल खाने वाला विकल्प चुनें।",pending,
training.rotation.demo3,"Higher levels: mirror images, bigger shapes and a colour cube.","ऊँचे लेवल: उल्टी (आईने वाली) आकृतियाँ, बड़ी आकृतियाँ और रंगीन क्यूब।",pending,
training.rotation.questionOf,Question {n} of {total},सवाल {n} / {total},pending,
training.rotation.turnRight,Turn it {deg}° to the right,इसे {deg}° दाईं ओर घुमाएँ,pending,
training.rotation.turnLeft,Turn it {deg}° to the left,इसे {deg}° बाईं ओर घुमाएँ,pending,
training.rotation.turnHalf,Turn it halfway round (180°),इसे आधा घुमाएँ (180°),pending,
training.rotation.whichResult,Which one do you get?,आपको कौन-सा मिलेगा?,pending,
training.rotation.whichSame,"Which one is the same shape, just turned? (The others are mirror images.)","कौन-सी वही आकृति है, बस घुमाई हुई? (बाक़ी आईने वाली उल्टी आकृतियाँ हैं।)",pending,
training.rotation.explainTurn,{turn} — this is where it ends up.,{turn} — यह यहाँ पहुँचती है।,pending,
training.rotation.explainMatch,Turn the right answer back and it matches. Mirror images can never match by turning.,सही जवाब को वापस घुमाएँ तो वह मेल खाता है। आईने वाली आकृति घुमाने से कभी मेल नहीं खाती।,pending,
training.rotation.options,Answer options,जवाब के विकल्प,pending,
training.rotation.optionN,Option {n},विकल्प {n},pending,
training.rotation.timeUp,Time’s up — here’s the answer,समय ख़त्म — यह रहा जवाब,pending,
training.rotation.cubeRight,Turn the cube a quarter turn to the right,क्यूब को चौथाई चक्कर दाईं ओर घुमाएँ,pending,
training.rotation.cubeLeft,Turn the cube a quarter turn to the left,क्यूब को चौथाई चक्कर बाईं ओर घुमाएँ,pending,
training.rotation.cubeHalf,Turn the cube halfway round,क्यूब को आधा घुमाएँ,pending,
training.rotation.cubeFlip,Turn the cube upside down (top goes to the bottom),क्यूब को उल्टा करें (ऊपर वाला हिस्सा नीचे),pending,
training.rotation.thenTurn,First: {first}. Then: {second}.,पहले: {first}। फिर: {second}।,pending,
training.rotation.hiddenSides,Sides you can’t see:,जो तरफ़ दिख नहीं रहीं:,pending,
training.rotation.whichColour,"After turning, which colour is on the {face}?",घुमाने के बाद {face} कौन-सा रंग है?,pending,
training.rotation.explainCube,"After turning, the {face} is {colour}.",घुमाने के बाद {face} {colour} रंग है।,pending,
training.rotation.levelTurn,turn a shape,आकृति घुमाएँ,pending,
training.rotation.levelMatch,same shape or mirror?,वही आकृति या आईने वाली?,pending,
training.rotation.levelCube,colour cube,रंगीन क्यूब,pending,
training.rotation.levelHintNoTimer,This level: {kind} · {options} options · no timer,इस लेवल पर: {kind} · {options} विकल्प · कोई टाइमर नहीं,pending,
training.rotation.levelHint,This level: {kind} · {options} options · {seconds} s each,इस लेवल पर: {kind} · {options} विकल्प · हर सवाल {seconds} से.,pending,
training.rotation.faces.front,front,सामने वाली तरफ़,pending,
training.rotation.faces.back,back,पीछे वाली तरफ़,pending,
training.rotation.faces.top,top,ऊपर वाली तरफ़,pending,
training.rotation.faces.bottom,bottom,नीचे वाली तरफ़,pending,
training.rotation.faces.left,left side,बाईं तरफ़,pending,
training.rotation.faces.right,right side,दाईं तरफ़,pending,
training.rotation.colours.red,Red,लाल,pending,
training.rotation.colours.blue,Blue,नीला,pending,
training.rotation.colours.green,Green,हरा,pending,
training.rotation.colours.yellow,Yellow,पीला,pending,
training.rotation.colours.purple,Purple,बैंगनी,pending,
training.rotation.colours.orange,Orange,नारंगी,pending,
training.pictures.title,Picture Memory Sprint,पिक्चर मेमोरी स्प्रिंट,pending,
training.pictures.purpose,"Look, remember, recall — trains quick visual memory with everyday pictures.","देखें, याद रखें, पहचानें — रोज़मर्रा की तस्वीरों से तेज़ विज़ुअल याददाश्त का अभ्यास।",pending,
training.pictures.demo1,Look at the pictures. You get plenty of time at the start.,तस्वीरें देखें। शुरुआत में काफ़ी समय मिलता है।,pending,
training.pictures.demo2,They disappear. Tap the one you saw.,तस्वीरें छिप जाती हैं। जो देखी थी उस पर टैप करें।,pending,
training.pictures.demo3,"Higher levels: more pictures, less time, and recall in order.","ऊँचे लेवल: ज़्यादा तस्वीरें, कम समय, और क्रम से याद करना।",pending,
training.pictures.trialOf,Set {n} of {total},सेट {n} / {total},pending,
training.pictures.remember,Remember these {n} pictures,ये {n} तस्वीरें याद रखें,pending,
training.pictures.watchOrder,Watch the order,क्रम ध्यान से देखें,pending,
training.pictures.whichSeen,Which one did you see?,इनमें से कौन-सी आपने देखी?,pending,
training.pictures.whichNotSeen,Which one was NOT shown?,इनमें से कौन-सी नहीं दिखाई गई थी?,pending,
training.pictures.tapOrder,Tap the {n} pictures in the order you saw them,{n} तस्वीरों को उसी क्रम में टैप करें जिसमें देखा था,pending,
training.pictures.undo,Undo,वापस लें,pending,
training.pictures.orderResult,{correct} of {total} in the right place,{total} में से {correct} सही जगह पर,pending,
training.pictures.youSaw,You saw:,आपने देखा:,pending,
training.pictures.levelHintSeen,This level: {n} pictures · {seconds} s to look · which did you see?,इस लेवल पर: {n} तस्वीरें · देखने के लिए {seconds} से. · कौन-सी देखी?,pending,
training.pictures.levelHintNotSeen,This level: {n} pictures · {seconds} s to look · which was NOT shown?,इस लेवल पर: {n} तस्वीरें · देखने के लिए {seconds} से. · कौन-सी नहीं दिखाई गई?,pending,
training.pictures.levelHintOrder,This level: {n} pictures one by one · {seconds} s each · recall the order,इस लेवल पर: {n} तस्वीरें एक-एक करके · हर एक {seconds} से. · क्रम याद करें,pending,
training.pictures.themes.animals,Animals,जानवर,pending,
training.pictures.themes.fruits,Fruits,फल,pending,
training.pictures.themes.vehicles,Vehicles,वाहन,pending,
training.pictures.themes.places,Places,जगहें,pending,
training.pictures.themes.instruments,Music,संगीत,pending,
training.pictures.themes.everyday,Everyday things,रोज़ की चीज़ें,pending,
training.pictures.items.elephant,Elephant,हाथी,pending,
training.pictures.items.tiger,Tiger,बाघ,pending,
training.pictures.items.giraffe,Giraffe,जिराफ़,pending,
training.pictures.items.camel,Camel,ऊँट,pending,
training.pictures.items.peacock,Peacock,मोर,pending,
training.pictures.items.monkey,Monkey,बंदर,pending,
training.pictures.items.rabbit,Rabbit,ख़रगोश,pending,
training.pictures.items.turtle,Turtle,कछुआ,pending,
training.pictures.items.owl,Owl,उल्लू,pending,
training.pictures.items.cow,Cow,गाय,pending,
training.pictures.items.horse,Horse,घोड़ा,pending,
training.pictures.items.penguin,Penguin,पेंगुइन,pending,
training.pictures.items.mango,Mango,आम,pending,
training.pictures.items.banana,Banana,केला,pending,
training.pictures.items.apple,Apple,सेब,pending,
training.pictures.items.grapes,Grapes,अंगूर,pending,
training.pictures.items.watermelon,Watermelon,तरबूज़,pending,
training.pictures.items.pineapple,Pineapple,अनानास,pending,
training.pictures.items.strawberry,Strawberry,स्ट्रॉबेरी,pending,
training.pictures.items.cherries,Cherries,चेरी,pending,
training.pictures.items.lemon,Lemon,नींबू,pending,
training.pictures.items.coconut,Coconut,नारियल,pending,
training.pictures.items.pear,Pear,नाशपाती,pending,
training.pictures.items.kiwi,Kiwi,कीवी,pending,
training.pictures.items.autoRickshaw,Auto-rickshaw,ऑटो-रिक्शा,pending,
training.pictures.items.bus,Bus,बस,pending,
training.pictures.items.train,Train,रेलगाड़ी,pending,
training.pictures.items.aeroplane,Aeroplane,हवाई जहाज़,pending,
training.pictures.items.bicycle,Bicycle,साइकिल,pending,
training.pictures.items.ship,Ship,जहाज़,pending,
training.pictures.items.tractor,Tractor,ट्रैक्टर,pending,
training.pictures.items.helicopter,Helicopter,हेलिकॉप्टर,pending,
training.pictures.items.scooter,Scooter,स्कूटर,pending,
training.pictures.items.rocket,Rocket,रॉकेट,pending,
training.pictures.items.ambulance,Ambulance,एम्बुलेंस,pending,
training.pictures.items.sailboat,Sailboat,पाल वाली नाव,pending,
training.pictures.items.mountain,Mountain,पहाड़,pending,
training.pictures.items.beach,Beach,समुद्र तट,pending,
training.pictures.items.temple,Temple,मंदिर,pending,
training.pictures.items.castle,Castle,क़िला,pending,
training.pictures.items.desert,Desert,रेगिस्तान,pending,
training.pictures.items.island,Island,टापू,pending,
training.pictures.items.tent,Tent,तंबू,pending,
training.pictures.items.factory,Factory,कारख़ाना,pending,
training.pictures.items.stadium,Stadium,स्टेडियम,pending,
training.pictures.items.bridge,Bridge,पुल,pending,
training.pictures.items.volcano,Volcano,ज्वालामुखी,pending,
training.pictures.items.house,House,घर,pending,
training.pictures.items.guitar,Guitar,गिटार,pending,
training.pictures.items.drum,Drum,ढोल,pending,
training.pictures.items.violin,Violin,वायलिन,pending,
training.pictures.items.trumpet,Trumpet,तुरही,pending,
training.pictures.items.piano,Piano,पियानो,pending,
training.pictures.items.saxophone,Saxophone,सैक्सोफ़ोन,pending,
training.pictures.items.bell,Bell,घंटी,pending,
training.pictures.items.microphone,Microphone,माइक्रोफ़ोन,pending,
training.pictures.items.banjo,Banjo,बैंजो,pending,
training.pictures.items.headphones,Headphones,हेडफ़ोन,pending,
training.pictures.items.umbrella,Umbrella,छाता,pending,
training.pictures.items.key,Key,चाबी,pending,
training.pictures.items.scissors,Scissors,कैंची,pending,
training.pictures.items.clock,Alarm clock,अलार्म घड़ी,pending,
training.pictures.items.bulb,Light bulb,बल्ब,pending,
training.pictures.items.book,Book,किताब,pending,
training.pictures.items.glasses,Glasses,चश्मा,pending,
training.pictures.items.phone,Mobile phone,मोबाइल फ़ोन,pending,
training.pictures.items.pencil,Pencil,पेंसिल,pending,
training.pictures.items.cup,Cup of tea,चाय का कप,pending,
training.pictures.items.schoolBag,School bag,स्कूल बैग,pending,
training.pictures.items.shoe,Shoe,जूता,pending,
training.chunks.dynamicTitle,Dynamic Chunk Sliding,डायनैमिक चंक स्लाइडिंग,pending,
training.chunks.dynamicPurpose,Read short passages in word groups at a steady pace — then show what you understood.,छोटे पाठ शब्द-समूहों में स्थिर रफ़्तार से पढ़ें — फिर दिखाएँ कि आपने क्या समझा।,pending,
training.chunks.verticalTitle,Vertical Chunk Sliding,वर्टिकल चंक स्लाइडिंग,pending,
training.chunks.verticalPurpose,"Read down a column, one word at a time at first, then in small groups — then check your understanding.","एक कॉलम में नीचे की ओर पढ़ें — पहले एक-एक शब्द, फिर छोटे समूह — फिर अपनी समझ जाँचें।",pending,
training.chunks.demo1,The passage slides past. Read the highlighted words.,पाठ सरकता हुआ आगे बढ़ता है। हाइलाइट किए गए शब्द पढ़ें।,pending,
training.chunks.demo1Vertical,The passage moves up the column. Read the highlighted words.,पाठ कॉलम में ऊपर की ओर चलता है। हाइलाइट किए गए शब्द पढ़ें।,pending,
training.chunks.demo2,Then the text hides and you answer a few questions.,फिर पाठ छिप जाता है और आप कुछ सवालों के जवाब देते हैं।,pending,
training.chunks.demo3Dynamic,Pick the best one-line summary. Your score is pace × understanding.,सबसे अच्छा एक-लाइन सार चुनें। आपका स्कोर = रफ़्तार × समझ।,pending,
training.chunks.demo3Vertical,Your score is pace × understanding. Groups grow from 1 to 3 words.,आपका स्कोर = रफ़्तार × समझ। शब्द-समूह 1 से 3 शब्द तक बढ़ते हैं।,pending,
training.chunks.demoQuestion,What do bees show by dancing?,मधुमक्खियाँ नाचकर क्या बताती हैं?,pending,
training.chunks.demoOptionA,The way to flowers,फूलों तक का रास्ता,pending,
training.chunks.demoOptionB,The time of day,दिन का समय,pending,
training.chunks.demoScore,pace × understanding = your effective words per minute,रफ़्तार × समझ = आपके प्रभावी शब्द प्रति मिनट,pending,
training.chunks.upNext,Next passage,अगला पाठ,pending,
training.chunks.readyMeta,{words} words · {chunk} at a time · {wpm} words a minute,{words} शब्द · एक बार में {chunk} · {wpm} शब्द प्रति मिनट,pending,
training.chunks.readyHint,"Read calmly. The text will hide at the end, then a few questions.","आराम से पढ़ें। आख़िर में पाठ छिप जाएगा, फिर कुछ सवाल।",pending,
training.chunks.startReading,Start reading,पढ़ना शुरू करें,pending,
training.chunks.wpm,words/min,शब्द/मिनट,pending,
training.chunks.pause,Pause,रोकें,pending,
training.chunks.resume,Resume,जारी रखें,pending,
training.chunks.recallOf,Recall {n} of {total} — the text is hidden,याद करें {n} / {total} — पाठ छिपा है,pending,
training.chunks.summaryLabel,One-line summary,एक-लाइन सार,pending,
training.chunks.summaryQ,Which line sums up the passage best?,कौन-सी लाइन पाठ का सार सबसे अच्छे से बताती है?,pending,
training.chunks.scoreLabel,effective words per minute,प्रभावी शब्द प्रति मिनट,pending,
training.chunks.levelHint,This level: {chunk} word(s) at a time · {wpm} words a minute,इस लेवल पर: एक बार में {chunk} शब्द · {wpm} शब्द प्रति मिनट,pending,
training.eyeBreak.optional,Optional · 30 seconds,वैकल्पिक · 30 सेकंड,pending,
training.eyeBreak.title,Eye relaxation break,आँखों को आराम का ब्रेक,pending,
training.eyeBreak.intro,"Before reading: look at something far away, then rest your eyes. Skip it any time.","पढ़ने से पहले: किसी दूर की चीज़ को देखें, फिर आँखों को आराम दें। जब चाहें छोड़ सकते हैं।",pending,
training.eyeBreak.start,Start the 30-second break,30 सेकंड का ब्रेक शुरू करें,pending,
training.eyeBreak.skip,Skip,छोड़ें,pending,
training.eyeBreak.lookFar,Look far away,दूर देखें,pending,
training.eyeBreak.lookFarHint,Look at something about 6 metres away — out of a window if you can. Blink gently.,लगभग 6 मीटर दूर किसी चीज़ को देखें — हो सके तो खिड़की से बाहर। धीरे-धीरे पलकें झपकाएँ।,pending,
training.eyeBreak.palming,Close your eyes,आँखें बंद करें,pending,
training.eyeBreak.palmingHint,Rest your cupped palms over your closed eyes. Breathe slowly.,हथेलियों को कटोरी की तरह बंद आँखों पर रखें। धीमी साँस लें।,pending,
training.glimpse.glimpseOf,Glimpse {n} of {total},झलक {n} / {total},pending,
training.glimpse.lookAtDot,Look at the dot,बिंदु को देखें,pending,
training.glimpse.whatDidYouSee,What did you see?,आपने क्या देखा?,pending,
training.glimpse.whichSeen,Which one did you see?,आपने इनमें से कौन-सा देखा?,pending,
training.glimpse.whichOnSide,Which one was on the {side}?,{side} कौन-सा था?,pending,
training.glimpse.whichPhrase,Which words did you see?,आपने कौन-से शब्द देखे?,pending,
training.glimpse.whichWord,Which word did you see?,आपने कौन-सा शब्द देखा?,pending,
training.glimpse.demo1,Keep your eyes on the dot in the middle.,नज़र बीच वाले बिंदु पर रखें।,pending,
training.glimpse.demo3,"Then pick what you saw from 4. Higher levels: more items, less time.","फिर 4 में से वह चुनें जो आपने देखा। ऊँचे लेवल: ज़्यादा चीज़ें, कम समय।",pending,
training.glimpse.levelHint,This level: shown for {ms} ms,इस लेवल पर: {ms} मि.से. के लिए दिखेगा,pending,
training.glimpse.sides.left,left,बाईं ओर,pending,
training.glimpse.sides.right,right,दाईं ओर,pending,
training.glimpse.sides.top,top,ऊपर,pending,
training.glimpse.sides.bottom,bottom,नीचे,pending,
training.glimpse.symbols.circle,Circle,गोला,pending,
training.glimpse.symbols.triangle,Triangle,त्रिभुज,pending,
training.glimpse.symbols.square,Square,वर्ग,pending,
training.glimpse.symbols.star,Star,तारा,pending,
training.glimpse.symbols.diamond,Diamond,हीरा,pending,
training.glimpse.symbols.heart,Heart,दिल,pending,
training.glimpse.symbols.moon,Moon,चाँद,pending,
training.glimpse.symbols.plus,Plus,प्लस,pending,
training.glimpse.symbols.ring,Ring,छल्ला,pending,
training.glimpse.symbols.spade,Spade,हुकुम,pending,
training.glimpse.span.title,Rapid Visual Span,रैपिड विज़ुअल स्पैन,pending,
training.glimpse.span.purpose,Take in several things around one point at a glance.,एक बिंदु के आसपास की कई चीज़ें एक नज़र में पकड़ें।,pending,
training.glimpse.span.demo2,Symbols appear around the dot for a moment.,बिंदु के आसपास कुछ पल के लिए चिह्न दिखते हैं।,pending,
training.glimpse.peripheral.title,Peripheral Flash,पेरिफ़ेरल फ़्लैश,pending,
training.glimpse.peripheral.purpose,Notice what appears at the side while you look at the centre.,बीच में देखते हुए किनारे पर दिखी चीज़ पहचानें।,pending,
training.glimpse.peripheral.demo2,A symbol appears near the edge for a moment.,किनारे के पास कुछ पल के लिए एक चिह्न दिखता है।,pending,
training.glimpse.phrase.title,Multi-Word Flash,मल्टी-वर्ड फ़्लैश,pending,
training.glimpse.phrase.purpose,Read a short group of words in one glance.,कुछ शब्दों का समूह एक नज़र में पढ़ें।,pending,
training.glimpse.phrase.demo2,A few words appear for a moment.,कुछ पल के लिए कुछ शब्द दिखते हैं।,pending,
training.glimpse.blink.title,Blink Recall,ब्लिंक रिकॉल,pending,
training.glimpse.blink.purpose,Catch a word that appears for just a blink.,पलक झपकने जितनी देर दिखे शब्द को पकड़ें।,pending,
training.glimpse.blink.demo2,One word appears for a blink.,पलक झपकने जितनी देर एक शब्द दिखता है।,pending,
training.focusHub.title,Focus warm-ups,फ़ोकस वार्म-अप,pending,
training.focusHub.intro,Short warm-ups for steady attention before you read. Pick one.,पढ़ने से पहले ध्यान स्थिर करने के छोटे वार्म-अप। कोई एक चुनें।,pending,
training.focusHub.schulte,Find the numbers 1 to 25 in order as fast as you can.,1 से 25 तक के नंबर क्रम से जितनी जल्दी हो सके ढूँढें।,pending,
training.focusHub.crossLateral,A side lights up — tap the opposite side.,एक तरफ़ रोशनी होती है — उलटी तरफ़ टैप करें।,pending,
training.focusHub.fastPattern,A symbol appears for a moment — pick what you saw.,एक पल के लिए चिह्न दिखता है — जो देखा वह चुनें।,pending,
welcome.journey.line1,Rewire your brain.,अपने दिमाग को नए सिरे से तैयार करें।,pending,
welcome.journey.line2,Build lasting habits.,टिकने वाली आदतें बनाएँ।,pending,
welcome.journey.line3,Grow your potential in just 10 minutes a day.,रोज़ सिर्फ़ 10 मिनट में अपनी क्षमता बढ़ाएँ।,pending,
welcome.journey.cardDesc,"Daily focus drills, visualisation and habit-building exercises.","रोज़ के फ़ोकस ड्रिल, कल्पना और आदत बनाने वाली एक्सरसाइज़।",pending,
welcome.journey.point1,Daily mindset & focus drills,रोज़ के सोच और फ़ोकस ड्रिल,pending,
welcome.journey.point2,Guided breathing & visualisation,गाइडेड साँस और कल्पना,pending,
welcome.journey.point3,21-day step-by-step habit loop,21 दिन का कदम-दर-कदम आदत चक्र,pending,
welcome.journey.start,Start training →,ट्रेनिंग शुरू करें →,pending,
welcome.program.format,Online · 7 live classes + 30 days of app practice,ऑनलाइन · 7 लाइव क्लास + 30 दिन ऐप प्रैक्टिस,pending,
welcome.program.outcome,"Read faster with understanding, focus longer, remember more — measured from your own Day 1 to Day 30.","समझ के साथ तेज़ पढ़ें, ज़्यादा देर फ़ोकस करें, ज़्यादा याद रखें — आपके अपने दिन 1 से दिन 30 तक मापा गया।",pending,
welcome.program.earlyBirdLine,Early-bird for the {date} batch · {price} (regular {regular}),{date} बैच के लिए अर्ली-बर्ड · {price} (सामान्य {regular}),pending,
welcome.program.regularLine,One-time payment · {price} · next batch {date},एक बार का भुगतान · {price} · अगला बैच {date},pending,
welcome.app.title,Read faster. Remember more.,तेज़ पढ़ें। ज़्यादा याद रखें।,pending,
welcome.app.line1,Master any book — guided live by Dr. Kapil Dev Sharma.,कोई भी किताब अच्छे से पढ़ें — Dr. Kapil Dev Sharma के लाइव मार्गदर्शन में।,pending,
welcome.app.line2,7 live classes. One mentor.,7 लाइव क्लास। एक मेंटर।,pending,
welcome.app.line3,Real progress.,असली प्रगति।,pending,
welcome.app.sharpBrainDesc,A structured 30-day program — guided live by Dr. Kapil Dev Sharma.,30 दिन का तय प्रोग्राम — Dr. Kapil Dev Sharma के लाइव मार्गदर्शन में।,pending,
welcome.app.sharpBrainPoint1,"Peripheral Vision Activator, Rapid Recognition Drill, Chunk Reading","Peripheral Vision Activator, Rapid Recognition Drill, Chunk Reading",pending,
welcome.app.sharpBrainPoint2,7 live classes with Dr. Kapil Dev Sharma,Dr. Kapil Dev Sharma के साथ 7 लाइव क्लास,pending,
welcome.app.start,Start training →,ट्रेनिंग शुरू करें →,pending,
welcome.app.uploadTitle,Upload & Learn,अपलोड करें और सीखें,pending,
welcome.app.uploadDesc,"Turn any PDF or textbook into speed-reading drills, mind maps and smart summaries.","किसी भी PDF या किताब को स्पीड-रीडिंग ड्रिल, माइंड मैप और स्मार्ट सारांश में बदलें।",pending,
welcome.app.uploadPoint1,AI-made speed-reading drills,AI से बने स्पीड-रीडिंग ड्रिल,pending,
welcome.app.uploadPoint2,Mind maps & smart summaries,माइंड मैप और स्मार्ट सारांश,pending,
welcome.app.uploadPoint3,Works with any PDF or textbook,किसी भी PDF या किताब के साथ काम करता है,pending,
welcome.app.uploadCta,Upload & Learn →,अपलोड करें और सीखें →,pending,
welcome.lock.partOf,{title} is part of the {program},"{title}, {program} का हिस्सा है",pending,
welcome.lock.enrolOnce,"Enrol once ({price}, one-time) to open this exercise and all 30 days of the curriculum, with 7 live classes with Dr. Kapil Dev Sharma.","एक बार नामांकन करें ({price}, एक बार) — यह एक्सरसाइज़ और कोर्स के सभी 30 दिन खुल जाएँगे, साथ में Dr. Kapil Dev Sharma के साथ 7 लाइव क्लास।",pending,
welcome.lock.enrolFor,Enrol for {price},{price} में नामांकन करें,pending,
welcome.lock.seeProgram,See the program,प्रोग्राम देखें,pending,
