key,english,translation,status,notes
auth.orEmail,or continue with email,அல்லது மின்னஞ்சல் மூலம் தொடரவும்,pending,
auth.google,Continue with Google,Google மூலம் தொடரவும்,pending,
auth.email,Email,மின்னஞ்சல்,pending,
auth.emailPlaceholder,you@example.com,you@example.com,pending,
auth.password,Password,கடவுச்சொல்,pending,
auth.forgotPassword,Forgot password?,கடவுச்சொல் மறந்துவிட்டதா?,pending,
auth.signIn,Sign in,உள்நுழை,pending,
auth.signingIn,Signing in…,உள்நுழைகிறது…,pending,
auth.noAccount,Don’t have an account?,கணக்கு இல்லையா?,pending,
auth.signUp,Sign up,பதிவு செய்,pending,
auth.fullName,Full name,முழுப் பெயர்,pending,
auth.namePlaceholder,Your name,உங்கள் பெயர்,pending,
auth.passwordPlaceholder,At least 8 characters,குறைந்தது 8 எழுத்துகள்,pending,
auth.createAccount,Create account,கணக்கை உருவாக்கு,pending,
auth.creatingAccount,Creating account…,கணக்கு உருவாகிறது…,pending,
auth.agreePrefix,"By creating an account, you agree to our",கணக்கை உருவாக்குவதன் மூலம் இவற்றை ஏற்கிறீர்கள்:,pending,
auth.and,and,மற்றும்,pending,
auth.terms,Terms of Service,சேவை விதிமுறைகள்,pending,
auth.privacy,Privacy Policy,தனியுரிமைக் கொள்கை,pending,
auth.haveAccount,Already have an account?,ஏற்கனவே கணக்கு உள்ளதா?,pending,
auth.resetSent,Check your email — a reset link is on its way.,உங்கள் மின்னஞ்சலைப் பாருங்கள் — மீட்டமைப்பு இணைப்பு அனுப்பப்பட்டது.,pending,
auth.backToSignIn,Back to sign in,உள்நுழைவுக்குத் திரும்பு,pending,
auth.sendReset,Send reset link,மீட்டமைப்பு இணைப்பை அனுப்பு,pending,
auth.sending,Sending…,அனுப்புகிறது…,pending,
auth.remembered,Remembered it?,நினைவுக்கு வந்ததா?,pending,
auth.pages.loginTitle,Welcome back,மீண்டும் வருக,pending,
auth.pages.loginDesc,Sign in to your {app} account,உங்கள் {app} கணக்கில் உள்நுழையுங்கள்,pending,
auth.pages.confirmEmail,"Check your email to confirm your account, then sign in.","கணக்கை உறுதிப்படுத்த உங்கள் மின்னஞ்சலைப் பாருங்கள், பிறகு உள்நுழையுங்கள்.",pending,
auth.pages.linkExpired,Your link is invalid or has expired.,உங்கள் இணைப்பு தவறானது அல்லது காலாவதியானது.,pending,
auth.pages.requestNew,Request a new one.,புதிய இணைப்பைக் கேளுங்கள்.,pending,
auth.pages.signupTitle,Create your account,உங்கள் கணக்கை உருவாக்குங்கள்,pending,
auth.pages.signupDesc,Start your daily brain-skills practice,உங்கள் தினசரி மூளைத் திறன் பயிற்சியைத் தொடங்குங்கள்,pending,
auth.pages.resetTitle,Reset your password,கடவுச்சொல்லை மீட்டமையுங்கள்,pending,
auth.pages.resetDesc,Enter your email and we’ll send you a reset link,"உங்கள் மின்னஞ்சலை எழுதுங்கள், மீட்டமைப்பு இணைப்பை அனுப்புகிறோம்",pending,
auth.pages.newPasswordTitle,Set a new password,புதிய கடவுச்சொல்லை அமையுங்கள்,pending,
auth.pages.newPasswordDesc,Choose a strong password for your account,உங்கள் கணக்கிற்கு வலுவான கடவுச்சொல்லைத் தேர்ந்தெடுங்கள்,pending,
auth.pages.deviceLogout,You were signed out because your account was opened on another device.,உங்கள் கணக்கு வேறொரு சாதனத்தில் திறக்கப்பட்டதால் நீங்கள் வெளியேற்றப்பட்டீர்கள்.,pending,
auth.device.title,Continue here?,இங்கேயே தொடரவா?,pending,
auth.device.activeOn,Your account is currently active on {device}.,உங்கள் கணக்கு இப்போது {device} இல் செயலில் உள்ளது.,pending,
auth.device.activeElsewhere,Your account is currently active on another device.,உங்கள் கணக்கு இப்போது வேறொரு சாதனத்தில் செயலில் உள்ளது.,pending,
auth.device.explain,Continue here and log out there? You can only be actively signed in on one device at a time.,இங்கே தொடர்ந்து அங்கிருந்து வெளியேறவா? ஒரே நேரத்தில் ஒரு சாதனத்தில் மட்டுமே உள்நுழைந்திருக்க முடியும்.,pending,
auth.device.continue,Continue here and log out there,இங்கே தொடர்ந்து அங்கிருந்து வெளியேறு,pending,
auth.device.wait,Please wait…,சற்றுக் காத்திருங்கள்…,pending,
auth.gateway.loginTitle,Sign in,உள்நுழை,pending,
auth.gateway.loginDesc,Sign in to continue.,தொடர உள்நுழையுங்கள்.,pending,
auth.gateway.signupTitle,Create your account,உங்கள் கணக்கை உருவாக்குங்கள்,pending,
auth.gateway.signupDesc,Free to start — no card needed.,தொடக்கம் இலவசம் — கார்டு தேவையில்லை.,pending,
auth.validation.email,Please enter a valid email address,சரியான மின்னஞ்சல் முகவரியை எழுதுங்கள்,pending,
auth.validation.passwordRequired,Password is required,கடவுச்சொல் தேவை,pending,
auth.validation.nameShort,Name must be at least 2 characters,பெயர் குறைந்தது 2 எழுத்துகள் இருக்க வேண்டும்,pending,
auth.validation.passwordShort,Password must be at least 8 characters,கடவுச்சொல் குறைந்தது 8 எழுத்துகள் இருக்க வேண்டும்,pending,
auth.errors.invalidCredentials,Email or password is not correct.,மின்னஞ்சல் அல்லது கடவுச்சொல் சரியில்லை.,pending,
auth.errors.emailNotConfirmed,Please confirm your email first — check your inbox.,முதலில் உங்கள் மின்னஞ்சலை உறுதிப்படுத்துங்கள் — இன்பாக்ஸைப் பாருங்கள்.,pending,
auth.errors.userExists,An account with this email already exists. Please sign in.,இந்த மின்னஞ்சலில் ஏற்கனவே கணக்கு உள்ளது. உள்நுழையுங்கள்.,pending,
auth.errors.tooMany,Too many attempts. Please wait a moment and try again.,பல முயற்சிகள். சற்று நேரம் கழித்து மீண்டும் முயலுங்கள்.,pending,
auth.errors.generic,Something went wrong. Please try again.,ஏதோ தவறு நடந்தது. மீண்டும் முயலுங்கள்.,pending,
auth.errors.invalidInput,Please check what you entered.,நீங்கள் எழுதியதைச் சரிபார்க்கவும்.,pending,
common.language.label,Language,மொழி,pending,
common.language.choose,Choose your language,உங்கள் மொழியைத் தேர்ந்தெடுங்கள்,pending,
common.language.saved,Saved,சேமிக்கப்பட்டது,pending,
common.language.reviewNote,This language is new — a native speaker is still reviewing the translation.,இந்த மொழி புதியது — மொழிபெயர்ப்பை தாய்மொழியாளர் இன்னும் சரிபார்க்கிறார்.,pending,
common.practiceNote,Practice text in English — {language} practice text coming soon.,பயிற்சி உரை ஆங்கிலத்தில் — {language} பயிற்சி உரை விரைவில் வரும்.,pending,
common.actions.start,Start,தொடங்கு,pending,
common.actions.begin,Begin,தொடங்கு,pending,
common.actions.continue,Continue,தொடர்க,pending,
common.actions.back,Back,பின்செல்,pending,
common.actions.exit,Exit,வெளியேறு,pending,
common.actions.done,Done,முடிந்தது,pending,
common.actions.close,Close,மூடு,pending,
common.actions.save,Save,சேமி,pending,
common.actions.cancel,Cancel,ரத்து,pending,
common.actions.retry,Try again,மீண்டும் முயல்க,pending,
common.actions.maybeLater,Maybe later,பிறகு,pending,
common.actions.pause,Pause,இடைநிறுத்து,pending,
common.actions.resume,Resume,தொடர்க,pending,
common.actions.restart,Restart,மீண்டும் தொடங்கு,pending,
common.actions.next,Next,அடுத்து,pending,
common.actions.finish,Finish,முடி,pending,
common.actions.seeResults,See results,முடிவுகளைப் பார்,pending,
common.actions.loading,Loading…,ஏற்றுகிறது…,pending,
curriculum.eyebrow,Sharp Brain 30-Day Curriculum,Sharp Brain 30-நாள் பாடத்திட்டம்,pending,
curriculum.title,Your daily roadmap,உங்கள் தினசரி வழிகாட்டி,pending,
curriculum.intro,"30 days in 4 phases, mixing Brain Gym, visual memory and attention, visualisation and reading practice into one balanced circuit — with real WPM and comprehension checkpoints along the way.","4 கட்டங்களில் 30 நாட்கள் — Brain Gym, பார்வை நினைவு மற்றும் கவனம், கற்பனை, வாசிப்புப் பயிற்சி ஒரே சமநிலைச் சுற்றில் — இடையிடையே உண்மையான WPM மற்றும் புரிதல் சோதனைகளுடன்.",pending,
curriculum.metrics.brainScore,Brain Score,மூளை மதிப்பெண்,pending,
curriculum.metrics.readingGrowth,Reading growth,வாசிப்பு வளர்ச்சி,pending,
curriculum.metrics.comprehension,Comprehension,புரிதல்,pending,
curriculum.metrics.consistency,Consistency,தொடர்ச்சி,pending,
curriculum.metrics.visualizationDepth,Visualisation depth,கற்பனையின் ஆழம்,pending,
curriculum.allDays,All 30 days,அனைத்து 30 நாட்கள்,pending,
curriculum.allDaysHintPro,Day N opens once Day N-1 is complete. Star days are real WPM + comprehension checkpoints.,நாள் N-1 முடிந்த பிறகே நாள் N திறக்கும். நட்சத்திர நாட்கள் உண்மையான WPM + புரிதல் சோதனை நாட்கள்.,pending,
curriculum.allDaysHintFree,Enrol to open the full 30-day curriculum. Days you have already completed stay open. Star days are real WPM + comprehension checkpoints.,முழு 30-நாள் பாடத்திட்டத்தைத் திறக்கச் சேருங்கள். நீங்கள் முடித்த நாட்கள் திறந்தே இருக்கும். நட்சத்திர நாட்கள் உண்மையான WPM + புரிதல் சோதனை நாட்கள்.,pending,
curriculum.startProgram,Start the {program},{program} தொடங்கு,pending,
curriculum.phaseLabel,Phase {phase} · Days {start}–{end},கட்டம் {phase} · நாள் {start}–{end},pending,
curriculum.dayShort,Day {day},நாள் {day},pending,
curriculum.dayLockedTitle,Day {day} — enrol to unlock,நாள் {day} — திறக்கச் சேருங்கள்,pending,
curriculum.categories.brainGym,Brain Gym,Brain Gym,pending,
curriculum.categories.visualFocusMemory,Visual Focus & Memory,பார்வைக் கவனம் & நினைவு,pending,
curriculum.categories.visualization,Visualisation,கற்பனை,pending,
curriculum.categories.readingIntelligence,Reading Intelligence,வாசிப்பு நுண்ணறிவு,pending,
curriculum.detail.backToAll,All 30 days,அனைத்து 30 நாட்கள்,pending,
curriculum.detail.dayCompleteUnlocked,Day {day} complete! Day {next} is now unlocked.,நாள் {day} முடிந்தது! இப்போது நாள் {next} திறந்துள்ளது.,pending,
curriculum.detail.phaseDay,Phase {phase} · Day {day},கட்டம் {phase} · நாள் {day},pending,
curriculum.detail.checkpointDay,Checkpoint day,சோதனை நாள்,pending,
curriculum.detail.completed,Completed,முடிந்தது,pending,
curriculum.detail.checkpointRecorded,Checkpoint recorded,சோதனை பதிவானது,pending,
curriculum.detail.trueWpm,True WPM,உண்மையான WPM,pending,
curriculum.detail.comprehension,Comprehension,புரிதல்,pending,
curriculum.detail.vsBaseline,vs. your Day 1 baseline,உங்கள் நாள் 1 உடன் ஒப்பிடும்போது,pending,
curriculum.detail.dayDone,Day {day} complete — nice work.,நாள் {day} முடிந்தது — அருமை.,pending,
curriculum.detail.practiceAgain,Practice again,மீண்டும் பயிற்சி செய்,pending,
curriculum.detail.uploadStarted,Chapter upload started for Day {day},நாள் {day} க்கான அத்தியாயப் பதிவேற்றம் தொடங்கியது,pending,
curriculum.detail.uploadStartedHint,Go back to Upload & Learn any time to pick up where you left off.,விட்ட இடத்திலிருந்து தொடர எப்போது வேண்டுமானாலும் Upload & Learn க்குத் திரும்புங்கள்.,pending,
curriculum.detail.uploadToday,Upload today’s chapter,இன்றைய அத்தியாயத்தைப் பதிவேற்று,pending,
curriculum.detail.uploadTodayHint,Bring real reading material for “{title}” and practise Sharp Brain on the real thing.,"“{title}” க்கான உண்மையான வாசிப்புப் பொருளைக் கொண்டு வந்து, உண்மையான பாடத்தில் Sharp Brain பயிற்சி செய்யுங்கள்.",pending,
curriculum.detail.uploadLink,Upload & Learn →,Upload & Learn →,pending,
curriculum.player.dayDone,{title} — done!,{title} — முடிந்தது!,pending,
curriculum.player.allExercisesDone,All {count} exercises complete. Day {next} is now unlocked.,அனைத்து {count} பயிற்சிகளும் முடிந்தன. இப்போது நாள் {next} திறந்துள்ளது.,pending,
curriculum.player.backToRoadmap,Back to roadmap,வழிகாட்டிக்குத் திரும்பு,pending,
curriculum.player.oneMoreStep,One more step,இன்னும் ஒரு படி,pending,
curriculum.player.niceWork,Nice work today.,இன்று அருமையாகச் செய்தீர்கள்.,pending,
curriculum.player.checkpointIntro,This is a checkpoint day — finish with a short WPM and comprehension check-in to complete Day {day}.,இது சோதனை நாள் — நாள் {day} ஐ முடிக்க இறுதியில் ஒரு சிறிய WPM மற்றும் புரிதல் சோதனை செய்யுங்கள்.,pending,
curriculum.player.startCheckIn,Start check-in,சோதனையைத் தொடங்கு,pending,
curriculum.player.stepOf,Step {step} of {total} · {category},{total} இல் படி {step} · {category},pending,
curriculum.player.skipExercise,Skip exercise,பயிற்சியைத் தவிர்,pending,
curriculum.player.skip,Skip,தவிர்,pending,
curriculum.player.exitToRoadmap,Exit to roadmap,வழிகாட்டிக்குச் செல்,pending,
curriculum.player.skipStep,Skip this step,இந்தப் படியைத் தவிர்,pending,
curriculum.player.continueGuided,Continue in its own guided view,அதன் சொந்த வழிகாட்டும் பார்வையில் தொடர்,pending,
curriculum.player.gatedIntro,"This exercise has its own guided flow with progress tracking — it opens in its own focused view, then brings you straight back here.","இந்தப் பயிற்சிக்கு முன்னேற்றத்தைப் பதிவுசெய்யும் தனி வழிகாட்டும் முறை உள்ளது — இது தனிப் பார்வையில் திறக்கும், பிறகு உங்களை நேராக இங்கே திரும்பக் கொண்டுவரும்.",pending,
curriculum.player.dayCompleteEyebrow,Day {day} complete,நாள் {day} முடிந்தது,pending,
curriculum.player.loading,Loading today’s session…,இன்றைய அமர்வு ஏற்றப்படுகிறது…,pending,
curriculum.phaseComplete.title,Phase {phase} complete!,கட்டம் {phase} முடிந்தது!,pending,
curriculum.phaseComplete.upNext,Up next — Phase {phase}: {title}.,அடுத்தது — கட்டம் {phase}: {title}.,pending,
curriculum.finishPrevious.title,Day {day} opens after Day {previous},நாள் {previous} க்குப் பிறகு நாள் {day} திறக்கும்,pending,
curriculum.finishPrevious.body,The 30 days open one after another. Finish Day {previous} and Day {day} opens straight away.,"30 நாட்களும் ஒன்றன்பின் ஒன்றாகத் திறக்கும். நாள் {previous} ஐ முடியுங்கள், நாள் {day} உடனே திறக்கும்.",pending,
curriculum.finishPrevious.goTo,Go to Day {previous},நாள் {previous} க்குச் செல்,pending,
curriculum.assessment.eyebrow,Checkpoint complete,சோதனை முடிந்தது,pending,
curriculum.assessment.title,Day {day} assessment,நாள் {day} மதிப்பீடு,pending,
curriculum.paywall.dayTitle,Day {day} is part of the {program},"நாள் {day}, {program} இன் பகுதி",pending,
curriculum.paywall.startTitle,Start the {program},{program} தொடங்கு,pending,
curriculum.paywall.body,"All 30 days of the curriculum — real WPM and comprehension checkpoints, and 7 live classes with Dr. Kapil Dev Sharma — open when you enrol. Days you have already completed stay open.","பாடத்திட்டத்தின் 30 நாட்களும் — உண்மையான WPM மற்றும் புரிதல் சோதனைகள், Dr. Kapil Dev Sharma அவர்களுடன் 7 நேரலை வகுப்புகள் — சேர்ந்தவுடன் திறக்கும். நீங்கள் முடித்த நாட்கள் திறந்தே இருக்கும்.",pending,
curriculum.practice.complete,Practice complete,பயிற்சி முடிந்தது,pending,
curriculum.practice.saved,Practice saved. Your original Day {day} result stays the same.,பயிற்சி சேமிக்கப்பட்டது. நாள் {day} இன் உங்கள் அசல் முடிவு அப்படியே இருக்கும்.,pending,
curriculum.practice.checkpointIntro,Practice check-in: read and answer again to see how you do today. Your official Day {day} result won’t change.,பயிற்சிச் சோதனை: மீண்டும் படித்துப் பதிலளித்து இன்று எப்படி என்று பாருங்கள். நாள் {day} இன் உங்கள் அதிகாரப்பூர்வ முடிவு மாறாது.,pending,
curriculum.practice.practisedOn,Practised again · {date},மீண்டும் பயிற்சி செய்தது · {date},pending,
curriculum.practice.times,{n} times,{n} முறை,pending,
curriculum.practice.latestResult,Latest: {wpm} WPM · {percent}% comprehension,சமீபத்தியது: {wpm} WPM · {percent}% புரிதல்,pending,
curriculum.practice.originalKept,Practice only — your official Day {day} result stays the same.,பயிற்சி மட்டுமே — நாள் {day} இன் உங்கள் அதிகாரப்பூர்வ முடிவு அப்படியே இருக்கும்.,pending,
curriculumPlan.days.d1.title,Baseline & Visual Warm-Up,தொடக்க அளவீடு & கண் தயார்ப்படுத்தல்,pending,
curriculumPlan.days.d1.focus,"Establish your true baseline WPM and comprehension score, then begin waking up your visual system.","உங்கள் உண்மையான தொடக்க WPM மற்றும் புரிதல் மதிப்பெண்ணை அறிந்து, உங்கள் பார்வை அமைப்பை எழுப்பத் தொடங்குங்கள்.",pending,
curriculumPlan.days.d2.title,Eye Foundation Ignition,கண் அடித்தளத் தொடக்கம்,pending,
curriculumPlan.days.d2.focus,Build the ocular strength and control every later gain depends on.,கண்களின் வலிமையும் கட்டுப்பாடும் வளருங்கள் — பின்வரும் ஒவ்வொரு முன்னேற்றமும் இதைச் சார்ந்தது.,pending,
curriculumPlan.days.d3.title,First Visual Focus Session,முதல் பார்வைக் கவன அமர்வு,pending,
curriculumPlan.days.d3.focus,"Introduce visual, non-verbal recall alongside your reading warm-ups.","வாசிப்புத் தயார்ப்படுத்தலுடன், சொற்கள் இல்லாமல் பார்த்து நினைவில் வைக்கும் பயிற்சியைத் தொடங்குங்கள்.",pending,
curriculumPlan.days.d4.title,Rhythm & Chunk Awareness,தாளம் & சொல்தொகுப்பு அறிதல்,pending,
curriculumPlan.days.d4.focus,Start noticing word groups instead of single words.,தனித்தனிச் சொற்களுக்குப் பதிலாகச் சொல் தொகுப்புகளைக் கவனிக்கத் தொடங்குங்கள்.,pending,
curriculumPlan.days.d5.title,Visualization Opens,கற்பனை திறக்கிறது,pending,
curriculumPlan.days.d5.focus,Begin training the mental screen behind your eyes.,கண்களுக்குப் பின்னால் உள்ள மனத்திரையைப் பயிற்றுவிக்கத் தொடங்குங்கள்.,pending,
curriculumPlan.days.d6.title,Foundation Consolidation,அடித்தளத்தை உறுதிப்படுத்தல்,pending,
curriculumPlan.days.d6.focus,Reinforce the week's gains with a full balanced circuit.,முழுச் சமநிலைச் சுற்றின் மூலம் இந்த வார முன்னேற்றத்தை உறுதிப்படுத்துங்கள்.,pending,
curriculumPlan.days.d7.title,Checkpoint — Foundation Review,சோதனை — அடித்தள மறுஆய்வு,pending,
curriculumPlan.days.d7.focus,Re-measure WPM and comprehension to confirm real week-one growth.,முதல் வாரத்தின் உண்மையான வளர்ச்சியை உறுதிசெய்ய WPM மற்றும் புரிதலை மீண்டும் அளவிடுங்கள்.,pending,
curriculumPlan.days.d8.title,Visual Focus Expansion Begins,பார்வைக் கவன விரிவாக்கம்,pending,
curriculumPlan.days.d8.focus,Deepen visual and intuitive recall training.,பார்த்தும் உள்ளுணர்வாலும் நினைவில் வைக்கும் பயிற்சியை ஆழப்படுத்துங்கள்.,pending,
curriculumPlan.days.d9.title,Inner Voice Awareness,உள்குரல் விழிப்புணர்வு,pending,
curriculumPlan.days.d9.focus,Start noticing and interrupting your inner voice while reading.,படிக்கும்போது மனதுக்குள் பேசும் குரலைக் கவனித்து நிறுத்தத் தொடங்குங்கள்.,pending,
curriculumPlan.days.d10.title,Flash Intelligence Warm-Up,ஃபிளாஷ் அறிதல் தயார்ப்படுத்தல்,pending,
curriculumPlan.days.d10.focus,Sharpen instant recognition speed with flash-based drills.,ஃபிளாஷ் பயிற்சிகளால் உடனடி அறிதல் வேகத்தைக் கூர்மையாக்குங்கள்.,pending,
curriculumPlan.days.d11.title,Deeper Visual Focus Practice,ஆழமான பார்வைக் கவனப் பயிற்சி,pending,
curriculumPlan.days.d11.focus,Extend non-verbal recall span and grid complexity.,சொற்கள் இல்லாத நினைவுத் திறனையும் கட்டத்தின் சிரமத்தையும் அதிகரியுங்கள்.,pending,
curriculumPlan.days.d12.title,Inner Voice Control,உள்குரல் கட்டுப்பாடு,pending,
curriculumPlan.days.d12.focus,"Push further into silent, voice-free reading.",மனதுக்குள் பேசாமல் அமைதியாகப் படிப்பதில் இன்னும் முன்னேறுங்கள்.,pending,
curriculumPlan.days.d13.title,Integration Circuit,ஒருங்கிணைந்த சுற்று,pending,
curriculumPlan.days.d13.focus,Combine visual-focus and reading gains in one balanced session.,பார்வைக் கவனம் மற்றும் வாசிப்பு முன்னேற்றங்களை ஒரே சமநிலை அமர்வில் இணையுங்கள்.,pending,
curriculumPlan.days.d14.title,Checkpoint — Visual Focus Review,சோதனை — பார்வைக் கவன மறுஆய்வு,pending,
curriculumPlan.days.d14.focus,Re-measure WPM and comprehension to confirm real week-two growth.,இரண்டாம் வாரத்தின் உண்மையான வளர்ச்சியை உறுதிசெய்ய WPM மற்றும் புரிதலை மீண்டும் அளவிடுங்கள்.,pending,
curriculumPlan.days.d15.title,Multi-Sensory Visualisation Begins,பல-புலன் கற்பனையின் தொடக்கம்,pending,
curriculumPlan.days.d15.focus,"Enter the Sensory Imagery Builder to train vivid, multi-sensory mental imagery.","Sensory Imagery Builder இல் தெளிவான, பல-புலன் மனப் படங்களைப் பயிற்சி செய்யுங்கள்.",pending,
curriculumPlan.days.d16.title,Energy & Focus Balancing,ஆற்றல் & கவனச் சமநிலை,pending,
curriculumPlan.days.d16.focus,"Train sustained, stable mental focus with the Calm Breath Balance.","Calm Breath Balance மூலம் நீடித்த, நிலையான கவனத்தைப் பயிற்சி செய்யுங்கள்.",pending,
curriculumPlan.days.d17.title,Mental Mastery Deepens,மனக் கட்டுப்பாடு ஆழமாகிறது,pending,
curriculumPlan.days.d17.focus,Layer visualization work on top of your reading gains.,வாசிப்பு முன்னேற்றத்தின் மேல் கற்பனைப் பயிற்சியைச் சேருங்கள்.,pending,
curriculumPlan.days.d18.title,Full Sensory Immersion,முழுப் புலன் ஈடுபாடு,pending,
curriculumPlan.days.d18.focus,Return to the Hologram Builder with a more ambitious goal.,பெரிய இலக்குடன் Hologram Builder க்குத் திரும்புங்கள்.,pending,
curriculumPlan.days.d19.title,Balance Under Pressure,அழுத்தத்திலும் சமநிலை,pending,
curriculumPlan.days.d19.focus,Hold equilibrium against tighter tolerances in the Energy Balancer.,Energy Balancer இல் கடுமையான வரம்புகளுடன் சமநிலையைக் காத்திடுங்கள்.,pending,
curriculumPlan.days.d20.title,Integrated Focus Circuit,ஒருங்கிணைந்த கவனச் சுற்று,pending,
curriculumPlan.days.d20.focus,"Combine visualization, balance, and reading in one advanced session.","கற்பனை, சமநிலை, வாசிப்பு மூன்றையும் ஒரு மேம்பட்ட அமர்வில் இணையுங்கள்.",pending,
curriculumPlan.days.d21.title,Checkpoint — Mental Mastery Review,சோதனை — மனக் கட்டுப்பாடு மறுஆய்வு,pending,
curriculumPlan.days.d21.focus,Re-measure WPM and comprehension to confirm real week-three growth.,மூன்றாம் வாரத்தின் உண்மையான வளர்ச்சியை உறுதிசெய்ய WPM மற்றும் புரிதலை மீண்டும் அளவிடுங்கள்.,pending,
curriculumPlan.days.d22.title,Peak Mastery — Eye Control,உச்சம் — கண் கட்டுப்பாடு,pending,
curriculumPlan.days.d22.focus,Revisit eye-foundation training at true peak intensity.,கண் அடித்தளப் பயிற்சியை முழுத் தீவிரத்தில் மீண்டும் செய்யுங்கள்.,pending,
curriculumPlan.days.d23.title,Peak Mastery — Stretch & Span,உச்சம் — நீட்சி & பார்வை வீச்சு,pending,
curriculumPlan.days.d23.focus,Push oculomotor stretch and span further than week one.,கண் நீட்சியையும் பார்வை வீச்சையும் முதல் வாரத்தைவிட அதிகரியுங்கள்.,pending,
curriculumPlan.days.d24.title,Peak Mastery — Regression Elimination,உச்சம் — பின்னோக்கிப் பார்ப்பதை நிறுத்துதல்,pending,
curriculumPlan.days.d24.focus,Reduce backward eye movements while reading.,படிக்கும்போது கண்கள் பின்னோக்கிச் செல்வதைக் குறையுங்கள்.,pending,
curriculumPlan.days.d25.title,Peak Mastery — Speed Ceiling,உச்சம் — வேக வரம்பு,pending,
curriculumPlan.days.d25.focus,Raise your reading speed ceiling with focused RSVP training.,RSVP பயிற்சியால் உங்கள் அதிகபட்ச வாசிப்பு வேகத்தை உயர்த்துங்கள்.,pending,
curriculumPlan.days.d26.title,Peak Mastery — Phrase Fluency,உச்சம் — சொற்றொடர் சரளம்,pending,
curriculumPlan.days.d26.focus,"Read in idea-sized phrases, not single words.",தனிச் சொற்களுக்குப் பதிலாக ஒரு கருத்து அளவுள்ள சொற்றொடர்களாகப் படியுங்கள்.,pending,
curriculumPlan.days.d27.title,Peak Mastery — Multi-Line Flow,உச்சம் — பல வரி ஓட்டம்,pending,
curriculumPlan.days.d27.focus,Extend fluency across multiple lines at once.,ஒரே நேரத்தில் பல வரிகளில் சரளமாகப் படிப்பதை விரிவாக்குங்கள்.,pending,
curriculumPlan.days.d28.title,Peak Mastery — Sentence Mastery,உச்சம் — வாக்கியத் தேர்ச்சி,pending,
curriculumPlan.days.d28.focus,Recognize whole sentences as single ideas.,முழு வாக்கியத்தையும் ஒரே கருத்தாக அறியுங்கள்.,pending,
curriculumPlan.days.d29.title,Peak Mastery — Paragraph Mastery,உச்சம் — பத்தித் தேர்ச்சி,pending,
curriculumPlan.days.d29.focus,Recognize whole paragraphs as single meaning blocks.,முழுப் பத்தியையும் ஒரே பொருள் தொகுப்பாக அறியுங்கள்.,pending,
curriculumPlan.days.d30.title,Final Certification,இறுதிச் சான்றிதழ்,pending,
curriculumPlan.days.d30.focus,Complete your final WPM and comprehension assessment and claim your Sharp Brain certification.,"உங்கள் இறுதி WPM மற்றும் புரிதல் மதிப்பீட்டை முடித்து, உங்கள் Sharp Brain சான்றிதழைப் பெறுங்கள்.",pending,
curriculumPlan.phases.p1.title,Foundation & Visual Warm-Up,அடித்தளம் & கண் தயார்ப்படுத்தல்,pending,
curriculumPlan.phases.p1.description,"Establish a true baseline, build core eye control, and wake up the visual reading system.","உண்மையான தொடக்க அளவீட்டை அமைத்து, கண்களின் அடிப்படைக் கட்டுப்பாட்டை வளர்த்து, பார்வை வாசிப்பு அமைப்பை எழுப்புங்கள்.",pending,
curriculumPlan.phases.p2.title,Visual Focus & Inner Voice Control,பார்வைக் கவனம் & உள்குரல் கட்டுப்பாடு,pending,
curriculumPlan.phases.p2.description,"Deepen visual, non-verbal recall and break the habit of silently voicing every word.","சொற்கள் இல்லாமல் பார்த்து நினைவில் வைப்பதை ஆழப்படுத்தி, ஒவ்வொரு சொல்லையும் மனதுக்குள் சொல்லும் பழக்கத்தை உடையுங்கள்.",pending,
curriculumPlan.phases.p3.title,Multi-Sensory Visualisation & Mental Mastery,பல-புலன் கற்பனை & மனக் கட்டுப்பாடு,pending,
curriculumPlan.phases.p3.description,Train vivid multi-sensory visualization and sustained focus.,தெளிவான பல-புலன் கற்பனையையும் நீடித்த கவனத்தையும் பயிற்சி செய்யுங்கள்.,pending,
curriculumPlan.phases.p4.title,Peak Smart Reading Mastery & Final Certification,Smart Reading உச்சம் & இறுதிச் சான்றிதழ்,pending,
curriculumPlan.phases.p4.description,Push every skill to its ceiling and complete the final mastery certification.,ஒவ்வொரு திறனையும் அதன் உச்சத்துக்குக் கொண்டு சென்று இறுதிச் சான்றிதழை முடியுங்கள்.,pending,
dashboard.greeting.morning,Good morning,காலை வணக்கம்,pending,
dashboard.greeting.afternoon,Good afternoon,மதிய வணக்கம்,pending,
dashboard.greeting.evening,Good evening,மாலை வணக்கம்,pending,
dashboard.greeting.welcomeBack,Welcome back,மீண்டும் வருக,pending,
dashboard.greeting.line,"{greeting}, {name}","{greeting}, {name}",pending,
dashboard.greeting.fallbackName,there,நண்பரே,pending,
dashboard.eyeFoundation.complete,Eye Foundation Module complete — keep the momentum going.,Eye Foundation பகுதி முடிந்தது — இதே வேகத்தைத் தொடருங்கள்.,pending,
dashboard.eyeFoundation.progress,{percent}% through the Eye Foundation Module.,Eye Foundation பகுதியில் {percent}% முடிந்தது.,pending,
dashboard.documentStudio.eyebrow,Tier 1 · Utility Hub,நிலை 1 · பயன்பாட்டு மையம்,pending,
dashboard.documentStudio.description,"Drop any PDF, textbook or research paper. Our AI turns it into Smart Reading drills, Mind Maps and Neural Map Notes.","எந்த PDF, பாடநூல் அல்லது ஆய்வுக் கட்டுரையையும் சேர்க்கவும். எங்கள் AI அதை Smart Reading பயிற்சிகள், Mind Maps மற்றும் Neural Map Notes ஆக மாற்றும்.",pending,
dashboard.flagship.eyebrow,Tier 3 · Flagship Program,நிலை 3 · முதன்மைத் திட்டம்,pending,
dashboard.flagship.description,A structured 30-day path with live classes.,நேரலை வகுப்புகளுடன் 30 நாள் ஒழுங்கான பாதை.,pending,
dashboard.mindScore.breakdown,Mind Score breakdown,Mind Score விவரம்,pending,
dashboard.mindScore.reading,Reading,வாசிப்பு,pending,
dashboard.mindScore.memory,Memory,நினைவாற்றல்,pending,
dashboard.mindScore.focus,Focus,கவனம்,pending,
dashboard.streak.one,Current streak: {count} day,தொடர் நாட்கள்: {count} நாள்,pending,
dashboard.streak.many,Current streak: {count} days,தொடர் நாட்கள்: {count} நாட்கள்,pending,
dashboard.curriculumCard.progress,Your curriculum progress,உங்கள் பாடத்திட்ட முன்னேற்றம்,pending,
dashboard.curriculumCard.dayTheme,Day {day} — {title},நாள் {day} — {title},pending,
dashboard.curriculumCard.readyDay1,Ready to begin Day 1,நாள் 1 தொடங்கத் தயார்,pending,
dashboard.curriculumCard.percentComplete,{percent}% of the 30 days complete,30 நாட்களில் {percent}% முடிந்தது,pending,
dashboard.curriculumCard.openCurriculum,Open curriculum,பாடத்திட்டத்தைத் திற,pending,
dashboard.curriculumCard.continueDay,Continue Day {day},நாள் {day} தொடரவும்,pending,
dashboard.curriculumCard.startDay1,Start Day 1,நாள் 1 தொடங்கு,pending,
dashboard.viewToggle.student,Student view,மாணவர் பார்வை,pending,
dashboard.viewToggle.parent,Parent analytics,பெற்றோர் பகுப்பாய்வு,pending,
dashboard.habit.journeyDay,Day {day} of your {program}.,உங்கள் {program} இன் நாள் {day}.,pending,
dashboard.habit.programOutcome,"Read faster with understanding, focus longer, remember more — measured from your own Day 1 to Day 30.","புரிதலுடன் வேகமாகப் படியுங்கள், நீண்ட நேரம் கவனம் செலுத்துங்கள், அதிகம் நினைவில் வையுங்கள் — உங்கள் சொந்த நாள் 1 முதல் நாள் 30 வரை அளவிடப்படும்.",pending,
dashboard.habit.programFormat,Online · 7 live classes + 30 days of app practice.,ஆன்லைன் · 7 நேரலை வகுப்புகள் + 30 நாள் ஆப் பயிற்சி.,pending,
dashboard.journeyCard.skills,Reading · Quick Choice · Visual Focus · Visualisation,வாசிப்பு · விரைவுத் தேர்வு · பார்வைக் கவனம் · கற்பனை,pending,
dashboard.journeyCard.continue,Continue →,தொடரவும் →,pending,
dashboard.journeyCard.begin,Begin →,தொடங்கு →,pending,
dashboard.journeyCard.dayCompleted,"Day {day}, completed","நாள் {day}, முடிந்தது",pending,
dashboard.journeyCard.dayUnlocked,"Day {day}, unlocked","நாள் {day}, திறந்துள்ளது",pending,
dashboard.journeyCard.dayLocked,"Day {day}, locked, part of the {program}","நாள் {day}, பூட்டப்பட்டுள்ளது, {program} இன் பகுதி",pending,
docWidget.badge,Document Mastery Studio,Document Mastery Studio,pending,
docWidget.includedWith,Included with the {program},{program} இல் அடங்கியது,pending,
docWidget.unlockTitle,Unlock Document Mastery Studio,Document Mastery Studio ஐத் திற,pending,
docWidget.unlockDesc,"Included with the {program} — turn any PDF, textbook or article into speed-reading drills, mind maps and smart summaries.","{program} இல் அடங்கியது — எந்த PDF, பாடநூல் அல்லது கட்டுரையையும் வேக வாசிப்புப் பயிற்சிகள், மைண்ட் மேப்கள், சுருக்கங்களாக மாற்றுங்கள்.",pending,
docWidget.steps.readingDocument,Reading document content…,ஆவணம் படிக்கப்படுகிறது…,pending,
docWidget.steps.buildingNotes,Building Neural Map Notes & AI Summary…,Neural Map Notes & AI சுருக்கம் உருவாகிறது…,pending,
docWidget.steps.preparingSession,Preparing your session…,உங்கள் அமர்வு தயாராகிறது…,pending,
docWidget.steps.fetchingArticle,Fetching article content…,கட்டுரை கொண்டுவரப்படுகிறது…,pending,
docWidget.steps.fetchingTranscript,Fetching transcript…,எழுத்துப்படி கொண்டுவரப்படுகிறது…,pending,
docWidget.steps.generatingMaps,Generating mind maps…,மைண்ட் மேப்கள் உருவாகின்றன…,pending,
docWidget.previewOf,Preview of {name},{name} முன்னோட்டம்,pending,
docWidget.replaceFile,Replace {name},{name} ஐ மாற்று,pending,
docWidget.removeFile,Remove {name},{name} ஐ நீக்கு,pending,
docWidget.generateIn,Generate in,இந்த மொழியில் உருவாக்கு,pending,
docWidget.generateInLabel,Language for generated study material,உருவாகும் படிப்புப் பொருளின் மொழி,pending,
docWidget.inputMethod,Choose input method,முறையைத் தேர்ந்தெடு,pending,
docWidget.uploadFile,Upload file,கோப்பைப் பதிவேற்று,pending,
docWidget.pasteUrl,Paste URL / YouTube,URL / YouTube ஒட்டு,pending,
docWidget.urlPlaceholder,"Paste a YouTube video, article or web link…","YouTube காணொளி, கட்டுரை அல்லது இணைய இணைப்பை ஒட்டவும்…",pending,
docWidget.urlLabel,"YouTube video, article or web link","YouTube காணொளி, கட்டுரை அல்லது இணைய இணைப்பு",pending,
docWidget.transformUrl,Transform URL,URL ஐ மாற்று,pending,
docWidget.somethingWrong,Something went wrong. Please try again.,ஏதோ தவறு நடந்தது. மீண்டும் முயலுங்கள்.,pending,
docWidget.youtubeVideo,YouTube video,YouTube காணொளி,pending,
docWidget.webArticle,Web article,இணையக் கட்டுரை,pending,
docWidget.uploadDocument,Upload a document,ஆவணத்தைப் பதிவேற்று,pending,
docWidget.uploadHint,PDF · Word · Text · Image — tap or drop,PDF · Word · உரை · படம் — தட்டவும் அல்லது இழுத்து விடவும்,pending,
docWidget.recentDocument,Recent document,சமீபத்திய ஆவணம்,pending,
docWidget.fileTooLarge,This file is too large for instant processing. Please choose a file up to {size}.,இந்தக் கோப்பு உடனடிச் செயலாக்கத்துக்கு மிகப் பெரியது. {size} வரையிலான கோப்பைத் தேர்ந்தெடுங்கள்.,pending,
docWidget.transformFile,Transform into study material,படிப்புப் பொருளாக மாற்று,pending,
docWidget.dropTitle,"Drop PDFs, Word files, text files or images/notes here","PDF, Word கோப்பு, உரைக் கோப்பு அல்லது படம்/குறிப்புகளை இங்கே விடுங்கள்",pending,
docWidget.dropSubtitle,or click to browse,அல்லது தேர்ந்தெடுக்கக் கிளிக் செய்யுங்கள்,pending,
docWidget.dropHelper,PDF · Word (.docx) · Text · PNG/JPEG,PDF · Word (.docx) · உரை · PNG/JPEG,pending,
docWidget.cancelUpload,Cancel upload,பதிவேற்றத்தை ரத்துசெய்,pending,
docWidget.preparingProject,Preparing your Learning Project…,உங்கள் Learning Project தயாராகிறது…,pending,
docWidget.uploading,Uploading… {percent}%,பதிவேறுகிறது… {percent}%,pending,
docWidget.dropDefaultTitle,Bring your knowledge here,உங்கள் அறிவை இங்கே கொண்டு வாருங்கள்,pending,
docWidget.historyTitle,Document History™,Document History™,pending,
docWidget.historyDesc,"Reopen a past upload — no new AI call, no extra cost.","பழைய பதிவேற்றத்தை மீண்டும் திறக்கவும் — புதிய AI அழைப்பு இல்லை, கூடுதல் செலவு இல்லை.",pending,
docWidget.historyEmpty,No documents yet — transform your first one to see it here.,இன்னும் ஆவணங்கள் இல்லை — முதலாவதை மாற்றினால் இங்கே தெரியும்.,pending,
enrol.enrolNow,Enrol now · {price},இப்போதே சேருங்கள் · {price},pending,
enrol.earlyBirdFor,Early-bird for the {date} batch,{date} பேட்ச்சுக்கான முன்பதிவு சலுகை,pending,
enrol.endsIn,ends in,முடிய இன்னும்,pending,
enrol.endsOn,Ends {deadline},{deadline} வரை,pending,
enrol.regularLine,Next batch starts {date},அடுத்த பேட்ச் {date} அன்று தொடங்கும்,pending,
enrol.oneTime,One-time payment,ஒரே முறை கட்டணம்,pending,
enrol.perDay,≈ {price} a day for 30 days,30 நாட்களுக்கு நாளொன்றுக்கு சுமார் {price},pending,
enrol.chooseBatch,Choose your batch,உங்கள் பேட்சைத் தேர்ந்தெடுங்கள்,pending,
enrol.batchOption,Starts {date},{date} அன்று தொடக்கம்,pending,
enrol.earlyBirdTag,Early-bird,முன்பதிவு சலுகை,pending,
enrol.offerTag,Your test offer,உங்கள் டெஸ்ட் சலுகை,pending,
enrol.seatsLeft,{n} seats per batch,ஒவ்வொரு பேட்சிலும் {n} இடங்கள்,pending,
enrol.redirecting,Opening secure checkout…,பாதுகாப்பான கட்டணப் பக்கம் திறக்கிறது…,pending,
enrol.emailLabel,Your email,உங்கள் மின்னஞ்சல்,pending,
enrol.emailHint,Use the email you will sign in to the app with — your access is linked to it.,ஆப்பில் உள்நுழையும் அதே மின்னஞ்சலைக் கொடுங்கள் — உங்கள் அணுகல் அதனுடன் இணைக்கப்படும்.,pending,
enrol.nameLabel,Name (optional),பெயர் (விருப்பம்),pending,
enrol.secure,Secure checkout via Razorpay,Razorpay மூலம் பாதுகாப்பான கட்டணம்,pending,
enrol.errors.invalid_email,Please enter a valid email address.,சரியான மின்னஞ்சல் முகவரியை உள்ளிடுங்கள்.,pending,
enrol.errors.batch_closed,That batch has just closed for enrolment. Please choose the next one.,அந்த பேட்சின் சேர்க்கை இப்போது முடிந்துவிட்டது. அடுத்த பேட்சைத் தேர்ந்தெடுங்கள்.,pending,
enrol.errors.unavailable,Online checkout is not available for this price right now. Please message us on WhatsApp and we will send your payment link.,"இந்த விலைக்கு இப்போது ஆன்லைன் கட்டணம் இல்லை. WhatsApp-இல் செய்தி அனுப்புங்கள், கட்டண இணைப்பை அனுப்புகிறோம்.",pending,
enrol.errors.rate_limited,Too many attempts. Please wait a minute and try again.,அதிக முயற்சிகள். ஒரு நிமிடம் காத்திருந்து மீண்டும் முயலுங்கள்.,pending,
enrol.whatsappEnrol,"Hi, I want to enrol in the Sharp Brain 30-Day Program (batch starting {date}, {price}). Please send me the payment link.","வணக்கம், Sharp Brain 30-நாள் திட்டத்தில் சேர விரும்புகிறேன் ({date} அன்று தொடங்கும் பேட்ச், {price}). கட்டண இணைப்பை அனுப்புங்கள்.",pending,
enrol.chatOnWhatsapp,Chat on WhatsApp,WhatsApp-இல் பேசுங்கள்,pending,
enrol.units.d,d,நா,pending,
enrol.units.h,h,மணி,pending,
enrol.units.m,m,நிமி,pending,
enrol.units.s,s,வி,pending,
exercises.exit,Exit,வெளியேறு,pending,
exercises.exitExercise,Exit exercise,பயிற்சியிலிருந்து வெளியேறு,pending,
exercises.whyItWorks,Why this drill works,இந்தப் பயிற்சி ஏன் பலன் தருகிறது,pending,
exercises.locked.title,{title} is locked,{title} பூட்டப்பட்டுள்ளது,pending,
exercises.locked.body,These exercises build on each other in order. Finish the ones before this one first.,இந்தப் பயிற்சிகள் ஒன்றன்பின் ஒன்றாக வளர்கின்றன. முதலில் இதற்கு முந்தையவற்றை முடியுங்கள்.,pending,
exercises.locked.goTo,Go to {name},{name} க்குச் செல்,pending,
exercises.locked.backToLab,Back to Lab,Lab க்குத் திரும்பு,pending,
exercises.rsvp.mode,RSVP Mode™,RSVP Mode™,pending,
exercises.rsvp.speed,Speed: {wpm} WPM,வேகம்: {wpm} WPM,pending,
exercises.questions.correct,Correct!,சரி!,pending,
exercises.questions.notQuite,Not quite — it was “{answer}”.,சற்றுத் தவறியது — சரியான பதில் “{answer}”.,pending,
exercises.stats.round,Round,சுற்று,pending,
exercises.stats.score,Score,மதிப்பெண்,pending,
exercises.stats.streak,Streak,தொடர் சரி,pending,
exercises.stats.accuracy,Accuracy,துல்லியம்,pending,
exercises.stats.time,Time,நேரம்,pending,
exercises.stats.energy,Energy,ஆற்றல்,pending,
exercises.stats.stability,Stability,நிலைத்தன்மை,pending,
exercises.stats.hitRate,Hit rate,சரியான இலக்குகள்,pending,
exercises.stats.bestScore,Best score,சிறந்த மதிப்பெண்,pending,
exercises.stats.elapsed,{time} elapsed,{time} கடந்தது,pending,
exercises.stats.streakMultiplier,Streak multiplier ×{n},தொடர் சரி பெருக்கி ×{n},pending,
exercises.stats.bestStreak,Best streak,நீண்ட தொடர் சரி,pending,
exercises.stats.bestAccuracyAllTime,Best accuracy (all-time),இதுவரையிலான சிறந்த துல்லியம்,pending,
exercises.stats.bestStreakAllTime,Best streak (all-time),இதுவரையிலான நீண்ட தொடர்,pending,
exercises.stats.roundsPlayed,Rounds played,விளையாடிய சுற்றுகள்,pending,
exercises.stats.bestScoreAllTime,Best score (all-time),இதுவரையிலான சிறந்த மதிப்பெண்,pending,
exercises.stats.level,Level,நிலை,pending,
exercises.stats.lives,Lives,வாய்ப்புகள்,pending,
exercises.stats.points,Points,புள்ளிகள்,pending,
exercises.stats.totalPoints,Total points,மொத்தப் புள்ளிகள்,pending,
exercises.stats.speed,Speed,வேகம்,pending,
exercises.stats.wpm,WPM,WPM,pending,
exercises.stats.comprehension,Comprehension,புரிதல்,pending,
exercises.stats.readingPace,Reading pace,வாசிப்பு வேகம்,pending,
exercises.stats.targetWpm,Target WPM,இலக்கு WPM,pending,
exercises.stats.warmingUp,Warming up…,தயாராகிறது…,pending,
exercises.stats.wpmValue,{wpm} wpm,{wpm} wpm,pending,
exercises.complete.sprintComplete,Sprint complete.,சுற்று முடிந்தது.,pending,
exercises.complete.playAgain,Play again,மீண்டும் விளையாடு,pending,
exercises.complete.backToLab,Back to Lab,Lab க்குத் திரும்பு,pending,
exercises.complete.continue,Continue,தொடர்,pending,
exercises.complete.continueSession,Continue session →,அமர்வைத் தொடர் →,pending,
exercises.complete.sessionComplete,Session complete,அமர்வு முடிந்தது,pending,
exercises.start,Start,தொடங்கு,pending,
exercises.colorSync.desc,A colour name flashes in a different ink colour. Tap the colour that matches the WORD or the INK — the round tells you which.,ஒரு நிறத்தின் பெயர் வேறு நிற மையில் மின்னுகிறது. சொல்லுக்கோ மைக்கோ பொருந்தும் நிறத்தைத் தட்டுங்கள் — எதைத் தேர்வது என்று ஒவ்வொரு சுற்றும் சொல்லும்.,pending,
exercises.colorSync.why,"This trains the classic Stroop conflict — your brain learns to stop reading the word on autopilot and follow the instruction instead. You get just {seconds}s per round, a streak multiplier, and a bonus for fast correct answers. {rounds} rounds per sprint — half ask for the word, half for the ink.","இது Stroop குழப்பப் பயிற்சி — சொல்லைத் தானாகப் படிப்பதற்குப் பதிலாக அறிவுறுத்தலைப் பின்பற்ற உங்கள் மூளை கற்றுக்கொள்கிறது. ஒவ்வொரு சுற்றுக்கும் வெறும் {seconds} வினாடிகள், தொடர் சரிக்குப் பெருக்கி, வேகமான சரியான பதிலுக்குப் போனஸ். ஒவ்வொரு முறையும் {rounds} சுற்றுகள் — பாதி சொல்லுக்கு, பாதி மைக்கு.",pending,
exercises.colorSync.matchWord,Match the WORD it spells,சொல் குறிக்கும் நிறத்தைத் தேர்ந்தெடு,pending,
exercises.colorSync.matchInk,Match the INK colour,மையின் நிறத்தைத் தேர்ந்தெடு,pending,
exercises.colorSync.stimulusLabel,the word {word} painted in {ink} ink,"{word} என்ற சொல், {ink} நிற மையில்",pending,
exercises.colorSync.correctPoints,Correct! +{points} points,சரி! +{points} புள்ளிகள்,pending,
exercises.colorSync.correctPointsFast,Correct! +{points} points (fast bonus!),சரி! +{points} புள்ளிகள் (வேகப் போனஸ்!),pending,
exercises.colorSync.notQuite,Not quite — it was {answer}.,சற்றுத் தவறியது — சரியானது {answer}.,pending,
exercises.colorSync.answer,Answer: {answer},பதில்: {answer},pending,
exercises.colorSync.complete,Sync complete,சுற்று முடிந்தது,pending,
exercises.colorSync.nice,Nice colour-word control.,நிறம்-சொல் கட்டுப்பாடு அருமை.,pending,
exercises.colorSync.flawless,Flawless sync! +{bonus} bonus included.,முழுமையாகச் சரி! +{bonus} போனஸ் சேர்க்கப்பட்டது.,pending,
exercises.colorSync.syncAccuracy,Sync accuracy,துல்லியம்,pending,
exercises.colorSync.correctMatches,Correct matches,சரியான பொருத்தங்கள்,pending,
exercises.colorSync.totalPoints,Total points,மொத்தப் புள்ளிகள்,pending,
exercises.colorSync.bestStreak,Best streak,நீண்ட தொடர் சரி,pending,
exercises.colorSync.fastestReaction,Fastest reaction,வேகமான பதில்,pending,
exercises.colorSync.bestAccuracyAllTime,Best accuracy (all-time),இதுவரையிலான சிறந்த துல்லியம்,pending,
exercises.colorSync.bestStreakAllTime,Best streak (all-time),இதுவரையிலான நீண்ட தொடர்,pending,
exercises.runner.previous,Previous,முந்தையது,pending,
exercises.runner.exitToLab,Exit to Lab,Lab க்குச் செல்,pending,
exercises.runner.continueTo,Continue: {name},அடுத்து: {name},pending,
exercises.runner.backToDashboard,Back to Dashboard,டாஷ்போர்டுக்குத் திரும்பு,pending,
exercises.defs.eye-stretch.description,Let's gently extend how far your eyes can comfortably move — a wider range means fewer stops and starts as you read.,உங்கள் கண்கள் வசதியாக எவ்வளவு தூரம் நகர முடியும் என்பதை மெதுவாக அதிகரிப்போம் — அதிக வீச்சு என்றால் படிக்கும்போது குறைவான நிறுத்தங்கள்.,pending,
exercises.defs.eye-stretch.duration,About 45 seconds,சுமார் 45 வினாடிகள்,pending,
exercises.defs.eye-stretch.posture,"Sit comfortably. Keep your head still — glance gently, then return to center.","வசதியாக உட்காருங்கள். தலையை அசைக்காதீர்கள் — மெதுவாகப் பாருங்கள், பிறகு நடுவுக்குத் திரும்புங்கள்.",pending,
exercises.defs.eye-stretch.doneTitle,You're stretched and ready.,"கண்கள் தளர்ந்தன, நீங்கள் தயார்.",pending,
exercises.defs.eye-stretch.doneLine,Gently done — your eyes have a little more room now.,மெதுவாக முடிந்தது — இப்போது உங்கள் கண்களுக்கு இன்னும் கொஞ்சம் இடம் கிடைத்துள்ளது.,pending,
exercises.defs.regression-control.description,"Let's practice moving steadily forward, without looking back.","பின்னோக்கிப் பார்க்காமல், சீராக முன்னேறிப் பயிற்சி செய்வோம்.",pending,
exercises.defs.regression-control.duration,About 35 seconds,சுமார் 35 வினாடிகள்,pending,
exercises.defs.regression-control.posture,Sit comfortably. Follow the lead point forward — there's no need to check back.,வசதியாக உட்காருங்கள். முன்னே செல்லும் புள்ளியைப் பின்தொடருங்கள் — பின்னால் பார்க்கத் தேவையில்லை.,pending,
exercises.defs.regression-control.doneTitle,You kept moving forward.,நீங்கள் முன்னேறிக்கொண்டே இருந்தீர்கள்.,pending,
exercises.defs.regression-control.doneLine,No backtracking needed — that forward ease is exactly what we're building.,பின்னோக்கிச் செல்லத் தேவைப்படவில்லை — இந்த எளிதான முன்னேற்றத்தையே நாங்கள் வளர்க்கிறோம்.,pending,
exercises.defs.reading-speed.description,"Let's build a smooth, comfortable reading rhythm.","சீரான, வசதியான வாசிப்புத் தாளத்தை உருவாக்குவோம்.",pending,
exercises.defs.reading-speed.duration,About 35 seconds,சுமார் 35 வினாடிகள்,pending,
exercises.defs.reading-speed.posture,Sit comfortably. Read each line naturally as it's highlighted — no need to rush.,வசதியாக உட்காருங்கள். ஒவ்வொரு வரியும் ஒளிரும்போது இயல்பாகப் படியுங்கள் — அவசரம் வேண்டாம்.,pending,
exercises.defs.reading-speed.doneTitle,That's a comfortable reading rhythm.,இது வசதியான வாசிப்புத் தாளம்.,pending,
exercises.defs.reading-speed.doneLine,Smooth and steady — that's exactly the foundation we're building on.,சீராகவும் நிலையாகவும் — இந்த அடித்தளத்தில்தான் நாம் முன்னேறுகிறோம்.,pending,
exercises.defs.fixation-reduction.description,Let's train your eyes to cover the same line in fewer stops.,அதே வரியைக் குறைவான நிறுத்தங்களில் படிக்கக் கண்களுக்குக் கற்றுக்கொடுப்போம்.,pending,
exercises.defs.fixation-reduction.duration,About 40 seconds,சுமார் 40 வினாடிகள்,pending,
exercises.defs.fixation-reduction.posture,"Sit comfortably. Follow the highlighted point — let your eyes jump, not drift.","வசதியாக உட்காருங்கள். ஒளிரும் புள்ளியைப் பின்தொடருங்கள் — கண்கள் தாவட்டும், அலையக்கூடாது.",pending,
exercises.defs.fixation-reduction.doneTitle,You're covering more ground per glance.,ஒரு பார்வையில் அதிகம் படிக்கிறீர்கள்.,pending,
exercises.defs.fixation-reduction.doneLine,"Fewer stops, same line — that ease will carry into your reading.","குறைவான நிறுத்தங்கள், அதே வரி — இந்த எளிமை உங்கள் வாசிப்பிலும் வரும்.",pending,
exercises.defs.eye-span.description,"Let's see how much your eyes can take in at once, without moving them.",கண்களை அசைக்காமல் ஒரே நேரத்தில் எவ்வளவு பார்க்க முடியும் என்று பார்ப்போம்.,pending,
exercises.defs.eye-span.duration,About 45 seconds,சுமார் 45 வினாடிகள்,pending,
exercises.defs.eye-span.posture,Sit comfortably. Keep your eyes on the center dot — let things appear around it.,வசதியாக உட்காருங்கள். பார்வையை நடுப் புள்ளியில் வையுங்கள் — அதைச் சுற்றி பொருட்கள் தோன்றும்.,pending,
exercises.defs.eye-span.doneTitle,You're noticing more.,நீங்கள் அதிகம் கவனிக்கிறீர்கள்.,pending,
exercises.defs.eye-span.doneLine,Calm and steady — your glance is widening.,"அமைதியாக, நிலையாக — உங்கள் பார்வை வீச்சு விரிகிறது.",pending,
exercises.defs.eye-warm-up.description,Let's loosen up your eyes before we begin — relaxed eye muscles move faster and tire less during reading.,"தொடங்கும் முன் கண்களைத் தளர்த்துவோம் — தளர்வான கண்கள் படிக்கும்போது வேகமாக நகரும், குறைவாகச் சோர்வடையும்.",pending,
exercises.defs.eye-warm-up.duration,About 45 seconds,சுமார் 45 வினாடிகள்,pending,
exercises.defs.eye-warm-up.posture,Sit comfortably. Keep your head still — let your eyes do the moving.,வசதியாக உட்காருங்கள். தலையை அசைக்காதீர்கள் — கண்கள் மட்டும் நகரட்டும்.,pending,
exercises.defs.eye-warm-up.doneTitle,You're warmed up.,கண்கள் தயார்.,pending,
exercises.defs.eye-warm-up.doneLine,Nice and easy — your eyes are ready.,"மெதுவாக, எளிதாக — உங்கள் கண்கள் தயாராக உள்ளன.",pending,
exercises.defs.rsvp.description,"Let's practice recognizing single words at a fixed point, without moving your eyes.","கண்களை அசைக்காமல், ஒரே இடத்தில் வரும் தனிச் சொற்களை அறியும் பயிற்சி செய்வோம்.",pending,
exercises.defs.rsvp.duration,About 45 seconds,சுமார் 45 வினாடிகள்,pending,
exercises.defs.rsvp.posture,Sit comfortably. Keep your eyes still — let each word arrive and go without chasing it.,"வசதியாக உட்காருங்கள். கண்களை அசைக்காதீர்கள் — ஒவ்வொரு சொல்லும் வந்து போகட்டும், அதைத் துரத்த வேண்டாம்.",pending,
exercises.defs.rsvp.doneTitle,You stayed calm and steady.,"நீங்கள் அமைதியாக, நிலையாக இருந்தீர்கள்.",pending,
exercises.defs.rsvp.doneLine,That's the skill — recognizing words without anxiety about catching every one.,இதுதான் திறன் — ஒவ்வொரு சொல்லையும் பிடிக்க வேண்டும் என்ற பதற்றமின்றிச் சொற்களை அறிவது.,pending,
exercises.dotMemory.desc,"A group of glowing dots flashes on the grid — remember where they are, then tap them from memory. {rounds} rounds, each a little harder than the last.","கட்டத்தில் ஒளிரும் புள்ளிகளின் குழு மின்னும் — அவை எங்கே இருந்தன என்று நினைவில் வைத்து, பிறகு நினைவிலிருந்து தட்டுங்கள். {rounds} சுற்றுகள், ஒவ்வொன்றும் முந்தையதைவிடச் சற்றுக் கடினம்.",pending,
exercises.dotMemory.memorize,Remember the glowing dots.,ஒளிரும் புள்ளிகளை நினைவில் வையுங்கள்.,pending,
exercises.dotMemory.recall,Tap the cells you remember.,நினைவில் உள்ள கட்டங்களைத் தட்டுங்கள்.,pending,
exercises.dotMemory.nice,Nice spatial recall.,இட நினைவு அருமை.,pending,
exercises.wordFlash.desc,"Short words flash quickly on the grid. Remember where each one was and what it said, then pick each one.","சிறிய சொற்கள் கட்டத்தில் விரைவாக மின்னும். ஒவ்வொன்றும் எங்கே இருந்தது, என்ன சொல் என்று நினைவில் வைத்து, பிறகு ஒவ்வொன்றையும் தேர்ந்தெடுங்கள்.",pending,
exercises.wordFlash.memorize,Remember the words and their cells.,சொற்களையும் அவற்றின் கட்டங்களையும் நினைவில் வையுங்கள்.,pending,
exercises.wordFlash.pickWord,Pick the word you remember for that cell.,அந்தக் கட்டத்துக்கு நினைவில் உள்ள சொல்லைத் தேர்ந்தெடுங்கள்.,pending,
exercises.wordFlash.tapCell,"Tap a cell you remember, then pick its word.","நினைவில் உள்ள கட்டத்தைத் தட்டி, பிறகு அதன் சொல்லைத் தேர்ந்தெடுங்கள்.",pending,
exercises.wordFlash.whichWord,Cell {n}: which word was there?,கட்டம் {n}: அங்கே எந்தச் சொல் இருந்தது?,pending,
exercises.wordFlash.nice,Nice word-and-place recall.,சொல்-இட நினைவு அருமை.,pending,
exercises.common.gridSize,Grid size,கட்ட அளவு,pending,
exercises.common.gridCell,Grid cell {n},கட்டம் {n},pending,
exercises.common.missed,Here is what you missed.,நீங்கள் தவறவிட்டவை இவை.,pending,
exercises.common.correctPlacements,Correct placements,சரியான இடங்கள்,pending,
exercises.common.preparing,Preparing…,தயாராகிறது…,pending,
exercises.common.finish,Finish,முடி,pending,
exercises.calmBalance.desc,"Two opposite energies — heavy Earth & Gold and light Air & Water — pull against each other. Hold “Ground It” or “Lift It” to stop the drift and keep them in balance. {rounds} rounds, each with a tighter balance and a stronger drift than the last.","இரண்டு எதிர் ஆற்றல்கள் — கனமான பூமி & தங்கம், லேசான காற்று & நீர் — ஒன்றையொன்று இழுக்கின்றன. சரிவைத் தடுத்துச் சமநிலையைக் காக்க “கீழே இறக்கு” அல்லது “மேலே உயர்த்து” ஐ அழுத்திப் பிடியுங்கள். {rounds} சுற்றுகள், ஒவ்வொன்றிலும் சமநிலை இன்னும் இறுக்கமாக, இழுப்பு இன்னும் வலுவாக.",pending,
exercises.calmBalance.holdGround,Hold Ground It to correct,சரிசெய்ய “கீழே இறக்கு” ஐ அழுத்திப் பிடியுங்கள்,pending,
exercises.calmBalance.holdLift,Hold Lift It to correct,சரிசெய்ய “மேலே உயர்த்து” ஐ அழுத்திப் பிடியுங்கள்,pending,
exercises.calmBalance.balanced,Perfectly balanced,முழுச் சமநிலை,pending,
exercises.calmBalance.earthGold,Earth & Gold,பூமி & தங்கம்,pending,
exercises.calmBalance.energyBeam,Energy Beam,ஆற்றல் கோடு,pending,
exercises.calmBalance.airWater,Air & Water,காற்று & நீர்,pending,
exercises.calmBalance.groundIt,⬇ Ground It,⬇ கீழே இறக்கு,pending,
exercises.calmBalance.liftIt,⬆ Lift It,⬆ மேலே உயர்த்து,pending,
exercises.calmBalance.harmony,Harmony achieved,சமநிலை அடைந்தீர்கள்,pending,
exercises.calmBalance.harmonyLine,"{rounds} rounds of Earth, Gold, Air & Water — balanced.","பூமி, தங்கம், காற்று & நீரின் {rounds} சுற்றுகள் — சமநிலையில்.",pending,
exercises.calmBalance.overallStability,Overall stability,மொத்த நிலைத்தன்மை,pending,
exercises.calmBalance.perfectRoundStreak,Perfect round streak,தொடர் முழுமையான சுற்றுகள்,pending,
exercises.calmBalance.balanceTime,Balance time,சமநிலை நேரம்,pending,
exercises.calmBalance.bestStabilityAllTime,Best stability (all-time),இதுவரையிலான சிறந்த நிலைத்தன்மை,pending,
exercises.sound.soundscapeOn,Soundscape on,பின்னணி ஒலி இயக்கத்தில்,pending,
exercises.sound.soundscapeOff,Soundscape off,பின்னணி ஒலி நிறுத்தத்தில்,pending,
exercises.sound.mute,Mute,ஒலியை நிறுத்து,pending,
exercises.sound.unmute,Unmute,ஒலியை இயக்கு,pending,
exercises.sound.volume,Volume,ஒலி அளவு,pending,
exercises.sound.volumeLabel,Ambient soundscape volume,பின்னணி ஒலி அளவு,pending,
exercises.sound.pause,Pause,இடைநிறுத்து,pending,
exercises.sound.resume,Resume,தொடர்,pending,
exercises.sound.restart,Restart,மீண்டும் தொடங்கு,pending,
exercises.innerVoice.desc,A very fast stream of words — faster than your inner voice can keep up with. 3 quick questions then check what you remember.,மிக வேகமான சொல் ஓட்டம் — உங்கள் உள்குரலைவிட வேகமாக. பிறகு 3 சிறு கேள்விகள் நீங்கள் என்ன நினைவில் வைத்தீர்கள் என்று பார்க்கும்.,pending,
exercises.innerVoice.todaysReading,Today’s reading: {topic},இன்றைய வாசிப்பு: {topic},pending,
exercises.innerVoice.reading,Reading: {topic},வாசிப்பு: {topic},pending,
exercises.innerVoice.perfect,"Perfect recall — you caught every key idea, without the inner voice.",முழு நினைவு — உள்குரல் இல்லாமலேயே ஒவ்வொரு முக்கியக் கருத்தையும் பிடித்தீர்கள்.,pending,
exercises.innerVoice.solid,Good understanding — most of it stayed with you even at high speed.,நல்ல புரிதல் — அதிக வேகத்திலும் பெரும்பாலானவை நினைவில் இருந்தன.,pending,
exercises.innerVoice.again,Worth another try — a few key ideas slipped by at this speed.,மீண்டும் முயலுங்கள் — இந்த வேகத்தில் சில முக்கியக் கருத்துகள் தவறிவிட்டன.,pending,
exercises.innerVoice.streamComplete,Fast word stream complete.,வேகச் சொல் ஓட்டம் முடிந்தது.,pending,
exercises.innerVoice.streamCompleteScore,Fast word stream complete — you remembered {score}/{total}.,வேகச் சொல் ஓட்டம் முடிந்தது — {total} இல் {score} நினைவில் இருந்தன.,pending,
exercises.quiz.retentionCheck,Memory check,நினைவுச் சோதனை,pending,
exercises.quiz.youScored,You scored {score} / {total},உங்கள் மதிப்பெண் {score} / {total},pending,
exercises.quiz.questionOf,{topic} · Question {n} of {total},{topic} · கேள்வி {n} / {total},pending,
exercises.quiz.correct,Correct!,சரி!,pending,
exercises.quiz.notQuite,Not quite — the correct answer is shown above.,சற்றுத் தவறியது — சரியான பதில் மேலே காட்டப்பட்டுள்ளது.,pending,
exercises.quiz.seeResults,See results,முடிவுகளைப் பார்,pending,
exercises.quiz.nextQuestion,Next question,அடுத்த கேள்வி,pending,
exercises.quiz.continue,Continue,தொடர்,pending,
exercises.quiz.niceWork,Nice work.,அருமை.,pending,
exercises.quiz.almostThere,Almost there.,இன்னும் சற்றே.,pending,
exercises.quiz.correctOf,{correct} of {total} correct,{total} இல் {correct} சரி,pending,
exercises.quiz.needToContinue,{correct} of {total} correct — need {need} to continue.,{total} இல் {correct} சரி — தொடர {need} தேவை.,pending,
exercises.quiz.nextAt,Next — {wpm} WPM,அடுத்து — {wpm} WPM,pending,
exercises.quiz.tryAgain,Try again,மீண்டும் முயல்,pending,
exercises.quiz.checkUnderstanding,Check your understanding,உங்கள் புரிதலைச் சோதியுங்கள்,pending,
exercises.quiz.questionN,Question {n} of {total},கேள்வி {n} / {total},pending,
exercises.reading.avgPace,Average reading pace,சராசரி வாசிப்பு வேகம்,pending,
exercises.reading.wordsRead,Words read,படித்த சொற்கள்,pending,
exercises.reading.completion,Completion,நிறைவு,pending,
exercises.reading.bestRecord,Best record,சிறந்த சாதனை,pending,
exercises.reading.bestRecordValue,{wpm} WPM,{wpm} WPM,pending,
exercises.reading.readAgain,Read again,மீண்டும் படி,pending,
exercises.schulte.desc,"A 5×5 grid of mixed-up numbers. Find and tap 1 to 25 in order, as fast as you can.","கலைந்த எண்களின் 5×5 கட்டம். 1 முதல் 25 வரை வரிசையாக, முடிந்தவரை வேகமாகக் கண்டுபிடித்துத் தட்டுங்கள்.",pending,
exercises.schulte.why,A quick warm-up for visual focus and side vision before a reading session.,வாசிப்புக்கு முன் பார்வைக் கவனத்துக்கும் பக்கப் பார்வைக்கும் ஒரு சிறு தயார்ப்படுத்தல்.,pending,
exercises.schulte.next,Next,அடுத்தது,pending,
exercises.schulte.mistakes,Mistakes,தவறுகள்,pending,
exercises.schulte.complete,Grid complete,கட்டம் முடிந்தது,pending,
exercises.schulte.nice,"Nice, focused search.","அருமை, கவனமான தேடல்.",pending,
exercises.schulte.totalTime,Total time,மொத்த நேரம்,pending,
exercises.schulte.bestTime,Best time,சிறந்த நேரம்,pending,
exercises.schulte.numbersFound,Numbers found,கண்டுபிடித்த எண்கள்,pending,
exercises.result.trainingComplete,Training complete,பயிற்சி முடிந்தது,pending,
exercises.result.activated,{ability} activated.,{ability} செயல்பட்டது.,pending,
exercises.result.correct,Correct,சரி,pending,
exercises.result.speed,Speed,வேகம்,pending,
exercises.result.score,Score,மதிப்பெண்,pending,
exercises.result.avgReaction,Avg reaction,சராசரிப் பதில் நேரம்,pending,
exercises.result.trainAgain,Train again,மீண்டும் பயிற்சி,pending,
exercises.result.continueNext,Continue to next step,அடுத்த படிக்குச் செல்,pending,
exercises.result.backToDashboard,Back to Dashboard,டாஷ்போர்டுக்குத் திரும்பு,pending,
exercises.result.fastest,Fastest response: {time},வேகமான பதில்: {time},pending,
exercises.result.nextSession,Next session: {ms}ms · {level},அடுத்த அமர்வு: {ms}ms · {level},pending,
exercises.result.coach.top,Excellent — both accuracy and speed are outstanding.,அற்புதம் — துல்லியமும் வேகமும் இரண்டுமே சிறப்பு.,pending,
exercises.result.coach.great,Excellent recognition.,அற்புதமான அறிதல்.,pending,
exercises.result.coach.strong,Strong performance. Your visual processing is getting sharper.,வலுவான செயல்பாடு. உங்கள் பார்வைப் புரிதல் கூர்மையாகிறது.,pending,
exercises.result.coach.good,Good start. Regular practice builds the skill.,நல்ல தொடக்கம். தொடர் பயிற்சி திறனை வளர்க்கும்.,pending,
exercises.result.coach.keepGoing,Keep going — it will click with repetition.,தொடருங்கள் — மீண்டும் செய்தால் இது எளிதாகும்.,pending,
exercises.result.rec.increase,Excellent accuracy. Next time each flash is shorter: {ms}ms.,அற்புதமான துல்லியம். அடுத்த முறை ஒவ்வொரு மின்னலும் இன்னும் குறுகியது: {ms}ms.,pending,
exercises.result.rec.increaseDetail,You are at the {level} level. Keep it steady.,நீங்கள் {level} நிலையில் இருக்கிறீர்கள். இப்படியே நிலையாக இருங்கள்.,pending,
exercises.result.rec.decrease,Taking more time builds stronger recognition. Next time: {ms}ms.,சற்று அதிக நேரம் எடுத்தால் அறிதல் வலுப்படும். அடுத்த முறை: {ms}ms.,pending,
exercises.result.rec.decreaseDetail,Accuracy matters more than speed right now.,இப்போது வேகத்தைவிடத் துல்லியமே முக்கியம்.,pending,
exercises.result.rec.again,Another session at {ms}ms will make it stick.,{ms}ms இல் இன்னொரு அமர்வு இதை உறுதிப்படுத்தும்.,pending,
exercises.result.rec.againDetail,Get 70% or more regularly to move up.,"முன்னேற, தொடர்ந்து 70% அல்லது அதற்கு மேல் பெறுங்கள்.",pending,
exercises.result.rec.different,Great consistency — try a different exercise to train your brain in a new way.,அருமையான தொடர்ச்சி — மூளையைப் புதிய வகையில் பயிற்றுவிக்க வேறொரு பயிற்சியை முயலுங்கள்.,pending,
exercises.result.rec.maintain,Good session. Regular practice builds real skill.,நல்ல அமர்வு. தொடர் பயிற்சி உண்மையான திறனை உருவாக்கும்.,pending,
exercises.result.rec.maintainDetail,{accuracy}% accuracy at {ms}ms.,{ms}ms இல் {accuracy}% துல்லியம்.,pending,
exercises.phrase.tagline,"Read ideas, not words","சொற்களை அல்ல, கருத்துகளைப் படியுங்கள்",pending,
exercises.phrase.intro,Recognise complete ideas instead of reading word by word.,சொல் சொல்லாகப் படிப்பதற்குப் பதிலாக முழுக் கருத்தையும் அறியுங்கள்.,pending,
exercises.phrase.todaysGoal,Today’s goal,இன்றைய இலக்கு,pending,
exercises.phrase.currentLevel,Current level,தற்போதைய நிலை,pending,
exercises.phrase.phraseLength,Phrase length,சொற்றொடர் நீளம்,pending,
exercises.phrase.mission,Mission,பணி,pending,
exercises.phrase.estimatedTime,Estimated time,மதிப்பிடப்பட்ட நேரம்,pending,
exercises.phrase.about3,About 3 minutes,சுமார் 3 நிமிடங்கள்,pending,
exercises.phrase.brainSkill,Brain skill,மூளைத் திறன்,pending,
exercises.phrase.readingBenefit,Reading benefit,வாசிப்புப் பலன்,pending,
exercises.phrase.advancedPhrases,{n} advanced phrases,{n} மேம்பட்ட சொற்றொடர்கள்,pending,
exercises.phrase.meaningfulPhrases,{n} meaningful phrases,{n} பொருள் நிறைந்த சொற்றொடர்கள்,pending,
exercises.phrase.level5Needs,Level 5 needs {percent}% correct,நிலை 5 க்கு {percent}% சரி தேவை,pending,
exercises.phrase.levelNeeds,Level {level} needs {pass} of {total} Brain Challenges correct,நிலை {level} க்கு {total} இல் {pass} Brain Challenge சரி தேவை,pending,
exercises.phrase.missionN, · Mission {n}, · பணி {n},pending,
exercises.phrase.startMission,Start mission,பணியைத் தொடங்கு,pending,
exercises.phrase.missionHud,Mission {mission} • Level {level},பணி {mission} • நிலை {level},pending,
exercises.phrase.phraseLengthHud,Phrase length: {length},சொற்றொடர் நீளம்: {length},pending,
exercises.phrase.levelMap,Level map: currently on Level {level} of 5,நிலை வரைபடம்: இப்போது 5 இல் நிலை {level},pending,
exercises.phrase.levelOf5,Level {level} of 5,5 இல் நிலை {level},pending,
exercises.phrase.levelComplete,Level {level} complete,நிலை {level} முடிந்தது,pending,
exercises.phrase.levelN,Level {level},நிலை {level},pending,
exercises.phrase.unlockNext,🔓 Level {level},🔓 நிலை {level},pending,
exercises.phrase.lockedNext,🔒 Level {level},🔒 நிலை {level},pending,
exercises.phrase.allLevels,🏆 All levels complete,🏆 அனைத்து நிலைகளும் முடிந்தன,pending,
exercises.phrase.continueNextLevel,Continue to next level,அடுத்த நிலைக்குச் செல்,pending,
exercises.phrase.viewResults,View results,முடிவுகளைப் பார்,pending,
exercises.phrase.need,Need {percent}%,{percent}% தேவை,pending,
exercises.phrase.brainChallenge,Brain Challenge,Brain Challenge,pending,
exercises.phrase.paused,Mission paused,பணி இடைநிறுத்தப்பட்டது,pending,
exercises.phrase.pausedAccuracy,{percent}% accuracy,{percent}% துல்லியம்,pending,
exercises.phrase.todaysAchievement,Today’s achievement:,இன்றைய சாதனை:,pending,
exercises.phrase.readingGain,Estimated reading gain:,மதிப்பிடப்பட்ட வாசிப்பு உயர்வு:,pending,
exercises.phrase.establishing,Establishing baseline,தொடக்க அளவீடு எடுக்கப்படுகிறது,pending,
exercises.phrase.gainWpm,{sign}{n} WPM,{sign}{n} WPM,pending,
exercises.phrase.readiness,Reading readiness:,வாசிப்புத் தயார்நிலை:,pending,
exercises.phrase.nextMission,Next mission:,அடுத்த பணி:,pending,
exercises.pause,Pause,இடைநிறுத்து,pending,
exercises.resume,Resume,தொடர்,pending,
exercises.pauseExercise,Pause exercise,பயிற்சியை இடைநிறுத்து,pending,
exercises.resumeExercise,Resume exercise,பயிற்சியைத் தொடர்,pending,
exercises.labels.10_12_words,10-12 Words,10-12 சொற்கள்,pending,
exercises.labels.12_16_words,12-16 Words,12-16 சொற்கள்,pending,
exercises.labels.16_22_words,16-22 Words,16-22 சொற்கள்,pending,
exercises.labels.2_words,2 Words,2 சொற்கள்,pending,
exercises.labels.3_words,3 Words,3 சொற்கள்,pending,
exercises.labels.4_words,4 Words,4 சொற்கள்,pending,
exercises.labels.5_words,5 Words,5 சொற்கள்,pending,
exercises.labels.6_8_words,6-8 Words,6-8 சொற்கள்,pending,
exercises.labels.8_10_words,8-10 Words,8-10 சொற்கள்,pending,
exercises.labels.a_real_measurement_total_words_shown_divided_by_total_readin,A real measurement — total words shown divided by total reading time — compared with your last session.,உண்மையான அளவீடு — காட்டிய மொத்தச் சொற்கள் ÷ மொத்த வாசிப்பு நேரம் — முந்தைய அமர்வுடன் ஒப்பீடு.,pending,
exercises.labels.accelerating,Accelerating,வேகமெடுக்கிறது,pending,
exercises.labels.accuracy,Accuracy,துல்லியம்,pending,
exercises.labels.accuracy_weighted_toward_deep_understanding_questions_like_m,Accuracy weighted toward deep-understanding questions like Main Idea and Inference.,"முக்கியக் கருத்து, ஊகம் போன்ற ஆழமான கேள்விகளுக்கு அதிக எடை தந்த துல்லியம்.",pending,
exercises.labels.activate_your_mind,Activate Your Mind,உங்கள் மனதைச் செயல்படுத்துங்கள்,pending,
exercises.labels.advanced,Advanced,மேம்பட்டது,pending,
exercises.labels.advanced_phrase_reading,Advanced Phrase Reading,மேம்பட்ட சொற்றொடர் வாசிப்பு,pending,
exercises.labels.advanced_phrase_reading_6_8_word_phrases_with_richer_cross_p,"Advanced Phrase Reading — 6-8 word phrases with richer, cross-pool challenges.","மேம்பட்ட சொற்றொடர் வாசிப்பு — 6-8 சொல் சொற்றொடர்கள், ஆழமான சவால்களுடன்.",pending,
exercises.labels.average_response_time,Average Response Time,சராசரிப் பதில் நேரம்,pending,
exercises.labels.avg_reaction,Avg reaction,சராசரிப் பதில்,pending,
exercises.labels.avg_response,Avg Response,சராசரிப் பதில்,pending,
exercises.labels.avg_response_time,Avg Response Time,சராசரிப் பதில் நேரம்,pending,
exercises.labels.back_to_lab,Back to Lab →,Lab க்குத் திரும்பு →,pending,
exercises.labels.begin,Begin,தொடங்கு,pending,
exercises.labels.begin_reading,Begin Reading,வாசிப்பைத் தொடங்கு,pending,
exercises.labels.beginner,Beginner,தொடக்கநிலை,pending,
exercises.labels.beginning,Beginning,தொடக்கம்,pending,
exercises.labels.best_streak,Best Streak,நீண்ட தொடர்,pending,
exercises.labels.blends_recognition_accuracy_with_whether_your_reading_pace_i,Blends recognition accuracy with whether your reading pace increased.,அறிதல் துல்லியமும் வாசிப்பு வேகம் கூடியதா என்பதும் சேர்ந்தது.,pending,
exercises.labels.brain_performance,Brain Performance,மூளைச் செயல்திறன்,pending,
exercises.labels.brain_xp,Brain XP,Brain XP,pending,
exercises.labels.building,Building,உருவாகிறது,pending,
exercises.labels.building_comprehension,Building Comprehension,புரிதலை வளர்த்தல்,pending,
exercises.labels.building_consistency,Building Consistency,தொடர்ச்சி உருவாகிறது,pending,
exercises.labels.building_momentum,Building Momentum,வேகம் கூடுகிறது,pending,
exercises.labels.choose_the_best_title,Choose the best title.,சிறந்த தலைப்பைத் தேர்ந்தெடுங்கள்.,pending,
exercises.labels.chunk_recognition_strengthened,Chunk Recognition Strengthened,சொல்தொகுப்பு அறிதல் வலுப்பட்டது,pending,
exercises.labels.cognitive_training_points_earned_this_session,Cognitive training points earned this session.,இந்த அமர்வில் பெற்ற மூளைப் பயிற்சிப் புள்ளிகள்.,pending,
exercises.labels.complete_thoughts_are_landing_in_a_single_glance,Complete thoughts are landing in a single glance.,முழுக் கருத்துகள் ஒரே பார்வையில் புரிகின்றன.,pending,
exercises.labels.complete_your_first_session_to_begin_scoring,Complete your first session to begin scoring,மதிப்பெண் தொடங்க முதல் அமர்வை முடியுங்கள்,pending,
exercises.labels.complex_ideas,Complex Ideas,சிக்கலான கருத்துகள்,pending,
exercises.labels.complex_sentences_multiple_details_one_central_idea,"Complex sentences — multiple details, one central idea.","சிக்கலான வாக்கியங்கள் — பல விவரங்கள், ஒரு மையக் கருத்து.",pending,
exercises.labels.comprehension,Comprehension,புரிதல்,pending,
exercises.labels.comprehension_accuracy,Comprehension Accuracy,புரிதல் துல்லியம்,pending,
exercises.labels.comprehension_is_staying_reliable_as_sentences_grow_longer,Comprehension is staying reliable as sentences grow longer.,வாக்கியங்கள் நீளும்போதும் புரிதல் நம்பகமாக உள்ளது.,pending,
exercises.labels.comprehension_of_the_exact_wording_is_the_priority_before_pa,Comprehension of the exact wording is the priority before pace increases further.,வேகத்தை மேலும் கூட்டும் முன் சரியான சொற்களின் புரிதல் முக்கியம்.,pending,
exercises.labels.comprehension_speed_increased,Comprehension Speed Increased,புரிதல் வேகம் கூடியது,pending,
exercises.labels.comprehension_strengthened,Comprehension Strengthened,புரிதல் வலுப்பட்டது,pending,
exercises.labels.connected,Connected,இணைந்தவை,pending,
exercises.labels.consistency,Consistency,தொடர்ச்சி,pending,
exercises.labels.consistency_streak_momentum,Consistency & Streak Momentum,தொடர்ச்சி & தொடர் நாட்கள்,pending,
exercises.labels.consistent_practice_is_keeping_your_mind_active,Consistent practice is keeping your mind active,தொடர் பயிற்சி உங்கள் மனதைச் சுறுசுறுப்பாக வைக்கிறது,pending,
exercises.labels.continue,Continue →,தொடர் →,pending,
exercises.labels.continue_to_next_mission,Continue to Next Mission,அடுத்த பணிக்குச் செல்,pending,
exercises.labels.continue_to_next_step,Continue to Next Step,அடுத்த படிக்குச் செல்,pending,
exercises.labels.correct,Correct,சரி,pending,
exercises.labels.correct_answers,Correct Answers,சரியான பதில்கள்,pending,
exercises.labels.current_level,Current Level,தற்போதைய நிலை,pending,
exercises.labels.developing,Developing,வளர்கிறது,pending,
exercises.labels.elite,Elite,உச்சநிலை,pending,
exercises.labels.estimated_reading_speed_gain,Estimated Reading Speed Gain,மதிப்பிடப்பட்ட வாசிப்பு வேக உயர்வு,pending,
exercises.labels.excellent,Excellent,மிகச் சிறப்பு,pending,
exercises.labels.excellent_idea_recognition,Excellent Idea Recognition.,கருத்துகளின் அருமையான அறிதல்.,pending,
exercises.labels.excellent_meaning_recognition,Excellent Meaning Recognition.,பொருளின் அருமையான அறிதல்.,pending,
exercises.labels.excellent_progress,Excellent Progress,அருமையான முன்னேற்றம்,pending,
exercises.labels.exceptional_consistency_and_mastery,Exceptional consistency and mastery,அசாதாரணத் தொடர்ச்சியும் தேர்ச்சியும்,pending,
exercises.labels.exceptional_your_progress_is_accelerating,Exceptional — your progress is accelerating,அசாதாரணம் — உங்கள் முன்னேற்றம் வேகமெடுக்கிறது,pending,
exercises.labels.expert,Expert,நிபுணர்,pending,
exercises.labels.extended_phrase_fragments_longer_wording_still_never_a_full_,"Extended phrase fragments — longer wording, still never a full sentence.","நீண்ட சொற்றொடர்கள் — அதிகச் சொற்கள், ஆனால் முழு வாக்கியம் அல்ல.",pending,
exercises.labels.extended_phrases,Extended Phrases,நீண்ட சொற்றொடர்கள்,pending,
exercises.labels.fast,Fast,வேகம்,pending,
exercises.labels.first_ideas,First Ideas,முதல் கருத்துகள்,pending,
exercises.labels.flash_speed,Flash Speed,ஃபிளாஷ் வேகம்,pending,
exercises.labels.fluent_recognition,Fluent Recognition,சரளமான அறிதல்,pending,
exercises.labels.focus,Focus,கவனி,pending,
exercises.labels.focus_center,Focus Center,நடுவைப் பார்,pending,
exercises.labels.focus_on_identifying_the_main_idea_faster,Focus on identifying the main idea faster.,முக்கியக் கருத்தை வேகமாக அறிவதில் கவனம் செலுத்துங்கள்.,pending,
exercises.labels.focus_on_recognising_the_whole_idea_not_each_word,"Focus on recognising the whole idea, not each word.","ஒவ்வொரு சொல்லையும் அல்ல, முழுக் கருத்தையும் அறிவதில் கவனம் செலுத்துங்கள்.",pending,
exercises.labels.foundation,Foundation,அடித்தளம்,pending,
exercises.labels.full_idea_mastery,Full Idea Mastery,முழுக் கருத்துத் தேர்ச்சி,pending,
exercises.labels.full_idea_recall_is_still_catching_up_to_this_sentence_lengt,Full-idea recall is still catching up to this sentence length.,இந்த நீள வாக்கியங்களில் முழுக் கருத்தை நினைவில் வைப்பது இன்னும் வளர்கிறது.,pending,
exercises.labels.full_length_sentences_complete_idea_mastery_in_a_single_visu,Full-length sentences — complete idea mastery in a single visual span.,முழு நீள வாக்கியங்கள் — ஒரே பார்வையில் முழுக் கருத்து.,pending,
exercises.labels.fuller_sentences_recognizing_the_idea_without_reading_every_,Fuller sentences — recognizing the idea without reading every word.,நிறைவான வாக்கியங்கள் — ஒவ்வொரு சொல்லையும் படிக்காமல் கருத்தை அறிதல்.,pending,
exercises.labels.get_ready,Get Ready,தயாராகுங்கள்,pending,
exercises.labels.go,Go,போ,pending,
exercises.labels.good,Good,நன்று,pending,
exercises.labels.growing,Growing,வளர்கிறீர்கள்,pending,
exercises.labels.growing_consistently,Growing Consistently,தொடர்ந்து வளர்கிறீர்கள்,pending,
exercises.labels.health,Health,ஆரோக்கியம்,pending,
exercises.labels.highest_chunk_size,Highest Chunk Size,மிகப்பெரிய சொல்தொகுப்பு,pending,
exercises.labels.holding_the_complete_thought_in_mind_is_the_priority_before_,Holding the complete thought in mind is the priority before length increases further.,நீளத்தைக் கூட்டும் முன் முழுக் கருத்தையும் மனதில் வைப்பது முக்கியம்.,pending,
exercises.labels.how_precisely_you_recognised_the_exact_idea_not_just_the_top,"How precisely you recognised the exact idea, not just the topic.","தலைப்பை மட்டுமல்ல, சரியான கருத்தை எவ்வளவு துல்லியமாக அறிந்தீர்கள்.",pending,
exercises.labels.how_quickly_you_resolved_each_brain_challenge_active_compreh,"How quickly you resolved each Brain Challenge — active comprehension speed, not reading pace.","ஒவ்வொரு Brain Challenge ஐயும் எவ்வளவு வேகமாகத் தீர்த்தீர்கள் — புரிதல் வேகம், வாசிப்பு வேகம் அல்ல.",pending,
exercises.labels.how_reliably_you_grasped_each_paragraph_as_one_whole_meaning,How reliably you grasped each paragraph as one whole meaning block.,ஒவ்வொரு பத்தியையும் ஒரே முழுப் பொருளாக எவ்வளவு நம்பகமாகப் புரிந்தீர்கள்.,pending,
exercises.labels.how_reliably_you_located_content_across_a_multi_line_paragra,How reliably you located content across a multi-line paragraph.,பல வரிப் பத்தியில் உள்ளடக்கத்தை எவ்வளவு நம்பகமாகக் கண்டீர்கள்.,pending,
exercises.labels.how_reliably_you_recognised_each_chapter_s_central_idea,How reliably you recognised each chapter's central idea.,ஒவ்வொரு அத்தியாயத்தின் மையக் கருத்தையும் எவ்வளவு நம்பகமாக அறிந்தீர்கள்.,pending,
exercises.labels.idea_processing_improved,Idea Processing Improved,கருத்துப் புரிதல் மேம்பட்டது,pending,
exercises.labels.idea_processing_is_holding_steady_at_this_pace,Idea processing is holding steady at this pace.,இந்த வேகத்தில் கருத்துப் புரிதல் நிலையாக உள்ளது.,pending,
exercises.labels.idea_processing_speed_increased_this_session,Idea processing speed increased this session.,இந்த அமர்வில் கருத்துப் புரிதல் வேகம் கூடியது.,pending,
exercises.labels.idea_recognition,Idea Recognition,கருத்து அறிதல்,pending,
exercises.labels.idea_recognition_and_rapid_meaning_processing,Idea recognition and rapid meaning processing,கருத்து அறிதலும் விரைவான பொருள் புரிதலும்,pending,
exercises.labels.idea_recognition_becoming_automatic,Idea Recognition Becoming Automatic,கருத்து அறிதல் தானாக நடக்கிறது,pending,
exercises.labels.idea_recognition_is_becoming_automatic,Idea recognition is becoming automatic.,கருத்து அறிதல் தானாக நடக்கத் தொடங்கியது.,pending,
exercises.labels.idea_recognition_is_forming_consistency_will_follow_with_pra,Idea recognition is forming — consistency will follow with practice.,கருத்து அறிதல் உருவாகிறது — பயிற்சியால் தொடர்ச்சி வரும்.,pending,
exercises.labels.idea_recognition_strengthened,Idea Recognition Strengthened,கருத்து அறிதல் வலுப்பட்டது,pending,
exercises.labels.instant_numerical_recognition,Instant numerical recognition,எண்களை உடனடியாக அறிதல்,pending,
exercises.labels.instant_visual_symbol_recognition,Instant visual symbol recognition,குறியீடுகளை உடனடியாக அறிதல்,pending,
exercises.labels.instant_word_recognition,Instant word recognition,சொற்களை உடனடியாக அறிதல்,pending,
exercises.labels.intermediate,Intermediate,இடைநிலை,pending,
exercises.labels.just_beginning,Just Beginning,இப்போதுதான் தொடக்கம்,pending,
exercises.labels.keep_showing_up_daily,Keep showing up daily,தினமும் தொடர்ந்து வாருங்கள்,pending,
exercises.labels.language_processing,Language Processing,மொழிப் புரிதல்,pending,
exercises.labels.language_processing_faster,Language Processing Faster,மொழிப் புரிதல் வேகமானது,pending,
exercises.labels.language_processing_is_becoming_faster,Language processing is becoming faster.,மொழிப் புரிதல் வேகமாகிறது.,pending,
exercises.labels.learning_focused_phrases_recognising_complete_ideas_not_just,"Learning-focused phrases — recognising complete ideas, not just words.","கற்றல் சொற்றொடர்கள் — சொற்களை மட்டுமல்ல, முழுக் கருத்தையும் அறிதல்.",pending,
exercises.labels.learning_phrases,Learning Phrases,கற்றல் சொற்றொடர்கள்,pending,
exercises.labels.levels_completed,Levels Completed,முடிந்த நிலைகள்,pending,
exercises.labels.line_tracking,Line Tracking,வரி பின்தொடர்தல்,pending,
exercises.labels.line_tracking_strengthened,Line Tracking Strengthened,வரி பின்தொடர்தல் வலுப்பட்டது,pending,
exercises.labels.meaning_block_recognition_and_whole_paragraph_comprehension,Meaning block recognition and whole-paragraph comprehension,பொருள் தொகுப்பு அறிதலும் முழுப் பத்திப் புரிதலும்,pending,
exercises.labels.meaning_recognition,Meaning Recognition,பொருள் அறிதல்,pending,
exercises.labels.meaning_recognition_and_language_processing,Meaning recognition and language processing,பொருள் அறிதலும் மொழிப் புரிதலும்,pending,
exercises.labels.meaning_recognition_improved,Meaning Recognition Improved,பொருள் அறிதல் மேம்பட்டது,pending,
exercises.labels.meaning_recognition_is_forming_consistency_will_follow_with_,Meaning recognition is forming — consistency will follow with practice.,பொருள் அறிதல் உருவாகிறது — பயிற்சியால் தொடர்ச்சி வரும்.,pending,
exercises.labels.meaning_recognition_is_holding_steady,Meaning recognition is holding steady.,பொருள் அறிதல் நிலையாக உள்ளது.,pending,
exercises.labels.meaning_recognition_strengthened,Meaning Recognition Strengthened,பொருள் அறிதல் வலுப்பட்டது,pending,
exercises.labels.meaning_rich,Meaning-Rich,பொருள் நிறைந்தவை,pending,
exercises.labels.meaning_rich_phrases_precise_recognition_among_near_identica,Meaning-rich phrases — precise recognition among near-identical wording.,பொருள் நிறைந்த சொற்றொடர்கள் — கிட்டத்தட்ட ஒரே மாதிரியான சொற்களில் துல்லியமான அறிதல்.,pending,
exercises.labels.mission_ready,Mission Ready,பணி தயார்,pending,
exercises.labels.mission_score,Mission Score,பணி மதிப்பெண்,pending,
exercises.labels.multi_word_visual_span,Multi-word visual span,ஒரே பார்வையில் பல சொற்கள்,pending,
exercises.labels.nature,Nature,இயற்கை,pending,
exercises.labels.neural_retraining,Neural Retraining,மூளை மறுபயிற்சி,pending,
exercises.labels.neural_retraining_index,Neural Retraining Index,மூளை மறுபயிற்சிக் குறியீடு,pending,
exercises.labels.next_mission,Next Mission →,அடுத்த பணி →,pending,
exercises.labels.numerical_recognition_sharpened,Numerical Recognition Sharpened,எண் அறிதல் கூர்மையானது,pending,
exercises.labels.pace,Pace,வேகம்,pending,
exercises.labels.pattern_recognition_sharpened,Pattern Recognition Sharpened,வடிவ அறிதல் கூர்மையானது,pending,
exercises.labels.peak_performance,Peak Performance,உச்ச செயல்திறன்,pending,
exercises.labels.precision_is_still_catching_up_to_this_pace,Precision is still catching up to this pace.,இந்த வேகத்துக்குத் துல்லியம் இன்னும் பழகுகிறது.,pending,
exercises.labels.prepare,Prepare,தயாராகு,pending,
exercises.labels.preparing_next_image,Preparing Next Image...,அடுத்த படம் தயாராகிறது...,pending,
exercises.labels.processing_speed,Processing Speed,புரிதல் வேகம்,pending,
exercises.labels.psychology,Psychology,உளவியல்,pending,
exercises.labels.reaction_time,Reaction Time,பதில் நேரம்,pending,
exercises.labels.reading_fluency,Reading Fluency,வாசிப்புச் சரளம்,pending,
exercises.labels.reading_fluency_improved,Reading Fluency Improved,வாசிப்புச் சரளம் மேம்பட்டது,pending,
exercises.labels.reading_fluency_increased_this_session,Reading fluency increased this session.,இந்த அமர்வில் வாசிப்புச் சரளம் கூடியது.,pending,
exercises.labels.reading_intelligence,Reading Intelligence,வாசிப்பு நுண்ணறிவு,pending,
exercises.labels.reading_pace,Reading Pace,வாசிப்பு வேகம்,pending,
exercises.labels.reading_rhythm_holding_steady_at_this_pace,Reading rhythm holding steady at this pace.,இந்த வேகத்தில் வாசிப்புத் தாளம் நிலையாக உள்ளது.,pending,
exercises.labels.reading_speed,Reading Speed,வாசிப்பு வேகம்,pending,
exercises.labels.reading_speed_wpm_growth,Reading Speed (WPM Growth),வாசிப்பு வேகம் (WPM வளர்ச்சி),pending,
exercises.labels.ready_to_advance,Ready to Advance,முன்னேறத் தயார்,pending,
exercises.labels.recognition_accuracy,Recognition Accuracy,அறிதல் துல்லியம்,pending,
exercises.labels.recognition_speed_increased,Recognition Speed Increased,அறிதல் வேகம் கூடியது,pending,
exercises.labels.recognition_switching_and_cognitive_flexibility,Recognition switching and cognitive flexibility,அறிதல் மாற்றமும் மன நெகிழ்வும்,pending,
exercises.labels.recognition_switching_strengthened,Recognition Switching Strengthened,அறிதல் மாற்றம் வலுப்பட்டது,pending,
exercises.labels.recovering,Recovering,மீண்டு வருகிறீர்கள்,pending,
exercises.labels.replay_mission,Replay Mission,பணியை மீண்டும் செய்,pending,
exercises.labels.retry_mission,Retry Mission,பணியை மீண்டும் முயல்,pending,
exercises.labels.science,Science,அறிவியல்,pending,
exercises.labels.score,Score,மதிப்பெண்,pending,
exercises.labels.session_completed,Session Completed,அமர்வு முடிந்தது,pending,
exercises.labels.short_action_phrases_the_foundation_of_instant_meaning_recog,Short action phrases — the foundation of instant meaning recognition.,சிறு செயல் சொற்றொடர்கள் — உடனடிப் பொருள் அறிதலின் அடித்தளம்.,pending,
exercises.labels.short_direct_sentences_the_foundation_of_instant_idea_recogn,"Short, direct sentences — the foundation of instant idea recognition.","சிறிய, நேரடி வாக்கியங்கள் — உடனடிக் கருத்து அறிதலின் அடித்தளம்.",pending,
exercises.labels.simple,Simple,எளியது,pending,
exercises.labels.simple_actions,Simple Actions,எளிய செயல்கள்,pending,
exercises.labels.slightly_longer_sentences_holding_one_complete_thought_in_mi,Slightly longer sentences — holding one complete thought in mind.,சற்று நீண்ட வாக்கியங்கள் — ஒரு முழுக் கருத்தையும் மனதில் வைத்தல்.,pending,
exercises.labels.solid_habits_are_forming,Solid habits are forming,உறுதியான பழக்கங்கள் உருவாகின்றன,pending,
exercises.labels.spatial_reading_eye_navigation_and_line_tracking,"Spatial reading, eye navigation, and line tracking","இட வாசிப்பு, கண் வழிநடத்தல், வரி பின்தொடர்தல்",pending,
exercises.labels.speed,Speed,வேகம்,pending,
exercises.labels.stable,Stable,நிலையானது,pending,
exercises.labels.start_new_session,Start New Session,புதிய அமர்வைத் தொடங்கு,pending,
exercises.labels.steady,Steady,நிலையானது,pending,
exercises.labels.strong_progress,Strong Progress,வலுவான முன்னேற்றம்,pending,
exercises.labels.sustained_reading_rhythm_at_an_expanding_chunk_size,Sustained reading rhythm at an expanding chunk size,விரியும் சொல்தொகுப்புடன் நீடித்த வாசிப்புத் தாளம்,pending,
exercises.labels.technology,Technology,தொழில்நுட்பம்,pending,
exercises.labels.the_highest_level_you_have_reached_in_progressive_chunk_read,"The highest level you have reached in Progressive Chunk Reading, including today.","இன்று உட்பட, Progressive Chunk Reading இல் நீங்கள் அடைந்த உயர்ந்த நிலை.",pending,
exercises.labels.the_highest_level_you_reached_this_session,The highest level you reached this session.,இந்த அமர்வில் அடைந்த உயர்ந்த நிலை.,pending,
exercises.labels.the_largest_chunk_size_you_read_this_session,The largest chunk size you read this session.,இந்த அமர்வில் படித்த மிகப்பெரிய சொல்தொகுப்பு.,pending,
exercises.labels.the_longest_run_of_consecutive_correct_answers_this_session,The longest run of consecutive correct answers this session.,இந்த அமர்வில் தொடர் சரியான பதில்களின் நீண்ட வரிசை.,pending,
exercises.labels.the_share_of_all_brain_challenge_questions_answered_correctl,The share of all Brain Challenge questions answered correctly.,அனைத்து Brain Challenge கேள்விகளில் சரியாகப் பதிலளித்த பங்கு.,pending,
exercises.labels.the_share_of_brain_challenges_answered_correctly,The share of Brain Challenges answered correctly.,சரியாகப் பதிலளித்த Brain Challenge களின் பங்கு.,pending,
exercises.labels.theme_mastery,Theme Mastery,தலைப்புத் தேர்ச்சி,pending,
exercises.labels.this_phrase_is_mainly_about,This phrase is mainly about:,இந்தச் சொற்றொடர் முக்கியமாக இதைப் பற்றியது:,pending,
exercises.labels.track_it,Track It,பின்தொடர்,pending,
exercises.labels.train_again,Train Again,மீண்டும் பயிற்சி,pending,
exercises.labels.training_complete,Training Complete™,பயிற்சி முடிந்தது,pending,
exercises.labels.very_good,Very Good,மிக நன்று,pending,
exercises.labels.visual_recall,Visual Recall,பார்வை நினைவு,pending,
exercises.labels.visual_span_and_peripheral_awareness,Visual span and peripheral awareness,பார்வை வீச்சும் சுற்றுப்புற விழிப்புணர்வும்,pending,
exercises.labels.visual_span_expanded,Visual Span Expanded,பார்வை வீச்சு விரிந்தது,pending,
exercises.labels.visualization,Visualization,கற்பனை,pending,
exercises.labels.visualization_depth,Visualization Depth,கற்பனையின் ஆழம்,pending,
exercises.labels.what_caused_this,What caused this?,இதற்குக் காரணம் என்ன?,pending,
exercises.labels.what_does_it_mean,What does it mean?,இதன் பொருள் என்ன?,pending,
exercises.labels.what_was_the_main_idea,What was the main idea?,முக்கியக் கருத்து என்ன?,pending,
exercises.labels.what_was_the_phrase_mainly_about,What was the phrase mainly about?,சொற்றொடர் முக்கியமாக எதைப் பற்றியது?,pending,
exercises.labels.what_was_today_s_topic,What was today's topic?,இன்றைய தலைப்பு என்ன?,pending,
exercises.labels.whether_your_reading_pace_held_or_increased_alongside_compre,Whether your reading pace held or increased alongside comprehension.,புரிதலுடன் உங்கள் வாசிப்பு வேகம் நிலைத்ததா அல்லது கூடியதா.,pending,
exercises.labels.which_ending_fits,Which ending fits?,எந்த முடிவு பொருந்தும்?,pending,
exercises.labels.which_exact_phrase_did_you_read,Which exact phrase did you read?,நீங்கள் படித்த சரியான சொற்றொடர் எது?,pending,
exercises.labels.which_idea_was_not_mentioned,Which idea was NOT mentioned?,எந்தக் கருத்து குறிப்பிடப்படவில்லை?,pending,
exercises.labels.which_phrase_came_first,Which phrase came first?,எந்தச் சொற்றொடர் முதலில் வந்தது?,pending,
exercises.labels.which_phrase_completes_it,Which phrase completes it?,எந்தச் சொற்றொடர் இதை நிறைவு செய்கிறது?,pending,
exercises.labels.which_phrase_has_the_same_meaning,Which phrase has the same meaning?,எந்தச் சொற்றொடருக்கு அதே பொருள்?,pending,
exercises.labels.which_sentence_best_summarizes_today_s_lesson,Which sentence best summarizes today's lesson?,எந்த வாக்கியம் இன்றைய பாடத்தைச் சிறப்பாகச் சுருக்குகிறது?,pending,
exercises.labels.which_sentence_came_first,Which sentence came first?,எந்த வாக்கியம் முதலில் வந்தது?,pending,
exercises.labels.which_statement_is_true,Which statement is TRUE?,எந்தக் கூற்று உண்மை?,pending,
exercises.labels.which_statement_means_the_same,Which statement means the same?,எந்தக் கூற்றுக்கு அதே பொருள்?,pending,
exercises.labels.which_word_best_represents_the_phrase,Which word best represents the phrase?,எந்தச் சொல் சொற்றொடரைச் சிறப்பாகக் குறிக்கிறது?,pending,
exercises.labels.which_word_completes_it,Which word completes it?,எந்தச் சொல் இதை நிறைவு செய்கிறது?,pending,
exercises.labels.words_per_minute_across_every_paragraph_you_actually_read_th,Words per minute across every paragraph you actually read this session.,இந்த அமர்வில் நீங்கள் உண்மையில் படித்த எல்லாப் பத்திகளிலும் நிமிடத்துக்குச் சொற்கள்.,pending,
exercises.labels.you_are_building_a_strong_mind_practice,You are building a strong mind practice,நீங்கள் வலுவான மனப் பயிற்சியை உருவாக்குகிறீர்கள்,pending,
exercises.labels.you_are_consistently_grasping_the_complete_thought_not_just_,"You are consistently grasping the complete thought, not just isolated words.","நீங்கள் தொடர்ந்து தனிச் சொற்களை அல்ல, முழுக் கருத்தையும் பிடிக்கிறீர்கள்.",pending,
exercises.labels.you_are_consistently_registering_the_exact_idea_not_just_the,"You are consistently registering the exact idea, not just the topic.","நீங்கள் தொடர்ந்து தலைப்பை மட்டுமல்ல, சரியான கருத்தையும் பிடிக்கிறீர்கள்.",pending,
exercises.labels.you_recognise_ideas_quickly,You recognise ideas quickly.,நீங்கள் கருத்துகளை வேகமாக அறிகிறீர்கள்.,pending,
exercises.labels.you_understand_concepts_quickly,You understand concepts quickly.,நீங்கள் கருத்துகளை வேகமாகப் புரிந்துகொள்கிறீர்கள்.,pending,
exercises.labels.your_longest_run_of_consecutive_correct_answers_this_session,Your longest run of consecutive correct answers this session.,இந்த அமர்வில் உங்கள் தொடர் சரியான பதில்களின் நீண்ட வரிசை.,pending,
exercises.labels.your_mind_is_performing_at_a_high_level,Your mind is performing at a high level,உங்கள் மனம் உயர் நிலையில் செயல்படுகிறது,pending,
exercises.labels.your_mind_remembers_pick_up_where_you_left_off,Your mind remembers — pick up where you left off,உங்கள் மனம் நினைவில் வைத்திருக்கிறது — விட்ட இடத்திலிருந்து தொடருங்கள்,pending,
exercises.labels.your_practice_is_paying_off,Your practice is paying off,உங்கள் பயிற்சி பலன் தருகிறது,pending,
exercises.labels.your_transformation_is_ready_to_begin,Your transformation is ready to begin,உங்கள் மாற்றம் தொடங்கத் தயார்,pending,
exercises.labels.your_transformation_starts_here,Your transformation starts here,உங்கள் மாற்றம் இங்கிருந்து தொடங்குகிறது,pending,
exercises.sentence.intro,"Read a short themed chapter of full sentences, then recognise the whole idea.","ஒரு தலைப்பிலான முழு வாக்கியங்களின் சிறு அத்தியாயத்தைப் படித்து, பிறகு முழுக் கருத்தையும் அறியுங்கள்.",pending,
exercises.sentence.todaysTopic,Today’s topic,இன்றைய தலைப்பு,pending,
exercises.sentence.thisChapter,This chapter,இந்த அத்தியாயம்,pending,
exercises.sentence.readingGoal,Reading goal,வாசிப்பு இலக்கு,pending,
exercises.sentence.readCarefully,Read carefully — real questions about this chapter follow.,கவனமாகப் படியுங்கள் — இந்த அத்தியாயம் பற்றி உண்மையான கேள்விகள் வரும்.,pending,
exercises.sentence.chapterOf5,Chapter {level} of 5,5 இல் அத்தியாயம் {level},pending,
exercises.sentence.levelTheme,Level {level} · {theme},நிலை {level} · {theme},pending,
exercises.sentence.sentenceLengthHud,Sentence length: {length},வாக்கிய நீளம்: {length},pending,
exercises.sentence.complexity,Sentence complexity,வாக்கியக் கடினம்,pending,
exercises.sentence.complexityLabel,Sentence complexity: {label},வாக்கியக் கடினம்: {label},pending,
exercises.sentence.stars,{n} out of 5 stars,5 இல் {n} நட்சத்திரங்கள்,pending,
exercises.sentence.nextRecommendation,Next recommendation:,அடுத்த பரிந்துரை:,pending,
exercises.sentence.themeMastered,{theme} mastered,{theme} இல் தேர்ச்சி,pending,
exercises.sentence.themeInProgress,{theme} in progress,{theme} நடைபெறுகிறது,pending,
exercises.sentence.todaysGoal,Today’s goal,இன்றைய இலக்கு,pending,
exercises.sentence.goalValue,Understand complete ideas,முழுக் கருத்துகளைப் புரிந்துகொள்ளுதல்,pending,
exercises.sentence.level,Level,நிலை,pending,
exercises.sentence.sentenceLength,Sentence length,வாக்கிய நீளம்,pending,
exercises.sentence.mission,Mission,பணி,pending,
exercises.sentence.missionValue,1 chapter · 5 sentences,1 அத்தியாயம் · 5 வாக்கியங்கள்,pending,
exercises.sentence.brainTarget,Brain target,மூளை இலக்கு,pending,
exercises.sentence.brainTargetValue,Idea processing,கருத்துப் புரிதல்,pending,
exercises.sentence.levelNeeds,Level {level} needs {percent}% correct,நிலை {level} க்கு {percent}% சரி தேவை,pending,
exercises.sentence.chapterComplete,Chapter {level} complete,அத்தியாயம் {level} முடிந்தது,pending,
exercises.sentence.allCleared,🏆 All levels cleared,🏆 அனைத்து நிலைகளும் கடந்தீர்கள்,pending,
exercises.sentence.continue,Continue →,தொடர் →,pending,
exercises.sentence.viewResults,View results →,முடிவுகளைப் பார் →,pending,
exercises.sentence.readOnceMore,Read once more,இன்னொரு முறை படியுங்கள்,pending,
exercises.sentence.retry,Retry →,மீண்டும் →,pending,
exercises.sentence.letsSee,Let’s see what you understood.,நீங்கள் என்ன புரிந்துகொண்டீர்கள் என்று பார்ப்போம்.,pending,
exercises.sentence.feedback1,Idea recognised,கருத்தை அறிந்தீர்கள்,pending,
exercises.sentence.feedback2,Great processing,அருமையான புரிதல்,pending,
exercises.sentence.feedback3,Strong understanding,வலுவான புரிதல்,pending,
exercises.sentence.keepBuilding,Keep building,தொடர்ந்து வளருங்கள்,pending,
exercises.journey.title,Reading Journey,வாசிப்புப் பயணம்,pending,
exercises.journey.current,Reading Journey: currently on {stage},வாசிப்புப் பயணம்: இப்போது {stage},pending,
exercises.journey.word,Word,சொல்,pending,
exercises.journey.chunk,Chunk,சொல்தொகுப்பு,pending,
exercises.journey.phrase,Phrase,சொற்றொடர்,pending,
exercises.journey.multi-line,Multi-Line,பல வரி,pending,
exercises.journey.sentence,Sentence,வாக்கியம்,pending,
exercises.journey.paragraph,Paragraph,பத்தி,pending,
exercises.journey.page,Page,பக்கம்,pending,
mentor.title,Dr. Kapil’s Note™,Dr. Kapil’s Note™,pending,
mentor.fallback.firstSession,"{name}, your first Mind Session is ready — every expert was once a beginner.","{name}, உங்கள் முதல் Mind Session தயார் — ஒவ்வொரு நிபுணரும் ஒருகாலத்தில் தொடக்கநிலையில் இருந்தவர்தான்.",pending,
mentor.fallback.streakToday,"{name}, your {streak}-day streak is real commitment — keep building on this momentum.","{name}, உங்கள் {streak} நாள் தொடர் உண்மையான அர்ப்பணிப்பு — இதே வேகத்தில் தொடருங்கள்.",pending,
mentor.fallback.doneToday,"You’ve already shown up today, {name} — that’s how transformation happens.","{name}, இன்று ஏற்கனவே பயிற்சி செய்துவிட்டீர்கள் — மாற்றம் இப்படித்தான் வருகிறது.",pending,
mentor.fallback.streakReady,"{name}, your {streak}-day streak is proof — your mind is ready for today’s practice.","{name}, உங்கள் {streak} நாள் தொடரே சான்று — இன்றைய பயிற்சிக்கு உங்கள் மனம் தயார்.",pending,
mentor.fallback.oneLeft,"{name}, you’re one exercise away from finishing — today is the day.","{name}, இன்னும் ஒரே ஒரு பயிற்சி — இன்றே முடிக்கும் நாள்.",pending,
mentor.fallback.progress,"{name}, you’ve completed {done} of {total} exercises — today’s session matters.","{name}, {total} இல் {done} பயிற்சிகளை முடித்துவிட்டீர்கள் — இன்றைய அமர்வு முக்கியம்.",pending,
nav.dashboard,Dashboard,டாஷ்போர்டு,pending,
nav.history,History,வரலாறு,pending,
nav.settings,Settings,அமைப்புகள்,pending,
nav.documentStudio,Document Studio,Document Studio,pending,
nav.mainNavigation,Main navigation,முதன்மை மெனு,pending,
nav.openNavigation,Open navigation,மெனுவைத் திற,pending,
nav.account,Account,கணக்கு,pending,
nav.openAccountMenu,Open account menu,கணக்கு மெனுவைத் திற,pending,
nav.profileSettings,Profile & Settings,சுயவிவரம் & அமைப்புகள்,pending,
nav.subscription,Subscription,சந்தா,pending,
nav.support,Support,உதவி,pending,
nav.privacy,Privacy Policy,தனியுரிமைக் கொள்கை,pending,
nav.terms,Terms of Service,சேவை விதிமுறைகள்,pending,
nav.refund,Refund & Cancellation Policy,பணத்திருப்பம் & ரத்து கொள்கை,pending,
nav.signOut,Sign out,வெளியேறு,pending,
nav.signingOut,Signing out…,வெளியேறுகிறது…,pending,
nav.installApp,Install App,ஆப்பை நிறுவு,pending,
nav.toggleTheme,Toggle theme,தீம் மாற்று,pending,
nav.lightMode,Switch to light mode,லைட் மோடுக்கு மாற்று,pending,
nav.darkMode,Switch to dark mode,டார்க் மோடுக்கு மாற்று,pending,
progress.subtitle,Your live brain score — updated after every session.,உங்கள் நேரடி மூளை மதிப்பெண் — ஒவ்வொரு அமர்வுக்குப் பிறகும் புதுப்பிக்கப்படும்.,pending,
progress.overall,Overall intelligence,மொத்த நுண்ணறிவு,pending,
progress.scoreAria,"Mind Score {score} out of 1000, Reading Intelligence {reading} percent","Mind Score 1000 இல் {score}, வாசிப்பு நுண்ணறிவு {reading} சதவீதம்",pending,
progress.scoreProgress,Mind Score progress,Mind Score முன்னேற்றம்,pending,
progress.dimensions,Intelligence dimensions,நுண்ணறிவுப் பரிமாணங்கள்,pending,
progress.dimensionsAria,Mind intelligence dimensions,மன நுண்ணறிவுப் பரிமாணங்கள்,pending,
progress.outOf100,{label}: {score} out of 100,{label}: 100 இல் {score},pending,
progress.notAttempted,{label}: not yet attempted,{label}: இன்னும் தொடங்கவில்லை,pending,
progress.startNow,Start now,இப்போதே தொடங்கு,pending,
progress.notStarted,Not started yet,இன்னும் தொடங்கவில்லை,pending,
progress.vsPrior,{arrow} {n}% vs previous period,{arrow} முந்தைய காலத்தைவிட {n}%,pending,
progress.totalSessions,Total sessions,மொத்த அமர்வுகள்,pending,
progress.personalBest,Personal best,உங்கள் சிறந்தது,pending,
progress.baseline,Baseline,தொடக்கம்,pending,
progress.current,Current,இப்போது,pending,
progress.best,Best,சிறந்தது,pending,
progress.weekAria,Weekly activity: {n} of 7 days active.,வாரச் செயல்பாடு: 7 இல் {n} நாட்கள் செயலில்.,pending,
progress.weekTrendUp, Practice is up {n}% versus last period., முந்தைய காலத்தைவிடப் பயிற்சி {n}% அதிகரித்துள்ளது.,pending,
progress.weekTrendDown, Practice is down {n}% versus last period., முந்தைய காலத்தைவிடப் பயிற்சி {n}% குறைந்துள்ளது.,pending,
progress.daySessions,"{day}: {n} sessions, {time}","{day}: {n} அமர்வுகள், {time}",pending,
progress.daySession,"{day}: 1 session, {time}","{day}: 1 அமர்வு, {time}",pending,
progress.dayNone,{day}: no activity,{day}: செயல்பாடு இல்லை,pending,
progress.greatestStrength,Greatest strength,மிகப்பெரிய பலம்,pending,
progress.needsImprovement,Needs improvement,மேம்பாடு தேவை,pending,
progress.fastestGrowing,Fastest growing,வேகமாக வளர்வது,pending,
progress.mostConsistent,Most consistent,மிகத் தொடர்ச்சியானது,pending,
progress.emptyFirst,Complete your first session,உங்கள் முதல் அமர்வை முடியுங்கள்,pending,
progress.emptyUnlock,Unlock more Labs to compare,ஒப்பிட மேலும் Labs ஐத் திறவுங்கள்,pending,
progress.emptyKeep,Keep practising to see trends,போக்குகளைக் காணப் பயிற்சியைத் தொடருங்கள்,pending,
progress.emptyStreak,A 3-day streak unlocks this,3 நாள் தொடர் பயிற்சி இதைத் திறக்கும்,pending,
progress.moduleComplete,Eye Foundation Module complete,Eye Foundation பகுதி முடிந்தது,pending,
progress.moduleCompleteBody,You have completed every exercise. Review any exercise to keep your Reading Intelligence score.,எல்லாப் பயிற்சிகளையும் முடித்துவிட்டீர்கள். உங்கள் வாசிப்பு நுண்ணறிவு மதிப்பெண்ணைக் காக்க எந்தப் பயிற்சியையும் மீண்டும் செய்யுங்கள்.,pending,
progress.highestImpact,Highest-impact practice,அதிகப் பலன் தரும் பயிற்சி,pending,
progress.minutes,~{n} minutes,~{n} நிமிடங்கள்,pending,
progress.plusReading,+Reading Intelligence,+வாசிப்பு நுண்ணறிவு,pending,
progress.firstSession,Complete your first session to get a personal recommendation.,தனிப்பட்ட பரிந்துரையைப் பெற உங்கள் முதல் அமர்வை முடியுங்கள்.,pending,
progress.review,Review,மீண்டும் பார்,pending,
progress.resumeX,Resume: {name},மீண்டும் தொடர்: {name},pending,
progress.startX,Start: {name},தொடங்கு: {name},pending,
progress.continueX,Continue: {name},தொடர்: {name},pending,
progress.overallGrowth,Overall: {label},மொத்தம்: {label},pending,
progress.weeklyAria,"{label}: {score} out of 100, {trend}","{label}: 100 இல் {score}, {trend}",pending,
progress.trend.up,up,உயர்வு,pending,
progress.trend.down,down,சரிவு,pending,
progress.trend.stable,stable,நிலையானது,pending,
progress.trend.inactive,not yet attempted,இன்னும் தொடங்கவில்லை,pending,
progress.dayStreak,Day streak,தொடர் நாட்கள்,pending,
progress.bestN,Best: {n},சிறந்தது: {n},pending,
progress.sessions,Sessions,அமர்வுகள்,pending,
progress.exercises,Exercises,பயிற்சிகள்,pending,
progress.momentum,Momentum,வேகம்,pending,
progress.consistency,Consistency,தொடர்ச்சி,pending,
progress.viewRoadmap,View roadmap →,வழிகாட்டியைப் பார் →,pending,
progress.daysRange,Days {start}–{end},நாள் {start}–{end},pending,
progress.daysOf,{done} / {total} days,{done} / {total} நாட்கள்,pending,
progress.parent.yourProgress,Your progress,உங்கள் முன்னேற்றம்,pending,
progress.parent.weeklyView,"A weekly view of reading practice, understanding and consistency.","வாசிப்புப் பயிற்சி, புரிதல், தொடர்ச்சியின் வாரப் பார்வை.",pending,
progress.parent.consistency,Consistency,தொடர்ச்சி,pending,
progress.parent.currentStreak,Current streak,தற்போதைய தொடர்,pending,
progress.parent.longestStreak,Longest streak,நீண்ட தொடர்,pending,
progress.parent.comprehensionScore,Comprehension score,புரிதல் மதிப்பெண்,pending,
progress.parent.comprehensionEmpty,Complete a quiz on an uploaded document to see your comprehension score here.,"உங்கள் புரிதல் மதிப்பெண்ணை இங்கே காண, பதிவேற்றிய ஆவணத்தில் ஒரு வினாடி வினாவை முடியுங்கள்.",pending,
progress.parent.averageAll,Average across all quiz attempts,எல்லா வினாடி வினாக்களின் சராசரி,pending,
progress.parent.documentMastery,Document mastery,ஆவணத் தேர்ச்சி,pending,
progress.parent.documentsCompleted,Documents completed,முடித்த ஆவணங்கள்,pending,
progress.parent.avgComprehension,Avg. comprehension,சராசரி புரிதல்,pending,
progress.parent.todaysStatus,Today’s status,இன்றைய நிலை,pending,
progress.parent.practicedToday,Practised today,இன்று பயிற்சி செய்யப்பட்டது,pending,
progress.parent.noPracticeToday,No practice yet today,இன்று இன்னும் பயிற்சி இல்லை,pending,
progress.parent.curriculumProgress,Daily curriculum progress,தினசரி பாடத்திட்ட முன்னேற்றம்,pending,
progress.parent.noDays,No {program} days completed yet.,இன்னும் {program} நாள் எதுவும் முடியவில்லை.,pending,
progress.parent.daysCompleted,Days completed,முடிந்த நாட்கள்,pending,
progress.parent.currentlyOnDay,Currently on Day {day} of {total}.,இப்போது {total} இல் நாள் {day}.,pending,
progress.parent.speedTrend,Reading speed trend,வாசிப்பு வேகப் போக்கு,pending,
progress.parent.wpmAverage,{wpm} WPM average,சராசரி {wpm} WPM,pending,
progress.parent.noSessionsWindow,No sessions in this period yet,இந்தக் காலத்தில் இன்னும் அமர்வுகள் இல்லை,pending,
progress.parent.days,{n}d,{n} நா,pending,
progress.parent.speedEmpty,Complete a reading session to start tracking speed here.,இங்கே வேகத்தைக் கண்காணிக்க ஒரு வாசிப்பு அமர்வை முடியுங்கள்.,pending,
progress.parent.speedAria,"Reading speed from {from} to {to}, averaging {wpm} words per minute.","{from} முதல் {to} வரை வாசிப்பு வேகம், சராசரி நிமிடத்துக்கு {wpm} சொற்கள்.",pending,
progress.parent.chapterScores,Chapter scores,அத்தியாய மதிப்பெண்கள்,pending,
progress.parent.chapterEmpty,"Complete a Chapter Comprehension Check to see exact, per-chapter scores here.",ஒவ்வொரு அத்தியாயத்தின் சரியான மதிப்பெண்ணை இங்கே காண Chapter Comprehension Check ஐ முடியுங்கள்.,pending,
progress.parent.strong,Strong,வலுவானது,pending,
progress.parent.needsReview,Needs review,மீண்டும் பார்க்க வேண்டும்,pending,
progress.parent.reread,Re-read recommended,மீண்டும் படிக்கப் பரிந்துரை,pending,
progress.parent.sessionHistory,Session history,அமர்வு வரலாறு,pending,
progress.parent.noSessions,No completed sessions yet.,இன்னும் அமர்வுகள் எதுவும் முடியவில்லை.,pending,
progress.parent.dayN,Day {day},நாள் {day},pending,
progress.parent.completed,Completed,முடிந்தது,pending,
settings.title,Settings,அமைப்புகள்,pending,
settings.subtitle,Manage your account details.,உங்கள் கணக்கு விவரங்களை நிர்வகிக்கவும்.,pending,
settings.language.title,Language,மொழி,pending,
settings.language.desc,The language of the app. Website pages stay in English or Hindi.,ஆப்பின் மொழி. இணையதளப் பக்கங்கள் ஆங்கிலம் அல்லது இந்தியில் மட்டுமே இருக்கும்.,pending,
settings.profile.title,Profile,சுயவிவரம்,pending,
settings.profile.desc,Update your public display name.,காட்டப்படும் உங்கள் பெயரை மாற்றவும்.,pending,
settings.profile.fullName,Full name,முழுப் பெயர்,pending,
settings.profile.placeholder,Your full name,உங்கள் முழுப் பெயர்,pending,
settings.profile.save,Save changes,மாற்றங்களைச் சேமி,pending,
settings.profile.saving,Saving…,சேமிக்கிறது…,pending,
settings.profile.updated,Profile updated.,சுயவிவரம் புதுப்பிக்கப்பட்டது.,pending,
settings.profile.nameTooShort,Name must be at least 2 characters,பெயர் குறைந்தது 2 எழுத்துகள் இருக்க வேண்டும்,pending,
settings.profile.nameTooLong,Name must be 100 characters or fewer,பெயர் 100 எழுத்துகள் அல்லது குறைவாக இருக்க வேண்டும்,pending,
settings.profile.failed,Could not update your profile. Please try again.,சுயவிவரத்தைப் புதுப்பிக்க முடியவில்லை. மீண்டும் முயலவும்.,pending,
settings.password.title,Password,கடவுச்சொல்,pending,
settings.password.desc,Choose a new password for your account.,உங்கள் கணக்கிற்குப் புதிய கடவுச்சொல்லைத் தேர்ந்தெடுக்கவும்.,pending,
settings.password.newPassword,New password,புதிய கடவுச்சொல்,pending,
settings.password.confirm,Confirm new password,புதிய கடவுச்சொல்லை மீண்டும் எழுதவும்,pending,
settings.password.minPlaceholder,Min 8 characters,குறைந்தது 8 எழுத்துகள்,pending,
settings.password.repeatPlaceholder,Repeat password,கடவுச்சொல்லை மீண்டும் எழுதவும்,pending,
settings.password.update,Update password,கடவுச்சொல்லை மாற்று,pending,
settings.password.updating,Updating…,மாற்றுகிறது…,pending,
settings.password.updated,Password updated.,கடவுச்சொல் மாற்றப்பட்டது.,pending,
settings.password.tooShort,Password must be at least 8 characters,கடவுச்சொல் குறைந்தது 8 எழுத்துகள் இருக்க வேண்டும்,pending,
settings.password.confirmRequired,Please confirm your password,கடவுச்சொல்லை மீண்டும் எழுதவும்,pending,
settings.password.mismatch,Passwords do not match,இரண்டு கடவுச்சொற்களும் ஒன்றாக இல்லை,pending,
settings.password.failed,Could not update your password. Please try again.,கடவுச்சொல்லை மாற்ற முடியவில்லை. மீண்டும் முயலவும்.,pending,
settings.sound.title,Sound,ஒலி,pending,
settings.sound.desc,Control audio during exercises.,பயிற்சியின் போது ஒலியைக் கட்டுப்படுத்தவும்.,pending,
settings.sound.effects,Exercise sound effects,பயிற்சி ஒலிகள்,pending,
settings.sound.effectsDesc,"Tap chimes, right/wrong cues and calm focus tones during exercises.","பயிற்சியின் போது தட்டும் மணி ஒலி, சரி/தவறு குறிப்புகள், அமைதியான கவன ஒலிகள்.",pending,
settings.assessment.title,Reading Assessment,வாசிப்பு மதிப்பீடு,pending,
settings.assessment.desc,Retake your Smart Reading assessment for a document to re-measure how you read it.,"ஒரு ஆவணத்திற்கான Smart Reading மதிப்பீட்டை மீண்டும் எடுத்து, நீங்கள் அதை எப்படிப் படிக்கிறீர்கள் என்பதை மீண்டும் அளவிடுங்கள்.",pending,
settings.assessment.retake,Retake assessment,மதிப்பீட்டை மீண்டும் எடு,pending,
settings.assessment.retakeDone,You’ll be asked to reassess next time you open this document.,அடுத்த முறை இந்த ஆவணத்தைத் திறக்கும்போது மீண்டும் மதிப்பீடு கேட்கப்படும்.,pending,
settings.account.title,Account,கணக்கு,pending,
settings.account.email,Email:,மின்னஞ்சல்:,pending,
settings.errors.invalidInput,Please check what you entered.,நீங்கள் எழுதியதைச் சரிபார்க்கவும்.,pending,
settings.errors.notSignedIn,Please sign in again.,மீண்டும் உள்நுழையவும்.,pending,
welcome.journey.line1,Rewire your brain.,உங்கள் மூளையைப் புதிதாக வடிவமையுங்கள்.,pending,
welcome.journey.line2,Build lasting habits.,நீடிக்கும் பழக்கங்களை உருவாக்குங்கள்.,pending,
welcome.journey.line3,Grow your potential in just 10 minutes a day.,தினமும் வெறும் 10 நிமிடத்தில் உங்கள் திறனை வளர்த்திடுங்கள்.,pending,
welcome.journey.cardDesc,"Daily focus drills, visualisation and habit-building exercises.","தினசரி கவனப் பயிற்சிகள், கற்பனை மற்றும் பழக்கம் வளர்க்கும் பயிற்சிகள்.",pending,
welcome.journey.point1,Daily mindset & focus drills,தினசரி மனநிலை & கவனப் பயிற்சிகள்,pending,
welcome.journey.point2,Guided breathing & visualisation,வழிகாட்டப்பட்ட மூச்சுப் பயிற்சி & கற்பனை,pending,
welcome.journey.point3,21-day step-by-step habit loop,21 நாள் படிப்படியான பழக்கச் சுழற்சி,pending,
welcome.journey.start,Start training →,பயிற்சியைத் தொடங்கு →,pending,
welcome.program.format,Online · 7 live classes + 30 days of app practice,ஆன்லைன் · 7 நேரலை வகுப்புகள் + 30 நாள் ஆப் பயிற்சி,pending,
welcome.program.outcome,"Read faster with understanding, focus longer, remember more — measured from your own Day 1 to Day 30.","புரிதலுடன் வேகமாகப் படியுங்கள், நீண்ட நேரம் கவனம் செலுத்துங்கள், அதிகம் நினைவில் வையுங்கள் — உங்கள் சொந்த நாள் 1 முதல் நாள் 30 வரை அளவிடப்படும்.",pending,
welcome.program.earlyBirdLine,Early-bird for the {date} batch · {price} (regular {regular}),{date} பேட்ச்க்கு ஆரம்பச் சலுகை · {price} (வழக்கமான விலை {regular}),pending,
welcome.program.regularLine,One-time payment · {price} · next batch {date},ஒருமுறை கட்டணம் · {price} · அடுத்த பேட்ச் {date},pending,
welcome.app.title,Read faster. Remember more.,வேகமாகப் படியுங்கள். அதிகம் நினைவில் வையுங்கள்.,pending,
welcome.app.line1,Master any book — guided live by Dr. Kapil Dev Sharma.,எந்தப் புத்தகத்தையும் நன்கு கற்றுக்கொள்ளுங்கள் — Dr. Kapil Dev Sharma அவர்களின் நேரலை வழிகாட்டலில்.,pending,
welcome.app.line2,7 live classes. One mentor.,7 நேரலை வகுப்புகள். ஒரு வழிகாட்டி.,pending,
welcome.app.line3,Real progress.,உண்மையான முன்னேற்றம்.,pending,
welcome.app.sharpBrainDesc,A structured 30-day program — guided live by Dr. Kapil Dev Sharma.,30 நாள் ஒழுங்கான திட்டம் — Dr. Kapil Dev Sharma அவர்களின் நேரலை வழிகாட்டலில்.,pending,
welcome.app.sharpBrainPoint1,"Peripheral Vision Activator, Rapid Recognition Drill, Chunk Reading","Peripheral Vision Activator, Rapid Recognition Drill, Chunk Reading",pending,
welcome.app.sharpBrainPoint2,7 live classes with Dr. Kapil Dev Sharma,Dr. Kapil Dev Sharma அவர்களுடன் 7 நேரலை வகுப்புகள்,pending,
welcome.app.start,Start training →,பயிற்சியைத் தொடங்கு →,pending,
welcome.app.uploadTitle,Upload & Learn,பதிவேற்றி கற்றுக்கொள்,pending,
welcome.app.uploadDesc,"Turn any PDF or textbook into speed-reading drills, mind maps and smart summaries.","எந்த PDF அல்லது பாடநூலையும் வேக வாசிப்புப் பயிற்சிகள், மைண்ட் மேப்கள் மற்றும் சுருக்கங்களாக மாற்றுங்கள்.",pending,
welcome.app.uploadPoint1,AI-made speed-reading drills,AI உருவாக்கும் வேக வாசிப்புப் பயிற்சிகள்,pending,
welcome.app.uploadPoint2,Mind maps & smart summaries,மைண்ட் மேப்கள் & சுருக்கங்கள்,pending,
welcome.app.uploadPoint3,Works with any PDF or textbook,எந்த PDF அல்லது பாடநூலுடனும் வேலை செய்யும்,pending,
welcome.app.uploadCta,Upload & Learn →,பதிவேற்றி கற்றுக்கொள் →,pending,
welcome.lock.partOf,{title} is part of the {program},"{title}, {program} இன் பகுதி",pending,
welcome.lock.enrolOnce,"Enrol once ({price}, one-time) to open this exercise and all 30 days of the curriculum, with 7 live classes with Dr. Kapil Dev Sharma.","ஒருமுறை சேருங்கள் ({price}, ஒருமுறை மட்டும்) — இந்தப் பயிற்சியும் பாடத்திட்டத்தின் 30 நாட்களும் திறக்கும், கூடவே Dr. Kapil Dev Sharma அவர்களுடன் 7 நேரலை வகுப்புகள்.",pending,
welcome.lock.enrolFor,Enrol for {price},{price} க்குச் சேருங்கள்,pending,
welcome.lock.seeProgram,See the program,திட்டத்தைப் பார்,pending,
