key,english,translation,status,notes
auth.orEmail,or continue with email,లేదా ఈమెయిల్‌తో కొనసాగండి,pending,
auth.google,Continue with Google,Google తో కొనసాగండి,pending,
auth.email,Email,ఈమెయిల్,pending,
auth.emailPlaceholder,you@example.com,you@example.com,pending,
auth.password,Password,పాస్‌వర్డ్,pending,
auth.forgotPassword,Forgot password?,పాస్‌వర్డ్ మర్చిపోయారా?,pending,
auth.signIn,Sign in,సైన్ ఇన్,pending,
auth.signingIn,Signing in…,సైన్ ఇన్ అవుతోంది…,pending,
auth.noAccount,Don’t have an account?,ఖాతా లేదా?,pending,
auth.signUp,Sign up,సైన్ అప్,pending,
auth.fullName,Full name,పూర్తి పేరు,pending,
auth.namePlaceholder,Your name,మీ పేరు,pending,
auth.passwordPlaceholder,At least 8 characters,కనీసం 8 అక్షరాలు,pending,
auth.createAccount,Create account,ఖాతా సృష్టించండి,pending,
auth.creatingAccount,Creating account…,ఖాతా సృష్టిస్తోంది…,pending,
auth.agreePrefix,"By creating an account, you agree to our",ఖాతా సృష్టించడం ద్వారా మీరు వీటికి అంగీకరిస్తున్నారు:,pending,
auth.and,and,మరియు,pending,
auth.terms,Terms of Service,సేవా నిబంధనలు,pending,
auth.privacy,Privacy Policy,గోప్యతా విధానం,pending,
auth.haveAccount,Already have an account?,ఇప్పటికే ఖాతా ఉందా?,pending,
auth.resetSent,Check your email — a reset link is on its way.,మీ ఈమెయిల్ చూడండి — రీసెట్ లింక్ పంపాము.,pending,
auth.backToSignIn,Back to sign in,సైన్ ఇన్‌కు తిరిగి వెళ్లండి,pending,
auth.sendReset,Send reset link,రీసెట్ లింక్ పంపండి,pending,
auth.sending,Sending…,పంపుతోంది…,pending,
auth.remembered,Remembered it?,గుర్తొచ్చిందా?,pending,
auth.pages.loginTitle,Welcome back,మళ్లీ స్వాగతం,pending,
auth.pages.loginDesc,Sign in to your {app} account,మీ {app} ఖాతాలో సైన్ ఇన్ చేయండి,pending,
auth.pages.confirmEmail,"Check your email to confirm your account, then sign in.","ఖాతాను నిర్ధారించడానికి మీ ఈమెయిల్ చూడండి, తర్వాత సైన్ ఇన్ చేయండి.",pending,
auth.pages.linkExpired,Your link is invalid or has expired.,మీ లింక్ సరైనది కాదు లేదా గడువు ముగిసింది.,pending,
auth.pages.requestNew,Request a new one.,కొత్త లింక్ అడగండి.,pending,
auth.pages.signupTitle,Create your account,మీ ఖాతా సృష్టించండి,pending,
auth.pages.signupDesc,Start your daily brain-skills practice,మీ రోజువారీ మెదడు నైపుణ్యాల ప్రాక్టీస్ మొదలుపెట్టండి,pending,
auth.pages.resetTitle,Reset your password,మీ పాస్‌వర్డ్ రీసెట్ చేయండి,pending,
auth.pages.resetDesc,Enter your email and we’ll send you a reset link,"మీ ఈమెయిల్ రాయండి, మేము రీసెట్ లింక్ పంపుతాము",pending,
auth.pages.newPasswordTitle,Set a new password,కొత్త పాస్‌వర్డ్ పెట్టండి,pending,
auth.pages.newPasswordDesc,Choose a strong password for your account,మీ ఖాతాకు బలమైన పాస్‌వర్డ్ ఎంచుకోండి,pending,
auth.pages.deviceLogout,You were signed out because your account was opened on another device.,మీ ఖాతా వేరే పరికరంలో తెరిచినందున మిమ్మల్ని సైన్ అవుట్ చేశాము.,pending,
auth.device.title,Continue here?,ఇక్కడే కొనసాగాలా?,pending,
auth.device.activeOn,Your account is currently active on {device}.,మీ ఖాతా ఇప్పుడు {device} లో యాక్టివ్‌గా ఉంది.,pending,
auth.device.activeElsewhere,Your account is currently active on another device.,మీ ఖాతా ఇప్పుడు వేరే పరికరంలో యాక్టివ్‌గా ఉంది.,pending,
auth.device.explain,Continue here and log out there? You can only be actively signed in on one device at a time.,ఇక్కడ కొనసాగి అక్కడ లాగ్ అవుట్ చేయాలా? ఒకేసారి ఒక్క పరికరంలోనే సైన్ ఇన్ అయి ఉండగలరు.,pending,
auth.device.continue,Continue here and log out there,ఇక్కడ కొనసాగి అక్కడ లాగ్ అవుట్ చేయండి,pending,
auth.device.wait,Please wait…,దయచేసి ఆగండి…,pending,
auth.gateway.loginTitle,Sign in,సైన్ ఇన్,pending,
auth.gateway.loginDesc,Sign in to continue.,కొనసాగడానికి సైన్ ఇన్ చేయండి.,pending,
auth.gateway.signupTitle,Create your account,మీ ఖాతా సృష్టించండి,pending,
auth.gateway.signupDesc,Free to start — no card needed.,మొదలుపెట్టడం ఉచితం — కార్డ్ అవసరం లేదు.,pending,
auth.validation.email,Please enter a valid email address,దయచేసి సరైన ఈమెయిల్ చిరునామా రాయండి,pending,
auth.validation.passwordRequired,Password is required,పాస్‌వర్డ్ అవసరం,pending,
auth.validation.nameShort,Name must be at least 2 characters,పేరు కనీసం 2 అక్షరాలు ఉండాలి,pending,
auth.validation.passwordShort,Password must be at least 8 characters,పాస్‌వర్డ్ కనీసం 8 అక్షరాలు ఉండాలి,pending,
auth.errors.invalidCredentials,Email or password is not correct.,ఈమెయిల్ లేదా పాస్‌వర్డ్ సరిగా లేదు.,pending,
auth.errors.emailNotConfirmed,Please confirm your email first — check your inbox.,దయచేసి ముందుగా మీ ఈమెయిల్ నిర్ధారించండి — మీ ఇన్‌బాక్స్ చూడండి.,pending,
auth.errors.userExists,An account with this email already exists. Please sign in.,ఈ ఈమెయిల్‌తో ఇప్పటికే ఖాతా ఉంది. దయచేసి సైన్ ఇన్ చేయండి.,pending,
auth.errors.tooMany,Too many attempts. Please wait a moment and try again.,చాలా ప్రయత్నాలు. కాసేపు ఆగి మళ్లీ ప్రయత్నించండి.,pending,
auth.errors.generic,Something went wrong. Please try again.,ఏదో తప్పు జరిగింది. దయచేసి మళ్లీ ప్రయత్నించండి.,pending,
auth.errors.invalidInput,Please check what you entered.,దయచేసి మీరు రాసింది ఒకసారి చూడండి.,pending,
common.language.label,Language,భాష,pending,
common.language.choose,Choose your language,మీ భాషను ఎంచుకోండి,pending,
common.language.saved,Saved,సేవ్ అయింది,pending,
common.language.reviewNote,This language is new — a native speaker is still reviewing the translation.,ఈ భాష కొత్తది — అనువాదాన్ని స్థానిక భాషావేత్త ఇంకా సమీక్షిస్తున్నారు.,pending,
common.practiceNote,Practice text in English — {language} practice text coming soon.,సాధన పాఠం ఇంగ్లీష్‌లో ఉంది — {language} సాధన పాఠం త్వరలో వస్తుంది.,pending,
common.actions.start,Start,ప్రారంభించు,pending,
common.actions.begin,Begin,ప్రారంభించు,pending,
common.actions.continue,Continue,కొనసాగించు,pending,
common.actions.back,Back,వెనక్కి,pending,
common.actions.exit,Exit,బయటకు,pending,
common.actions.done,Done,పూర్తయింది,pending,
common.actions.close,Close,మూసివేయి,pending,
common.actions.save,Save,సేవ్ చేయి,pending,
common.actions.cancel,Cancel,రద్దు,pending,
common.actions.retry,Try again,మళ్ళీ ప్రయత్నించు,pending,
common.actions.maybeLater,Maybe later,తర్వాత,pending,
common.actions.pause,Pause,ఆపు,pending,
common.actions.resume,Resume,కొనసాగించు,pending,
common.actions.restart,Restart,మళ్ళీ ప్రారంభించు,pending,
common.actions.next,Next,తదుపరి,pending,
common.actions.finish,Finish,ముగించు,pending,
common.actions.seeResults,See results,ఫలితాలు చూడండి,pending,
common.actions.loading,Loading…,లోడ్ అవుతోంది…,pending,
curriculum.eyebrow,Sharp Brain 30-Day Curriculum,Sharp Brain 30-రోజుల కోర్సు,pending,
curriculum.title,Your daily roadmap,మీ రోజువారీ రోడ్‌మ్యాప్,pending,
curriculum.intro,"30 days in 4 phases, mixing Brain Gym, visual memory and attention, visualisation and reading practice into one balanced circuit — with real WPM and comprehension checkpoints along the way.","4 దశల్లో 30 రోజులు — Brain Gym, దృశ్య జ్ఞాపకం మరియు శ్రద్ధ, ఊహ, చదువు ప్రాక్టీస్ అన్నీ ఒకే సమతుల్య సర్క్యూట్‌లో — మధ్యలో నిజమైన WPM మరియు అవగాహన పరీక్షలతో.",pending,
curriculum.metrics.brainScore,Brain Score,మెదడు స్కోర్,pending,
curriculum.metrics.readingGrowth,Reading growth,చదువులో పెరుగుదల,pending,
curriculum.metrics.comprehension,Comprehension,అవగాహన,pending,
curriculum.metrics.consistency,Consistency,క్రమం తప్పకపోవడం,pending,
curriculum.metrics.visualizationDepth,Visualisation depth,ఊహ లోతు,pending,
curriculum.allDays,All 30 days,మొత్తం 30 రోజులు,pending,
curriculum.allDaysHintPro,Day N opens once Day N-1 is complete. Star days are real WPM + comprehension checkpoints.,రోజు N-1 పూర్తయ్యాకే రోజు N తెరుచుకుంటుంది. నక్షత్రం ఉన్న రోజులు నిజమైన WPM + అవగాహన పరీక్ష రోజులు.,pending,
curriculum.allDaysHintFree,Enrol to open the full 30-day curriculum. Days you have already completed stay open. Star days are real WPM + comprehension checkpoints.,పూర్తి 30-రోజుల కోర్సు తెరవడానికి చేరండి. మీరు పూర్తి చేసిన రోజులు తెరిచే ఉంటాయి. నక్షత్రం ఉన్న రోజులు నిజమైన WPM + అవగాహన పరీక్ష రోజులు.,pending,
curriculum.startProgram,Start the {program},{program} మొదలుపెట్టండి,pending,
curriculum.phaseLabel,Phase {phase} · Days {start}–{end},దశ {phase} · రోజు {start}–{end},pending,
curriculum.dayShort,Day {day},రోజు {day},pending,
curriculum.dayLockedTitle,Day {day} — enrol to unlock,రోజు {day} — తెరవడానికి చేరండి,pending,
curriculum.categories.brainGym,Brain Gym,Brain Gym,pending,
curriculum.categories.visualFocusMemory,Visual Focus & Memory,దృశ్య ఫోకస్ & జ్ఞాపకం,pending,
curriculum.categories.visualization,Visualisation,ఊహ,pending,
curriculum.categories.readingIntelligence,Reading Intelligence,చదువు మేధస్సు,pending,
curriculum.detail.backToAll,All 30 days,మొత్తం 30 రోజులు,pending,
curriculum.detail.dayCompleteUnlocked,Day {day} complete! Day {next} is now unlocked.,రోజు {day} పూర్తయింది! ఇప్పుడు రోజు {next} తెరుచుకుంది.,pending,
curriculum.detail.phaseDay,Phase {phase} · Day {day},దశ {phase} · రోజు {day},pending,
curriculum.detail.checkpointDay,Checkpoint day,పరీక్ష రోజు,pending,
curriculum.detail.completed,Completed,పూర్తయింది,pending,
curriculum.detail.checkpointRecorded,Checkpoint recorded,పరీక్ష నమోదైంది,pending,
curriculum.detail.trueWpm,True WPM,నిజమైన WPM,pending,
curriculum.detail.comprehension,Comprehension,అవగాహన,pending,
curriculum.detail.vsBaseline,vs. your Day 1 baseline,మీ రోజు 1 తో పోలిస్తే,pending,
curriculum.detail.dayDone,Day {day} complete — nice work.,రోజు {day} పూర్తయింది — బాగా చేశారు.,pending,
curriculum.detail.practiceAgain,Practice again,మళ్లీ ప్రాక్టీస్ చేయండి,pending,
curriculum.detail.uploadStarted,Chapter upload started for Day {day},రోజు {day} కోసం అధ్యాయం అప్‌లోడ్ మొదలైంది,pending,
curriculum.detail.uploadStartedHint,Go back to Upload & Learn any time to pick up where you left off.,ఆపిన చోటు నుంచి కొనసాగడానికి ఎప్పుడైనా Upload & Learn కు తిరిగి రండి.,pending,
curriculum.detail.uploadToday,Upload today’s chapter,ఈరోజు అధ్యాయం అప్‌లోడ్ చేయండి,pending,
curriculum.detail.uploadTodayHint,Bring real reading material for “{title}” and practise Sharp Brain on the real thing.,"“{title}” కోసం నిజమైన చదువు విషయం తెచ్చి, నిజమైన పాఠంపై Sharp Brain ప్రాక్టీస్ చేయండి.",pending,
curriculum.detail.uploadLink,Upload & Learn →,Upload & Learn →,pending,
curriculum.player.dayDone,{title} — done!,{title} — పూర్తయింది!,pending,
curriculum.player.allExercisesDone,All {count} exercises complete. Day {next} is now unlocked.,మొత్తం {count} వ్యాయామాలు పూర్తయ్యాయి. ఇప్పుడు రోజు {next} తెరుచుకుంది.,pending,
curriculum.player.backToRoadmap,Back to roadmap,రోడ్‌మ్యాప్‌కు తిరిగి వెళ్లండి,pending,
curriculum.player.oneMoreStep,One more step,ఇంకో అడుగు,pending,
curriculum.player.niceWork,Nice work today.,ఈరోజు బాగా చేశారు.,pending,
curriculum.player.checkpointIntro,This is a checkpoint day — finish with a short WPM and comprehension check-in to complete Day {day}.,ఇది పరీక్ష రోజు — రోజు {day} పూర్తి చేయడానికి చివర్లో చిన్న WPM మరియు అవగాహన పరీక్ష చేయండి.,pending,
curriculum.player.startCheckIn,Start check-in,పరీక్ష మొదలుపెట్టండి,pending,
curriculum.player.stepOf,Step {step} of {total} · {category},{total} లో అడుగు {step} · {category},pending,
curriculum.player.skipExercise,Skip exercise,వ్యాయామం దాటవేయండి,pending,
curriculum.player.skip,Skip,దాటవేయండి,pending,
curriculum.player.exitToRoadmap,Exit to roadmap,రోడ్‌మ్యాప్‌కు వెళ్లండి,pending,
curriculum.player.skipStep,Skip this step,ఈ అడుగు దాటవేయండి,pending,
curriculum.player.continueGuided,Continue in its own guided view,దాని సొంత గైడెడ్ వ్యూలో కొనసాగండి,pending,
curriculum.player.gatedIntro,"This exercise has its own guided flow with progress tracking — it opens in its own focused view, then brings you straight back here.","ఈ వ్యాయామానికి పురోగతిని నమోదు చేసే సొంత గైడెడ్ ప్రవాహం ఉంది — ఇది వేరే వ్యూలో తెరుచుకుని, తర్వాత మిమ్మల్ని నేరుగా ఇక్కడికే తీసుకొస్తుంది.",pending,
curriculum.player.dayCompleteEyebrow,Day {day} complete,రోజు {day} పూర్తయింది,pending,
curriculum.player.loading,Loading today’s session…,ఈరోజు సెషన్ లోడ్ అవుతోంది…,pending,
curriculum.phaseComplete.title,Phase {phase} complete!,దశ {phase} పూర్తయింది!,pending,
curriculum.phaseComplete.upNext,Up next — Phase {phase}: {title}.,తర్వాత — దశ {phase}: {title}.,pending,
curriculum.finishPrevious.title,Day {day} opens after Day {previous},రోజు {previous} తర్వాత రోజు {day} తెరుచుకుంటుంది,pending,
curriculum.finishPrevious.body,The 30 days open one after another. Finish Day {previous} and Day {day} opens straight away.,"30 రోజులు ఒకదాని తర్వాత ఒకటి తెరుచుకుంటాయి. రోజు {previous} పూర్తి చేయండి, రోజు {day} వెంటనే తెరుచుకుంటుంది.",pending,
curriculum.finishPrevious.goTo,Go to Day {previous},రోజు {previous} కు వెళ్లండి,pending,
curriculum.assessment.eyebrow,Checkpoint complete,పరీక్ష పూర్తయింది,pending,
curriculum.assessment.title,Day {day} assessment,రోజు {day} అంచనా,pending,
curriculum.paywall.dayTitle,Day {day} is part of the {program},"రోజు {day}, {program} లో భాగం",pending,
curriculum.paywall.startTitle,Start the {program},{program} మొదలుపెట్టండి,pending,
curriculum.paywall.body,"All 30 days of the curriculum — real WPM and comprehension checkpoints, and 7 live classes with Dr. Kapil Dev Sharma — open when you enrol. Days you have already completed stay open.","కోర్సులోని 30 రోజులూ — నిజమైన WPM మరియు అవగాహన పరీక్షలు, Dr. Kapil Dev Sharma గారితో 7 లైవ్ క్లాసులు — చేరిన వెంటనే తెరుచుకుంటాయి. మీరు పూర్తి చేసిన రోజులు తెరిచే ఉంటాయి.",pending,
curriculum.practice.complete,Practice complete,ప్రాక్టీస్ పూర్తయింది,pending,
curriculum.practice.saved,Practice saved. Your original Day {day} result stays the same.,ప్రాక్టీస్ సేవ్ అయింది. రోజు {day} మీ అసలు ఫలితం అలాగే ఉంటుంది.,pending,
curriculum.practice.checkpointIntro,Practice check-in: read and answer again to see how you do today. Your official Day {day} result won’t change.,"ప్రాక్టీస్ పరీక్ష: మళ్లీ చదివి జవాబివ్వండి, ఈరోజు ఎలా ఉందో చూడండి. రోజు {day} మీ అధికారిక ఫలితం మారదు.",pending,
curriculum.practice.practisedOn,Practised again · {date},మళ్లీ ప్రాక్టీస్ చేశారు · {date},pending,
curriculum.practice.times,{n} times,{n} సార్లు,pending,
curriculum.practice.latestResult,Latest: {wpm} WPM · {percent}% comprehension,తాజా: {wpm} WPM · {percent}% అవగాహన,pending,
curriculum.practice.originalKept,Practice only — your official Day {day} result stays the same.,ప్రాక్టీస్ మాత్రమే — రోజు {day} మీ అధికారిక ఫలితం అలాగే ఉంటుంది.,pending,
curriculumPlan.days.d1.title,Baseline & Visual Warm-Up,ప్రారంభ కొలత & కంటి వార్మ్-అప్,pending,
curriculumPlan.days.d1.focus,"Establish your true baseline WPM and comprehension score, then begin waking up your visual system.","మీ నిజమైన ప్రారంభ WPM మరియు అవగాహన స్కోర్ తెలుసుకుని, మీ దృశ్య వ్యవస్థను మేల్కొలపడం మొదలుపెట్టండి.",pending,
curriculumPlan.days.d2.title,Eye Foundation Ignition,కంటి పునాది మొదలు,pending,
curriculumPlan.days.d2.focus,Build the ocular strength and control every later gain depends on.,కంటి బలం మరియు నియంత్రణ పెంచండి — తర్వాతి ప్రతి పురోగతి దీనిపైనే ఆధారపడుతుంది.,pending,
curriculumPlan.days.d3.title,First Visual Focus Session,మొదటి దృశ్య ఫోకస్ సెషన్,pending,
curriculumPlan.days.d3.focus,"Introduce visual, non-verbal recall alongside your reading warm-ups.","చదువు వార్మ్-అప్‌తో పాటు, పదాలు లేకుండా చూసి గుర్తుంచుకునే ప్రాక్టీస్ మొదలుపెట్టండి.",pending,
curriculumPlan.days.d4.title,Rhythm & Chunk Awareness,లయ & పద సమూహాల గుర్తింపు,pending,
curriculumPlan.days.d4.focus,Start noticing word groups instead of single words.,ఒక్కో పదానికి బదులు పదాల గుంపులను గమనించడం మొదలుపెట్టండి.,pending,
curriculumPlan.days.d5.title,Visualization Opens,ఊహ తెరుచుకుంటుంది,pending,
curriculumPlan.days.d5.focus,Begin training the mental screen behind your eyes.,కళ్ల వెనుక ఉండే మనసు తెరకు శిక్షణ ఇవ్వడం మొదలుపెట్టండి.,pending,
curriculumPlan.days.d6.title,Foundation Consolidation,పునాదిని గట్టి చేయడం,pending,
curriculumPlan.days.d6.focus,Reinforce the week's gains with a full balanced circuit.,పూర్తి సమతుల్య సర్క్యూట్‌తో ఈ వారపు పురోగతిని బలపరచండి.,pending,
curriculumPlan.days.d7.title,Checkpoint — Foundation Review,పరీక్ష — పునాది సమీక్ష,pending,
curriculumPlan.days.d7.focus,Re-measure WPM and comprehension to confirm real week-one growth.,మొదటి వారపు నిజమైన పెరుగుదలను నిర్ధారించడానికి WPM మరియు అవగాహనను మళ్లీ కొలవండి.,pending,
curriculumPlan.days.d8.title,Visual Focus Expansion Begins,దృశ్య ఫోకస్ విస్తరణ,pending,
curriculumPlan.days.d8.focus,Deepen visual and intuitive recall training.,"చూసి, అంతర్బుద్ధితో గుర్తుంచుకునే శిక్షణను లోతుగా చేయండి.",pending,
curriculumPlan.days.d9.title,Inner Voice Awareness,లోపలి గొంతుపై అవగాహన,pending,
curriculumPlan.days.d9.focus,Start noticing and interrupting your inner voice while reading.,చదివేటప్పుడు మనసులో మాట్లాడే గొంతును గమనించి ఆపడం మొదలుపెట్టండి.,pending,
curriculumPlan.days.d10.title,Flash Intelligence Warm-Up,ఫ్లాష్ గుర్తింపు వార్మ్-అప్,pending,
curriculumPlan.days.d10.focus,Sharpen instant recognition speed with flash-based drills.,ఫ్లాష్ డ్రిల్స్‌తో తక్షణ గుర్తింపు వేగాన్ని పదునుపెట్టండి.,pending,
curriculumPlan.days.d11.title,Deeper Visual Focus Practice,లోతైన దృశ్య ఫోకస్ ప్రాక్టీస్,pending,
curriculumPlan.days.d11.focus,Extend non-verbal recall span and grid complexity.,"పదాలు లేని జ్ఞాపక శక్తిని, గ్రిడ్ కష్టాన్ని పెంచండి.",pending,
curriculumPlan.days.d12.title,Inner Voice Control,లోపలి గొంతుపై నియంత్రణ,pending,
curriculumPlan.days.d12.focus,"Push further into silent, voice-free reading.",మనసులో మాట్లాడకుండా నిశ్శబ్దంగా చదవడంలో ఇంకా ముందుకు వెళ్లండి.,pending,
curriculumPlan.days.d13.title,Integration Circuit,కలిపిన సర్క్యూట్,pending,
curriculumPlan.days.d13.focus,Combine visual-focus and reading gains in one balanced session.,దృశ్య ఫోకస్ మరియు చదువు పురోగతిని ఒకే సమతుల్య సెషన్‌లో కలపండి.,pending,
curriculumPlan.days.d14.title,Checkpoint — Visual Focus Review,పరీక్ష — దృశ్య ఫోకస్ సమీక్ష,pending,
curriculumPlan.days.d14.focus,Re-measure WPM and comprehension to confirm real week-two growth.,రెండో వారపు నిజమైన పెరుగుదలను నిర్ధారించడానికి WPM మరియు అవగాహనను మళ్లీ కొలవండి.,pending,
curriculumPlan.days.d15.title,Multi-Sensory Visualisation Begins,బహు-ఇంద్రియ ఊహ మొదలు,pending,
curriculumPlan.days.d15.focus,"Enter the Sensory Imagery Builder to train vivid, multi-sensory mental imagery.","Sensory Imagery Builder లో స్పష్టమైన, బహు-ఇంద్రియ మనో చిత్రాల ప్రాక్టీస్ చేయండి.",pending,
curriculumPlan.days.d16.title,Energy & Focus Balancing,శక్తి & ఫోకస్ సమతుల్యం,pending,
curriculumPlan.days.d16.focus,"Train sustained, stable mental focus with the Calm Breath Balance.","Calm Breath Balance తో దీర్ఘమైన, స్థిరమైన శ్రద్ధను ప్రాక్టీస్ చేయండి.",pending,
curriculumPlan.days.d17.title,Mental Mastery Deepens,మనసుపై పట్టు లోతవుతుంది,pending,
curriculumPlan.days.d17.focus,Layer visualization work on top of your reading gains.,చదువు పురోగతిపై ఊహ ప్రాక్టీస్ జోడించండి.,pending,
curriculumPlan.days.d18.title,Full Sensory Immersion,పూర్తి ఇంద్రియ లీనత,pending,
curriculumPlan.days.d18.focus,Return to the Hologram Builder with a more ambitious goal.,పెద్ద లక్ష్యంతో Hologram Builder కు తిరిగి వెళ్లండి.,pending,
curriculumPlan.days.d19.title,Balance Under Pressure,ఒత్తిడిలోనూ సమతుల్యం,pending,
curriculumPlan.days.d19.focus,Hold equilibrium against tighter tolerances in the Energy Balancer.,Energy Balancer లో కఠినమైన పరిమితులతో సమతుల్యం నిలుపుకోండి.,pending,
curriculumPlan.days.d20.title,Integrated Focus Circuit,కలిపిన ఫోకస్ సర్క్యూట్,pending,
curriculumPlan.days.d20.focus,"Combine visualization, balance, and reading in one advanced session.","ఊహ, సమతుల్యం, చదువు మూడింటినీ ఒక అడ్వాన్స్‌డ్ సెషన్‌లో కలపండి.",pending,
curriculumPlan.days.d21.title,Checkpoint — Mental Mastery Review,పరీక్ష — మనసుపై పట్టు సమీక్ష,pending,
curriculumPlan.days.d21.focus,Re-measure WPM and comprehension to confirm real week-three growth.,మూడో వారపు నిజమైన పెరుగుదలను నిర్ధారించడానికి WPM మరియు అవగాహనను మళ్లీ కొలవండి.,pending,
curriculumPlan.days.d22.title,Peak Mastery — Eye Control,శిఖరం — కంటి నియంత్రణ,pending,
curriculumPlan.days.d22.focus,Revisit eye-foundation training at true peak intensity.,కంటి పునాది శిక్షణను పూర్తి తీవ్రతతో మళ్లీ చేయండి.,pending,
curriculumPlan.days.d23.title,Peak Mastery — Stretch & Span,శిఖరం — సాగదీత & దృష్టి పరిధి,pending,
curriculumPlan.days.d23.focus,Push oculomotor stretch and span further than week one.,"కంటి సాగదీతను, దృష్టి పరిధిని మొదటి వారం కంటే ఎక్కువ పెంచండి.",pending,
curriculumPlan.days.d24.title,Peak Mastery — Regression Elimination,శిఖరం — వెనక్కి చూడటం ఆపడం,pending,
curriculumPlan.days.d24.focus,Reduce backward eye movements while reading.,చదివేటప్పుడు కళ్లు వెనక్కి వెళ్లడం తగ్గించండి.,pending,
curriculumPlan.days.d25.title,Peak Mastery — Speed Ceiling,శిఖరం — వేగ పరిమితి,pending,
curriculumPlan.days.d25.focus,Raise your reading speed ceiling with focused RSVP training.,RSVP శిక్షణతో మీ గరిష్ఠ చదువు వేగాన్ని పెంచండి.,pending,
curriculumPlan.days.d26.title,Peak Mastery — Phrase Fluency,శిఖరం — పదబంధాల్లో సాఫీగా చదవడం,pending,
curriculumPlan.days.d26.focus,"Read in idea-sized phrases, not single words.",ఒక్కో పదానికి బదులు ఒక ఆలోచనంత పదబంధాలుగా చదవండి.,pending,
curriculumPlan.days.d27.title,Peak Mastery — Multi-Line Flow,శిఖరం — అనేక వరుసల ప్రవాహం,pending,
curriculumPlan.days.d27.focus,Extend fluency across multiple lines at once.,ఒకేసారి అనేక వరుసల్లో సాఫీగా చదవడాన్ని విస్తరించండి.,pending,
curriculumPlan.days.d28.title,Peak Mastery — Sentence Mastery,శిఖరం — వాక్య నైపుణ్యం,pending,
curriculumPlan.days.d28.focus,Recognize whole sentences as single ideas.,మొత్తం వాక్యాన్ని ఒకే ఆలోచనగా గుర్తించండి.,pending,
curriculumPlan.days.d29.title,Peak Mastery — Paragraph Mastery,శిఖరం — పేరా నైపుణ్యం,pending,
curriculumPlan.days.d29.focus,Recognize whole paragraphs as single meaning blocks.,మొత్తం పేరాను ఒకే అర్థ భాగంగా గుర్తించండి.,pending,
curriculumPlan.days.d30.title,Final Certification,తుది సర్టిఫికేషన్,pending,
curriculumPlan.days.d30.focus,Complete your final WPM and comprehension assessment and claim your Sharp Brain certification.,"మీ తుది WPM మరియు అవగాహన అంచనా పూర్తి చేసి, మీ Sharp Brain సర్టిఫికెట్ పొందండి.",pending,
curriculumPlan.phases.p1.title,Foundation & Visual Warm-Up,పునాది & కంటి వార్మ్-అప్,pending,
curriculumPlan.phases.p1.description,"Establish a true baseline, build core eye control, and wake up the visual reading system.","నిజమైన ప్రారంభ కొలత తీసుకుని, కంటి మూల నియంత్రణ పెంచి, దృశ్య చదువు వ్యవస్థను మేల్కొలపండి.",pending,
curriculumPlan.phases.p2.title,Visual Focus & Inner Voice Control,దృశ్య ఫోకస్ & లోపలి గొంతుపై నియంత్రణ,pending,
curriculumPlan.phases.p2.description,"Deepen visual, non-verbal recall and break the habit of silently voicing every word.","పదాలు లేకుండా చూసి గుర్తుంచుకోవడాన్ని లోతుగా చేసి, ప్రతి పదాన్ని మనసులో పలికే అలవాటును వదిలించుకోండి.",pending,
curriculumPlan.phases.p3.title,Multi-Sensory Visualisation & Mental Mastery,బహు-ఇంద్రియ ఊహ & మనసుపై పట్టు,pending,
curriculumPlan.phases.p3.description,Train vivid multi-sensory visualization and sustained focus.,స్పష్టమైన బహు-ఇంద్రియ ఊహ మరియు దీర్ఘ శ్రద్ధను ప్రాక్టీస్ చేయండి.,pending,
curriculumPlan.phases.p4.title,Peak Smart Reading Mastery & Final Certification,Smart Reading శిఖరం & తుది సర్టిఫికేషన్,pending,
curriculumPlan.phases.p4.description,Push every skill to its ceiling and complete the final mastery certification.,ప్రతి నైపుణ్యాన్ని దాని గరిష్ఠ స్థాయికి తీసుకెళ్లి తుది సర్టిఫికేషన్ పూర్తి చేయండి.,pending,
dashboard.greeting.morning,Good morning,శుభోదయం,pending,
dashboard.greeting.afternoon,Good afternoon,శుభ మధ్యాహ్నం,pending,
dashboard.greeting.evening,Good evening,శుభ సాయంత్రం,pending,
dashboard.greeting.welcomeBack,Welcome back,మళ్లీ స్వాగతం,pending,
dashboard.greeting.line,"{greeting}, {name}","{greeting}, {name}",pending,
dashboard.greeting.fallbackName,there,మిత్రమా,pending,
dashboard.eyeFoundation.complete,Eye Foundation Module complete — keep the momentum going.,Eye Foundation మాడ్యూల్ పూర్తయింది — ఇదే వేగం కొనసాగించండి.,pending,
dashboard.eyeFoundation.progress,{percent}% through the Eye Foundation Module.,Eye Foundation మాడ్యూల్‌లో {percent}% పూర్తయింది.,pending,
dashboard.documentStudio.eyebrow,Tier 1 · Utility Hub,స్థాయి 1 · ఉపయోగ కేంద్రం,pending,
dashboard.documentStudio.description,"Drop any PDF, textbook or research paper. Our AI turns it into Smart Reading drills, Mind Maps and Neural Map Notes.","ఏ PDF, పాఠ్యపుస్తకం లేదా పరిశోధన పత్రాన్నైనా వేయండి. మా AI దాన్ని Smart Reading డ్రిల్స్, Mind Maps మరియు Neural Map Notes గా మారుస్తుంది.",pending,
dashboard.flagship.eyebrow,Tier 3 · Flagship Program,స్థాయి 3 · ప్రధాన ప్రోగ్రామ్,pending,
dashboard.flagship.description,A structured 30-day path with live classes.,లైవ్ క్లాసులతో 30 రోజుల క్రమబద్ధమైన దారి.,pending,
dashboard.mindScore.breakdown,Mind Score breakdown,Mind Score వివరాలు,pending,
dashboard.mindScore.reading,Reading,చదువు,pending,
dashboard.mindScore.memory,Memory,జ్ఞాపకశక్తి,pending,
dashboard.mindScore.focus,Focus,ఫోకస్,pending,
dashboard.streak.one,Current streak: {count} day,వరుస రోజులు: {count} రోజు,pending,
dashboard.streak.many,Current streak: {count} days,వరుస రోజులు: {count} రోజులు,pending,
dashboard.curriculumCard.progress,Your curriculum progress,మీ కోర్సు పురోగతి,pending,
dashboard.curriculumCard.dayTheme,Day {day} — {title},రోజు {day} — {title},pending,
dashboard.curriculumCard.readyDay1,Ready to begin Day 1,రోజు 1 మొదలుపెట్టడానికి సిద్ధం,pending,
dashboard.curriculumCard.percentComplete,{percent}% of the 30 days complete,30 రోజుల్లో {percent}% పూర్తి,pending,
dashboard.curriculumCard.openCurriculum,Open curriculum,కోర్సు తెరవండి,pending,
dashboard.curriculumCard.continueDay,Continue Day {day},రోజు {day} కొనసాగించండి,pending,
dashboard.curriculumCard.startDay1,Start Day 1,రోజు 1 మొదలుపెట్టండి,pending,
dashboard.viewToggle.student,Student view,విద్యార్థి వీక్షణ,pending,
dashboard.viewToggle.parent,Parent analytics,తల్లిదండ్రుల విశ్లేషణ,pending,
dashboard.habit.journeyDay,Day {day} of your {program}.,మీ {program} లో రోజు {day}.,pending,
dashboard.habit.programOutcome,"Read faster with understanding, focus longer, remember more — measured from your own Day 1 to Day 30.","అర్థం చేసుకుంటూ వేగంగా చదవండి, ఎక్కువసేపు ఫోకస్ చేయండి, ఎక్కువ గుర్తుంచుకోండి — మీ సొంత రోజు 1 నుంచి రోజు 30 వరకు కొలుస్తాము.",pending,
dashboard.habit.programFormat,Online · 7 live classes + 30 days of app practice.,ఆన్‌లైన్ · 7 లైవ్ క్లాసులు + 30 రోజుల యాప్ ప్రాక్టీస్.,pending,
dashboard.journeyCard.skills,Reading · Quick Choice · Visual Focus · Visualisation,చదువు · త్వరిత ఎంపిక · దృష్టి ఫోకస్ · ఊహ,pending,
dashboard.journeyCard.continue,Continue →,కొనసాగించండి →,pending,
dashboard.journeyCard.begin,Begin →,మొదలుపెట్టండి →,pending,
dashboard.journeyCard.dayCompleted,"Day {day}, completed","రోజు {day}, పూర్తయింది",pending,
dashboard.journeyCard.dayUnlocked,"Day {day}, unlocked","రోజు {day}, తెరిచి ఉంది",pending,
dashboard.journeyCard.dayLocked,"Day {day}, locked, part of the {program}","రోజు {day}, లాక్ అయింది, {program} లో భాగం",pending,
docWidget.badge,Document Mastery Studio,Document Mastery Studio,pending,
docWidget.includedWith,Included with the {program},{program} లో భాగం,pending,
docWidget.unlockTitle,Unlock Document Mastery Studio,Document Mastery Studio తెరవండి,pending,
docWidget.unlockDesc,"Included with the {program} — turn any PDF, textbook or article into speed-reading drills, mind maps and smart summaries.","{program} లో భాగం — ఏ PDF, పాఠ్యపుస్తకం లేదా వ్యాసాన్నైనా స్పీడ్-రీడింగ్ డ్రిల్స్, మైండ్ మ్యాప్స్ మరియు స్మార్ట్ సారాంశాలుగా మార్చండి.",pending,
docWidget.steps.readingDocument,Reading document content…,డాక్యుమెంట్ చదువుతోంది…,pending,
docWidget.steps.buildingNotes,Building Neural Map Notes & AI Summary…,Neural Map Notes & AI సారాంశం తయారవుతోంది…,pending,
docWidget.steps.preparingSession,Preparing your session…,మీ సెషన్ సిద్ధమవుతోంది…,pending,
docWidget.steps.fetchingArticle,Fetching article content…,వ్యాసం తెస్తోంది…,pending,
docWidget.steps.fetchingTranscript,Fetching transcript…,ట్రాన్స్‌క్రిప్ట్ తెస్తోంది…,pending,
docWidget.steps.generatingMaps,Generating mind maps…,మైండ్ మ్యాప్స్ తయారవుతున్నాయి…,pending,
docWidget.previewOf,Preview of {name},{name} ప్రివ్యూ,pending,
docWidget.replaceFile,Replace {name},{name} మార్చండి,pending,
docWidget.removeFile,Remove {name},{name} తీసివేయండి,pending,
docWidget.generateIn,Generate in,ఈ భాషలో తయారు చేయండి,pending,
docWidget.generateInLabel,Language for generated study material,తయారయ్యే అధ్యయన విషయం భాష,pending,
docWidget.inputMethod,Choose input method,పద్ధతి ఎంచుకోండి,pending,
docWidget.uploadFile,Upload file,ఫైల్ అప్‌లోడ్ చేయండి,pending,
docWidget.pasteUrl,Paste URL / YouTube,URL / YouTube పేస్ట్ చేయండి,pending,
docWidget.urlPlaceholder,"Paste a YouTube video, article or web link…","YouTube వీడియో, వ్యాసం లేదా వెబ్ లింక్ పేస్ట్ చేయండి…",pending,
docWidget.urlLabel,"YouTube video, article or web link","YouTube వీడియో, వ్యాసం లేదా వెబ్ లింక్",pending,
docWidget.transformUrl,Transform URL,URL మార్చండి,pending,
docWidget.somethingWrong,Something went wrong. Please try again.,ఏదో తప్పు జరిగింది. దయచేసి మళ్లీ ప్రయత్నించండి.,pending,
docWidget.youtubeVideo,YouTube video,YouTube వీడియో,pending,
docWidget.webArticle,Web article,వెబ్ వ్యాసం,pending,
docWidget.uploadDocument,Upload a document,డాక్యుమెంట్ అప్‌లోడ్ చేయండి,pending,
docWidget.uploadHint,PDF · Word · Text · Image — tap or drop,PDF · Word · టెక్స్ట్ · చిత్రం — ట్యాప్ చేయండి లేదా వదలండి,pending,
docWidget.recentDocument,Recent document,ఇటీవలి డాక్యుమెంట్,pending,
docWidget.fileTooLarge,This file is too large for instant processing. Please choose a file up to {size}.,ఈ ఫైల్ తక్షణ ప్రాసెసింగ్‌కు చాలా పెద్దది. దయచేసి {size} వరకు ఉన్న ఫైల్ ఎంచుకోండి.,pending,
docWidget.transformFile,Transform into study material,అధ్యయన విషయంగా మార్చండి,pending,
docWidget.dropTitle,"Drop PDFs, Word files, text files or images/notes here","PDF, Word ఫైల్, టెక్స్ట్ ఫైల్ లేదా చిత్రాలు/నోట్స్ ఇక్కడ వదలండి",pending,
docWidget.dropSubtitle,or click to browse,లేదా ఎంచుకోవడానికి క్లిక్ చేయండి,pending,
docWidget.dropHelper,PDF · Word (.docx) · Text · PNG/JPEG,PDF · Word (.docx) · టెక్స్ట్ · PNG/JPEG,pending,
docWidget.cancelUpload,Cancel upload,అప్‌లోడ్ రద్దు చేయండి,pending,
docWidget.preparingProject,Preparing your Learning Project…,మీ Learning Project సిద్ధమవుతోంది…,pending,
docWidget.uploading,Uploading… {percent}%,అప్‌లోడ్ అవుతోంది… {percent}%,pending,
docWidget.dropDefaultTitle,Bring your knowledge here,మీ జ్ఞానాన్ని ఇక్కడికి తీసుకురండి,pending,
docWidget.historyTitle,Document History™,Document History™,pending,
docWidget.historyDesc,"Reopen a past upload — no new AI call, no extra cost.","పాత అప్‌లోడ్‌ను మళ్లీ తెరవండి — కొత్త AI కాల్ లేదు, అదనపు ఖర్చు లేదు.",pending,
docWidget.historyEmpty,No documents yet — transform your first one to see it here.,ఇంకా డాక్యుమెంట్లు లేవు — మొదటిదాన్ని మార్చితే ఇక్కడ కనిపిస్తుంది.,pending,
enrol.enrolNow,Enrol now · {price},ఇప్పుడే చేరండి · {price},pending,
enrol.earlyBirdFor,Early-bird for the {date} batch,{date} బ్యాచ్‌కు ఎర్లీ-బర్డ్ ధర,pending,
enrol.endsIn,ends in,ముగియడానికి,pending,
enrol.endsOn,Ends {deadline},{deadline} వరకు,pending,
enrol.regularLine,Next batch starts {date},తదుపరి బ్యాచ్ {date} నుండి,pending,
enrol.oneTime,One-time payment,ఒక్కసారి చెల్లింపు,pending,
enrol.perDay,≈ {price} a day for 30 days,30 రోజులకు రోజుకు సుమారు {price},pending,
enrol.chooseBatch,Choose your batch,మీ బ్యాచ్ ఎంచుకోండి,pending,
enrol.batchOption,Starts {date},{date} నుండి ప్రారంభం,pending,
enrol.earlyBirdTag,Early-bird,ఎర్లీ-బర్డ్,pending,
enrol.offerTag,Your test offer,మీ టెస్ట్ ఆఫర్,pending,
enrol.seatsLeft,{n} seats per batch,ప్రతి బ్యాచ్‌లో {n} సీట్లు,pending,
enrol.redirecting,Opening secure checkout…,సురక్షిత చెల్లింపు పేజీ తెరుచుకుంటోంది…,pending,
enrol.emailLabel,Your email,మీ ఇమెయిల్,pending,
enrol.emailHint,Use the email you will sign in to the app with — your access is linked to it.,యాప్‌లో సైన్ ఇన్ చేసే ఇమెయిల్‌నే ఇవ్వండి — మీ యాక్సెస్ దానికే లింక్ అవుతుంది.,pending,
enrol.nameLabel,Name (optional),పేరు (ఐచ్ఛికం),pending,
enrol.secure,Secure checkout via Razorpay,Razorpay ద్వారా సురక్షిత చెల్లింపు,pending,
enrol.errors.invalid_email,Please enter a valid email address.,దయచేసి సరైన ఇమెయిల్ చిరునామా ఇవ్వండి.,pending,
enrol.errors.batch_closed,That batch has just closed for enrolment. Please choose the next one.,ఆ బ్యాచ్ నమోదు ఇప్పుడే ముగిసింది. దయచేసి తదుపరి బ్యాచ్ ఎంచుకోండి.,pending,
enrol.errors.unavailable,Online checkout is not available for this price right now. Please message us on WhatsApp and we will send your payment link.,"ఈ ధరకు ఇప్పుడు ఆన్‌లైన్ చెల్లింపు అందుబాటులో లేదు. దయచేసి WhatsAppలో సందేశం పంపండి, మేము చెల్లింపు లింక్ పంపుతాము.",pending,
enrol.errors.rate_limited,Too many attempts. Please wait a minute and try again.,చాలా ప్రయత్నాలు. ఒక నిమిషం ఆగి మళ్ళీ ప్రయత్నించండి.,pending,
enrol.whatsappEnrol,"Hi, I want to enrol in the Sharp Brain 30-Day Program (batch starting {date}, {price}). Please send me the payment link.","నమస్కారం, నేను Sharp Brain 30-రోజుల ప్రోగ్రామ్‌లో చేరాలనుకుంటున్నాను ({date} నుండి ప్రారంభమయ్యే బ్యాచ్, {price}). దయచేసి చెల్లింపు లింక్ పంపండి.",pending,
enrol.chatOnWhatsapp,Chat on WhatsApp,WhatsAppలో మాట్లాడండి,pending,
enrol.units.d,d,రో,pending,
enrol.units.h,h,గం,pending,
enrol.units.m,m,ని,pending,
enrol.units.s,s,సె,pending,
exercises.exit,Exit,బయటకు వెళ్లండి,pending,
exercises.exitExercise,Exit exercise,వ్యాయామం నుంచి బయటకు వెళ్లండి,pending,
exercises.whyItWorks,Why this drill works,ఈ డ్రిల్ ఎందుకు పనిచేస్తుంది,pending,
exercises.locked.title,{title} is locked,{title} లాక్ అయింది,pending,
exercises.locked.body,These exercises build on each other in order. Finish the ones before this one first.,ఈ వ్యాయామాలు ఒకదాని తర్వాత ఒకటి క్రమంగా పెరుగుతాయి. ముందుగా దీనికి ముందున్నవి పూర్తి చేయండి.,pending,
exercises.locked.goTo,Go to {name},{name} కు వెళ్లండి,pending,
exercises.locked.backToLab,Back to Lab,Lab కు తిరిగి వెళ్లండి,pending,
exercises.rsvp.mode,RSVP Mode™,RSVP Mode™,pending,
exercises.rsvp.speed,Speed: {wpm} WPM,వేగం: {wpm} WPM,pending,
exercises.questions.correct,Correct!,సరైనది!,pending,
exercises.questions.notQuite,Not quite — it was “{answer}”.,కొంచెంలో తప్పింది — సరైన జవాబు “{answer}”.,pending,
exercises.stats.round,Round,రౌండ్,pending,
exercises.stats.score,Score,స్కోర్,pending,
exercises.stats.streak,Streak,వరుస సరైనవి,pending,
exercises.stats.accuracy,Accuracy,ఖచ్చితత్వం,pending,
exercises.stats.time,Time,సమయం,pending,
exercises.stats.energy,Energy,శక్తి,pending,
exercises.stats.stability,Stability,స్థిరత్వం,pending,
exercises.stats.hitRate,Hit rate,సరైన లక్ష్యాలు,pending,
exercises.stats.bestScore,Best score,అత్యుత్తమ స్కోర్,pending,
exercises.stats.elapsed,{time} elapsed,{time} గడిచింది,pending,
exercises.stats.streakMultiplier,Streak multiplier ×{n},వరుస సరైనవాటి గుణకం ×{n},pending,
exercises.stats.bestStreak,Best streak,అతి పొడవైన వరుస,pending,
exercises.stats.bestAccuracyAllTime,Best accuracy (all-time),ఇప్పటివరకు అత్యుత్తమ ఖచ్చితత్వం,pending,
exercises.stats.bestStreakAllTime,Best streak (all-time),ఇప్పటివరకు అతి పొడవైన వరుస,pending,
exercises.stats.roundsPlayed,Rounds played,ఆడిన రౌండ్లు,pending,
exercises.stats.bestScoreAllTime,Best score (all-time),ఇప్పటివరకు అత్యుత్తమ స్కోర్,pending,
exercises.stats.level,Level,స్థాయి,pending,
exercises.stats.lives,Lives,అవకాశాలు,pending,
exercises.stats.points,Points,పాయింట్లు,pending,
exercises.stats.totalPoints,Total points,మొత్తం పాయింట్లు,pending,
exercises.stats.speed,Speed,వేగం,pending,
exercises.stats.wpm,WPM,WPM,pending,
exercises.stats.comprehension,Comprehension,అవగాహన,pending,
exercises.stats.readingPace,Reading pace,చదువు వేగం,pending,
exercises.stats.targetWpm,Target WPM,లక్ష్య WPM,pending,
exercises.stats.warmingUp,Warming up…,సిద్ధమవుతోంది…,pending,
exercises.stats.wpmValue,{wpm} wpm,{wpm} wpm,pending,
exercises.complete.sprintComplete,Sprint complete.,రౌండ్ పూర్తయింది.,pending,
exercises.complete.playAgain,Play again,మళ్లీ ఆడండి,pending,
exercises.complete.backToLab,Back to Lab,Lab కు తిరిగి వెళ్లండి,pending,
exercises.complete.continue,Continue,కొనసాగించండి,pending,
exercises.complete.continueSession,Continue session →,సెషన్ కొనసాగించండి →,pending,
exercises.complete.sessionComplete,Session complete,సెషన్ పూర్తయింది,pending,
exercises.start,Start,మొదలుపెట్టండి,pending,
exercises.colorSync.desc,A colour name flashes in a different ink colour. Tap the colour that matches the WORD or the INK — the round tells you which.,ఒక రంగు పేరు వేరే రంగు సిరాలో మెరుస్తుంది. పదానికి లేదా సిరాకు సరిపోయే రంగును ట్యాప్ చేయండి — దేన్ని ఎంచుకోవాలో ప్రతి రౌండ్ చెబుతుంది.,pending,
exercises.colorSync.why,"This trains the classic Stroop conflict — your brain learns to stop reading the word on autopilot and follow the instruction instead. You get just {seconds}s per round, a streak multiplier, and a bonus for fast correct answers. {rounds} rounds per sprint — half ask for the word, half for the ink.","ఇది Stroop గందరగోళ ప్రాక్టీస్ — పదాన్ని ఆటోమేటిక్‌గా చదవడానికి బదులు సూచనను పాటించడం మీ మెదడు నేర్చుకుంటుంది. ప్రతి రౌండ్‌కు కేవలం {seconds} సెకన్లు, వరుస సరైనవాటికి గుణకం, వేగంగా సరైన జవాబుకు బోనస్. ప్రతిసారీ {rounds} రౌండ్లు — సగం పదానికి, సగం సిరాకు.",pending,
exercises.colorSync.matchWord,Match the WORD it spells,పదం చెప్పే రంగును ఎంచుకోండి,pending,
exercises.colorSync.matchInk,Match the INK colour,సిరా రంగును ఎంచుకోండి,pending,
exercises.colorSync.stimulusLabel,the word {word} painted in {ink} ink,"{word} అనే పదం, {ink} రంగు సిరాలో",pending,
exercises.colorSync.correctPoints,Correct! +{points} points,సరైనది! +{points} పాయింట్లు,pending,
exercises.colorSync.correctPointsFast,Correct! +{points} points (fast bonus!),సరైనది! +{points} పాయింట్లు (వేగ బోనస్!),pending,
exercises.colorSync.notQuite,Not quite — it was {answer}.,కొంచెంలో తప్పింది — సరైనది {answer}.,pending,
exercises.colorSync.answer,Answer: {answer},జవాబు: {answer},pending,
exercises.colorSync.complete,Sync complete,రౌండ్ పూర్తయింది,pending,
exercises.colorSync.nice,Nice colour-word control.,రంగు-పదంపై మంచి నియంత్రణ.,pending,
exercises.colorSync.flawless,Flawless sync! +{bonus} bonus included.,పూర్తిగా సరైనది! +{bonus} బోనస్ కలిపాము.,pending,
exercises.colorSync.syncAccuracy,Sync accuracy,ఖచ్చితత్వం,pending,
exercises.colorSync.correctMatches,Correct matches,సరైన జతలు,pending,
exercises.colorSync.totalPoints,Total points,మొత్తం పాయింట్లు,pending,
exercises.colorSync.bestStreak,Best streak,అతి పొడవైన వరుస,pending,
exercises.colorSync.fastestReaction,Fastest reaction,అతి వేగమైన స్పందన,pending,
exercises.colorSync.bestAccuracyAllTime,Best accuracy (all-time),ఇప్పటివరకు అత్యుత్తమ ఖచ్చితత్వం,pending,
exercises.colorSync.bestStreakAllTime,Best streak (all-time),ఇప్పటివరకు అతి పొడవైన వరుస,pending,
exercises.runner.previous,Previous,మునుపటిది,pending,
exercises.runner.exitToLab,Exit to Lab,Lab కు వెళ్లండి,pending,
exercises.runner.continueTo,Continue: {name},తర్వాత: {name},pending,
exercises.runner.backToDashboard,Back to Dashboard,డాష్‌బోర్డ్‌కు తిరిగి వెళ్లండి,pending,
exercises.defs.eye-stretch.description,Let's gently extend how far your eyes can comfortably move — a wider range means fewer stops and starts as you read.,మీ కళ్లు సౌకర్యంగా ఎంత దూరం కదలగలవో మెల్లగా పెంచుదాం — ఎక్కువ పరిధి అంటే చదివేటప్పుడు తక్కువ ఆగడం.,pending,
exercises.defs.eye-stretch.duration,About 45 seconds,సుమారు 45 సెకన్లు,pending,
exercises.defs.eye-stretch.posture,"Sit comfortably. Keep your head still — glance gently, then return to center.","సౌకర్యంగా కూర్చోండి. తల కదపకండి — మెల్లగా చూసి, మళ్లీ మధ్యకు రండి.",pending,
exercises.defs.eye-stretch.doneTitle,You're stretched and ready.,"కళ్లు సడలాయి, మీరు సిద్ధం.",pending,
exercises.defs.eye-stretch.doneLine,Gently done — your eyes have a little more room now.,మెల్లగా పూర్తయింది — ఇప్పుడు మీ కళ్లకు కొంచెం ఎక్కువ చోటు దొరికింది.,pending,
exercises.defs.regression-control.description,"Let's practice moving steadily forward, without looking back.","వెనక్కి చూడకుండా, స్థిరంగా ముందుకు వెళ్లడం ప్రాక్టీస్ చేద్దాం.",pending,
exercises.defs.regression-control.duration,About 35 seconds,సుమారు 35 సెకన్లు,pending,
exercises.defs.regression-control.posture,Sit comfortably. Follow the lead point forward — there's no need to check back.,సౌకర్యంగా కూర్చోండి. ముందుకు వెళ్లే బిందువును అనుసరించండి — వెనక్కి చూడాల్సిన అవసరం లేదు.,pending,
exercises.defs.regression-control.doneTitle,You kept moving forward.,మీరు ముందుకే వెళ్లారు.,pending,
exercises.defs.regression-control.doneLine,No backtracking needed — that forward ease is exactly what we're building.,వెనక్కి వెళ్లాల్సిన అవసరం రాలేదు — ఇదే సులభమైన ముందడుగును మేము పెంచుతున్నాం.,pending,
exercises.defs.reading-speed.description,"Let's build a smooth, comfortable reading rhythm.","సాఫీగా, సౌకర్యంగా ఉండే చదువు లయను పెంచుదాం.",pending,
exercises.defs.reading-speed.duration,About 35 seconds,సుమారు 35 సెకన్లు,pending,
exercises.defs.reading-speed.posture,Sit comfortably. Read each line naturally as it's highlighted — no need to rush.,సౌకర్యంగా కూర్చోండి. ప్రతి వరుస మెరిసినప్పుడు సహజంగా చదవండి — తొందర వద్దు.,pending,
exercises.defs.reading-speed.doneTitle,That's a comfortable reading rhythm.,ఇది సౌకర్యమైన చదువు లయ.,pending,
exercises.defs.reading-speed.doneLine,Smooth and steady — that's exactly the foundation we're building on.,"సాఫీగా, స్థిరంగా — ఈ పునాదిపైనే మనం ముందుకు వెళ్తాం.",pending,
exercises.defs.fixation-reduction.description,Let's train your eyes to cover the same line in fewer stops.,అదే వరుసను తక్కువ ఆగడాలతో చదవడం కళ్లకు నేర్పుదాం.,pending,
exercises.defs.fixation-reduction.duration,About 40 seconds,సుమారు 40 సెకన్లు,pending,
exercises.defs.fixation-reduction.posture,"Sit comfortably. Follow the highlighted point — let your eyes jump, not drift.","సౌకర్యంగా కూర్చోండి. మెరిసే బిందువును అనుసరించండి — కళ్లు దూకాలి, తిరగకూడదు.",pending,
exercises.defs.fixation-reduction.doneTitle,You're covering more ground per glance.,ఒక్క చూపులో ఎక్కువ చదువుతున్నారు.,pending,
exercises.defs.fixation-reduction.doneLine,"Fewer stops, same line — that ease will carry into your reading.","తక్కువ ఆగడాలు, అదే వరుస — ఈ సులువు మీ చదువులోకీ వస్తుంది.",pending,
exercises.defs.eye-span.description,"Let's see how much your eyes can take in at once, without moving them.",కళ్లు కదపకుండా ఒకేసారి ఎంత చూడగలరో చూద్దాం.,pending,
exercises.defs.eye-span.duration,About 45 seconds,సుమారు 45 సెకన్లు,pending,
exercises.defs.eye-span.posture,Sit comfortably. Keep your eyes on the center dot — let things appear around it.,సౌకర్యంగా కూర్చోండి. చూపును మధ్య బిందువుపై ఉంచండి — దాని చుట్టూ వస్తువులు కనిపిస్తాయి.,pending,
exercises.defs.eye-span.doneTitle,You're noticing more.,మీరు ఎక్కువ గమనిస్తున్నారు.,pending,
exercises.defs.eye-span.doneLine,Calm and steady — your glance is widening.,"ప్రశాంతంగా, స్థిరంగా — మీ చూపు పరిధి పెరుగుతోంది.",pending,
exercises.defs.eye-warm-up.description,Let's loosen up your eyes before we begin — relaxed eye muscles move faster and tire less during reading.,"మొదలుపెట్టే ముందు కళ్లను సడలిద్దాం — సడలిన కళ్లు చదివేటప్పుడు వేగంగా కదులుతాయి, తక్కువ అలసిపోతాయి.",pending,
exercises.defs.eye-warm-up.duration,About 45 seconds,సుమారు 45 సెకన్లు,pending,
exercises.defs.eye-warm-up.posture,Sit comfortably. Keep your head still — let your eyes do the moving.,సౌకర్యంగా కూర్చోండి. తల కదపకండి — కళ్లు మాత్రమే కదలాలి.,pending,
exercises.defs.eye-warm-up.doneTitle,You're warmed up.,కళ్లు సిద్ధం.,pending,
exercises.defs.eye-warm-up.doneLine,Nice and easy — your eyes are ready.,"మెల్లగా, సులువుగా — మీ కళ్లు సిద్ధంగా ఉన్నాయి.",pending,
exercises.defs.rsvp.description,"Let's practice recognizing single words at a fixed point, without moving your eyes.","కళ్లు కదపకుండా, ఒకే చోట వచ్చే ఒక్కో పదాన్ని గుర్తించడం ప్రాక్టీస్ చేద్దాం.",pending,
exercises.defs.rsvp.duration,About 45 seconds,సుమారు 45 సెకన్లు,pending,
exercises.defs.rsvp.posture,Sit comfortably. Keep your eyes still — let each word arrive and go without chasing it.,"సౌకర్యంగా కూర్చోండి. కళ్లు కదపకండి — ప్రతి పదం వచ్చి వెళ్లనివ్వండి, దాని వెంట పడకండి.",pending,
exercises.defs.rsvp.doneTitle,You stayed calm and steady.,"మీరు ప్రశాంతంగా, స్థిరంగా ఉన్నారు.",pending,
exercises.defs.rsvp.doneLine,That's the skill — recognizing words without anxiety about catching every one.,ఇదే నైపుణ్యం — ప్రతి పదాన్నీ పట్టుకోవాలన్న ఆందోళన లేకుండా పదాలను గుర్తించడం.,pending,
exercises.dotMemory.desc,"A group of glowing dots flashes on the grid — remember where they are, then tap them from memory. {rounds} rounds, each a little harder than the last.","గ్రిడ్‌పై మెరిసే చుక్కల గుంపు కనిపిస్తుంది — అవి ఎక్కడ ఉన్నాయో గుర్తుంచుకుని, తర్వాత జ్ఞాపకంతో ట్యాప్ చేయండి. {rounds} రౌండ్లు, ప్రతిదీ మునుపటిదానికంటే కొంచెం కష్టం.",pending,
exercises.dotMemory.memorize,Remember the glowing dots.,మెరిసే చుక్కలను గుర్తుంచుకోండి.,pending,
exercises.dotMemory.recall,Tap the cells you remember.,గుర్తున్న గళ్లను ట్యాప్ చేయండి.,pending,
exercises.dotMemory.nice,Nice spatial recall.,స్థల జ్ఞాపకం బాగుంది.,pending,
exercises.wordFlash.desc,"Short words flash quickly on the grid. Remember where each one was and what it said, then pick each one.","చిన్న పదాలు గ్రిడ్‌పై వేగంగా మెరుస్తాయి. ప్రతి పదం ఎక్కడ ఉందో, ఏమిటో గుర్తుంచుకుని, తర్వాత ఒక్కొక్కటి ఎంచుకోండి.",pending,
exercises.wordFlash.memorize,Remember the words and their cells.,"పదాలను, వాటి గళ్లను గుర్తుంచుకోండి.",pending,
exercises.wordFlash.pickWord,Pick the word you remember for that cell.,ఆ గడికి గుర్తున్న పదాన్ని ఎంచుకోండి.,pending,
exercises.wordFlash.tapCell,"Tap a cell you remember, then pick its word.","గుర్తున్న గడిని ట్యాప్ చేసి, దాని పదాన్ని ఎంచుకోండి.",pending,
exercises.wordFlash.whichWord,Cell {n}: which word was there?,గడి {n}: అక్కడ ఏ పదం ఉంది?,pending,
exercises.wordFlash.nice,Nice word-and-place recall.,పదం-స్థలం జ్ఞాపకం బాగుంది.,pending,
exercises.common.gridSize,Grid size,గ్రిడ్ పరిమాణం,pending,
exercises.common.gridCell,Grid cell {n},గ్రిడ్ గడి {n},pending,
exercises.common.missed,Here is what you missed.,మీరు మిస్ అయినవి ఇవి.,pending,
exercises.common.correctPlacements,Correct placements,సరైన స్థానాలు,pending,
exercises.common.preparing,Preparing…,సిద్ధమవుతోంది…,pending,
exercises.common.finish,Finish,పూర్తి చేయండి,pending,
exercises.calmBalance.desc,"Two opposite energies — heavy Earth & Gold and light Air & Water — pull against each other. Hold “Ground It” or “Lift It” to stop the drift and keep them in balance. {rounds} rounds, each with a tighter balance and a stronger drift than the last.","రెండు వ్యతిరేక శక్తులు — బరువైన భూమి & బంగారం, తేలికైన గాలి & నీరు — ఒకదాన్నొకటి లాగుతాయి. జారడం ఆపి సమతుల్యం నిలపడానికి “కిందకు దించండి” లేదా “పైకి లేపండి” నొక్కి పట్టుకోండి. {rounds} రౌండ్లు, ప్రతిదాంట్లో సమతుల్యం మరింత కఠినం, జారడం మరింత బలం.",pending,
exercises.calmBalance.holdGround,Hold Ground It to correct,సరిచేయడానికి “కిందకు దించండి” నొక్కి పట్టుకోండి,pending,
exercises.calmBalance.holdLift,Hold Lift It to correct,సరిచేయడానికి “పైకి లేపండి” నొక్కి పట్టుకోండి,pending,
exercises.calmBalance.balanced,Perfectly balanced,పూర్తి సమతుల్యం,pending,
exercises.calmBalance.earthGold,Earth & Gold,భూమి & బంగారం,pending,
exercises.calmBalance.energyBeam,Energy Beam,శక్తి రేఖ,pending,
exercises.calmBalance.airWater,Air & Water,గాలి & నీరు,pending,
exercises.calmBalance.groundIt,⬇ Ground It,⬇ కిందకు దించండి,pending,
exercises.calmBalance.liftIt,⬆ Lift It,⬆ పైకి లేపండి,pending,
exercises.calmBalance.harmony,Harmony achieved,సమతుల్యం సాధించారు,pending,
exercises.calmBalance.harmonyLine,"{rounds} rounds of Earth, Gold, Air & Water — balanced.","భూమి, బంగారం, గాలి & నీటి {rounds} రౌండ్లు — సమతుల్యంగా.",pending,
exercises.calmBalance.overallStability,Overall stability,మొత్తం స్థిరత్వం,pending,
exercises.calmBalance.perfectRoundStreak,Perfect round streak,వరుస పర్ఫెక్ట్ రౌండ్లు,pending,
exercises.calmBalance.balanceTime,Balance time,సమతుల్య సమయం,pending,
exercises.calmBalance.bestStabilityAllTime,Best stability (all-time),ఇప్పటివరకు అత్యుత్తమ స్థిరత్వం,pending,
exercises.sound.soundscapeOn,Soundscape on,నేపథ్య శబ్దం ఆన్,pending,
exercises.sound.soundscapeOff,Soundscape off,నేపథ్య శబ్దం ఆఫ్,pending,
exercises.sound.mute,Mute,శబ్దం ఆపండి,pending,
exercises.sound.unmute,Unmute,శబ్దం ఆన్ చేయండి,pending,
exercises.sound.volume,Volume,శబ్ద స్థాయి,pending,
exercises.sound.volumeLabel,Ambient soundscape volume,నేపథ్య శబ్ద స్థాయి,pending,
exercises.sound.pause,Pause,ఆపండి,pending,
exercises.sound.resume,Resume,కొనసాగించండి,pending,
exercises.sound.restart,Restart,మళ్లీ మొదలుపెట్టండి,pending,
exercises.innerVoice.desc,A very fast stream of words — faster than your inner voice can keep up with. 3 quick questions then check what you remember.,చాలా వేగమైన పదాల ప్రవాహం — మీ లోపలి గొంతు కంటే వేగంగా. తర్వాత 3 చిన్న ప్రశ్నలు మీకు ఏం గుర్తుందో చూస్తాయి.,pending,
exercises.innerVoice.todaysReading,Today’s reading: {topic},ఈరోజు చదువు: {topic},pending,
exercises.innerVoice.reading,Reading: {topic},చదువు: {topic},pending,
exercises.innerVoice.perfect,"Perfect recall — you caught every key idea, without the inner voice.",పూర్తి జ్ఞాపకం — లోపలి గొంతు లేకుండానే ప్రతి ముఖ్య ఆలోచనను పట్టుకున్నారు.,pending,
exercises.innerVoice.solid,Good understanding — most of it stayed with you even at high speed.,మంచి అవగాహన — ఎక్కువ వేగంలో కూడా చాలావరకు గుర్తుండిపోయింది.,pending,
exercises.innerVoice.again,Worth another try — a few key ideas slipped by at this speed.,మళ్లీ ప్రయత్నించండి — ఈ వేగంలో కొన్ని ముఖ్య ఆలోచనలు జారిపోయాయి.,pending,
exercises.innerVoice.streamComplete,Fast word stream complete.,వేగమైన పదాల ప్రవాహం పూర్తయింది.,pending,
exercises.innerVoice.streamCompleteScore,Fast word stream complete — you remembered {score}/{total}.,వేగమైన పదాల ప్రవాహం పూర్తయింది — మీకు {total} లో {score} గుర్తున్నాయి.,pending,
exercises.quiz.retentionCheck,Memory check,జ్ఞాపక పరీక్ష,pending,
exercises.quiz.youScored,You scored {score} / {total},మీ స్కోర్ {score} / {total},pending,
exercises.quiz.questionOf,{topic} · Question {n} of {total},{topic} · ప్రశ్న {n} / {total},pending,
exercises.quiz.correct,Correct!,సరైనది!,pending,
exercises.quiz.notQuite,Not quite — the correct answer is shown above.,కొంచెంలో తప్పింది — సరైన జవాబు పైన చూపించాము.,pending,
exercises.quiz.seeResults,See results,ఫలితాలు చూడండి,pending,
exercises.quiz.nextQuestion,Next question,తదుపరి ప్రశ్న,pending,
exercises.quiz.continue,Continue,కొనసాగించండి,pending,
exercises.quiz.niceWork,Nice work.,బాగా చేశారు.,pending,
exercises.quiz.almostThere,Almost there.,ఇంకొంచెం.,pending,
exercises.quiz.correctOf,{correct} of {total} correct,{total} లో {correct} సరైనవి,pending,
exercises.quiz.needToContinue,{correct} of {total} correct — need {need} to continue.,{total} లో {correct} సరైనవి — కొనసాగడానికి {need} కావాలి.,pending,
exercises.quiz.nextAt,Next — {wpm} WPM,తర్వాత — {wpm} WPM,pending,
exercises.quiz.tryAgain,Try again,మళ్లీ ప్రయత్నించండి,pending,
exercises.quiz.checkUnderstanding,Check your understanding,మీ అవగాహనను పరీక్షించండి,pending,
exercises.quiz.questionN,Question {n} of {total},ప్రశ్న {n} / {total},pending,
exercises.reading.avgPace,Average reading pace,సగటు చదువు వేగం,pending,
exercises.reading.wordsRead,Words read,చదివిన పదాలు,pending,
exercises.reading.completion,Completion,పూర్తి,pending,
exercises.reading.bestRecord,Best record,అత్యుత్తమ రికార్డు,pending,
exercises.reading.bestRecordValue,{wpm} WPM,{wpm} WPM,pending,
exercises.reading.readAgain,Read again,మళ్లీ చదవండి,pending,
exercises.schulte.desc,"A 5×5 grid of mixed-up numbers. Find and tap 1 to 25 in order, as fast as you can.","కలగలిసిన సంఖ్యల 5×5 గ్రిడ్. 1 నుంచి 25 వరకు క్రమంలో, వీలైనంత వేగంగా వెతికి ట్యాప్ చేయండి.",pending,
exercises.schulte.why,A quick warm-up for visual focus and side vision before a reading session.,"చదివే ముందు దృష్టి ఫోకస్‌కు, పక్క చూపుకు ఒక చిన్న వార్మ్-అప్.",pending,
exercises.schulte.next,Next,తర్వాతిది,pending,
exercises.schulte.mistakes,Mistakes,తప్పులు,pending,
exercises.schulte.complete,Grid complete,గ్రిడ్ పూర్తయింది,pending,
exercises.schulte.nice,"Nice, focused search.","బాగుంది, శ్రద్ధగా వెతికారు.",pending,
exercises.schulte.totalTime,Total time,మొత్తం సమయం,pending,
exercises.schulte.bestTime,Best time,అత్యుత్తమ సమయం,pending,
exercises.schulte.numbersFound,Numbers found,కనుగొన్న సంఖ్యలు,pending,
exercises.result.trainingComplete,Training complete,శిక్షణ పూర్తయింది,pending,
exercises.result.activated,{ability} activated.,{ability} యాక్టివ్ అయింది.,pending,
exercises.result.correct,Correct,సరైనవి,pending,
exercises.result.speed,Speed,వేగం,pending,
exercises.result.score,Score,స్కోర్,pending,
exercises.result.avgReaction,Avg reaction,సగటు స్పందన,pending,
exercises.result.trainAgain,Train again,మళ్లీ శిక్షణ,pending,
exercises.result.continueNext,Continue to next step,తదుపరి అడుగుకు వెళ్లండి,pending,
exercises.result.backToDashboard,Back to Dashboard,డాష్‌బోర్డ్‌కు తిరిగి వెళ్లండి,pending,
exercises.result.fastest,Fastest response: {time},అతి వేగమైన స్పందన: {time},pending,
exercises.result.nextSession,Next session: {ms}ms · {level},తదుపరి సెషన్: {ms}ms · {level},pending,
exercises.result.coach.top,Excellent — both accuracy and speed are outstanding.,"అద్భుతం — ఖచ్చితత్వం, వేగం రెండూ అత్యుత్తమం.",pending,
exercises.result.coach.great,Excellent recognition.,అద్భుతమైన గుర్తింపు.,pending,
exercises.result.coach.strong,Strong performance. Your visual processing is getting sharper.,బలమైన ప్రదర్శన. మీ దృశ్య గ్రహణం పదునెక్కుతోంది.,pending,
exercises.result.coach.good,Good start. Regular practice builds the skill.,మంచి ప్రారంభం. క్రమం తప్పని ప్రాక్టీస్ నైపుణ్యాన్ని పెంచుతుంది.,pending,
exercises.result.coach.keepGoing,Keep going — it will click with repetition.,కొనసాగించండి — మళ్లీ మళ్లీ చేస్తే ఇది సులువవుతుంది.,pending,
exercises.result.rec.increase,Excellent accuracy. Next time each flash is shorter: {ms}ms.,అద్భుత ఖచ్చితత్వం. తర్వాతిసారి ప్రతి మెరుపు ఇంకా చిన్నది: {ms}ms.,pending,
exercises.result.rec.increaseDetail,You are at the {level} level. Keep it steady.,మీరు {level} స్థాయిలో ఉన్నారు. ఇలాగే స్థిరంగా ఉండండి.,pending,
exercises.result.rec.decrease,Taking more time builds stronger recognition. Next time: {ms}ms.,కొంచెం ఎక్కువ సమయం తీసుకుంటే గుర్తింపు బలపడుతుంది. తర్వాతిసారి: {ms}ms.,pending,
exercises.result.rec.decreaseDetail,Accuracy matters more than speed right now.,ఇప్పుడు వేగం కంటే ఖచ్చితత్వం ముఖ్యం.,pending,
exercises.result.rec.again,Another session at {ms}ms will make it stick.,{ms}ms వద్ద ఇంకో సెషన్ దీన్ని గట్టిపరుస్తుంది.,pending,
exercises.result.rec.againDetail,Get 70% or more regularly to move up.,ముందుకు వెళ్లడానికి క్రమం తప్పకుండా 70% లేదా ఎక్కువ తెచ్చుకోండి.,pending,
exercises.result.rec.different,Great consistency — try a different exercise to train your brain in a new way.,అద్భుతమైన క్రమబద్ధత — మెదడుకు కొత్త రకంగా శిక్షణ ఇవ్వడానికి వేరే వ్యాయామం ప్రయత్నించండి.,pending,
exercises.result.rec.maintain,Good session. Regular practice builds real skill.,మంచి సెషన్. క్రమం తప్పని ప్రాక్టీస్ నిజమైన నైపుణ్యాన్ని తెస్తుంది.,pending,
exercises.result.rec.maintainDetail,{accuracy}% accuracy at {ms}ms.,{ms}ms వద్ద {accuracy}% ఖచ్చితత్వం.,pending,
exercises.phrase.tagline,"Read ideas, not words","పదాలు కాదు, ఆలోచనలు చదవండి",pending,
exercises.phrase.intro,Recognise complete ideas instead of reading word by word.,పదం పదంగా చదవడానికి బదులు పూర్తి ఆలోచనను గుర్తించండి.,pending,
exercises.phrase.todaysGoal,Today’s goal,ఈరోజు లక్ష్యం,pending,
exercises.phrase.currentLevel,Current level,ప్రస్తుత స్థాయి,pending,
exercises.phrase.phraseLength,Phrase length,పదబంధం పొడవు,pending,
exercises.phrase.mission,Mission,మిషన్,pending,
exercises.phrase.estimatedTime,Estimated time,అంచనా సమయం,pending,
exercises.phrase.about3,About 3 minutes,సుమారు 3 నిమిషాలు,pending,
exercises.phrase.brainSkill,Brain skill,మెదడు నైపుణ్యం,pending,
exercises.phrase.readingBenefit,Reading benefit,చదువుకు లాభం,pending,
exercises.phrase.advancedPhrases,{n} advanced phrases,{n} అడ్వాన్స్‌డ్ పదబంధాలు,pending,
exercises.phrase.meaningfulPhrases,{n} meaningful phrases,{n} అర్థవంతమైన పదబంధాలు,pending,
exercises.phrase.level5Needs,Level 5 needs {percent}% correct,స్థాయి 5 కు {percent}% సరైనవి కావాలి,pending,
exercises.phrase.levelNeeds,Level {level} needs {pass} of {total} Brain Challenges correct,స్థాయి {level} కు {total} లో {pass} Brain Challenge సరైనవి కావాలి,pending,
exercises.phrase.missionN, · Mission {n}, · మిషన్ {n},pending,
exercises.phrase.startMission,Start mission,మిషన్ మొదలుపెట్టండి,pending,
exercises.phrase.missionHud,Mission {mission} • Level {level},మిషన్ {mission} • స్థాయి {level},pending,
exercises.phrase.phraseLengthHud,Phrase length: {length},పదబంధం పొడవు: {length},pending,
exercises.phrase.levelMap,Level map: currently on Level {level} of 5,స్థాయిల మ్యాప్: ప్రస్తుతం 5 లో స్థాయి {level},pending,
exercises.phrase.levelOf5,Level {level} of 5,5 లో స్థాయి {level},pending,
exercises.phrase.levelComplete,Level {level} complete,స్థాయి {level} పూర్తయింది,pending,
exercises.phrase.levelN,Level {level},స్థాయి {level},pending,
exercises.phrase.unlockNext,🔓 Level {level},🔓 స్థాయి {level},pending,
exercises.phrase.lockedNext,🔒 Level {level},🔒 స్థాయి {level},pending,
exercises.phrase.allLevels,🏆 All levels complete,🏆 అన్ని స్థాయిలు పూర్తయ్యాయి,pending,
exercises.phrase.continueNextLevel,Continue to next level,తదుపరి స్థాయికి వెళ్లండి,pending,
exercises.phrase.viewResults,View results,ఫలితాలు చూడండి,pending,
exercises.phrase.need,Need {percent}%,{percent}% కావాలి,pending,
exercises.phrase.brainChallenge,Brain Challenge,Brain Challenge,pending,
exercises.phrase.paused,Mission paused,మిషన్ ఆగింది,pending,
exercises.phrase.pausedAccuracy,{percent}% accuracy,{percent}% ఖచ్చితత్వం,pending,
exercises.phrase.todaysAchievement,Today’s achievement:,ఈరోజు సాధన:,pending,
exercises.phrase.readingGain,Estimated reading gain:,చదువులో అంచనా పెరుగుదల:,pending,
exercises.phrase.establishing,Establishing baseline,ప్రారంభ కొలత తీసుకుంటోంది,pending,
exercises.phrase.gainWpm,{sign}{n} WPM,{sign}{n} WPM,pending,
exercises.phrase.readiness,Reading readiness:,చదువు సంసిద్ధత:,pending,
exercises.phrase.nextMission,Next mission:,తదుపరి మిషన్:,pending,
exercises.pause,Pause,ఆపండి,pending,
exercises.resume,Resume,కొనసాగించండి,pending,
exercises.pauseExercise,Pause exercise,వ్యాయామం ఆపండి,pending,
exercises.resumeExercise,Resume exercise,వ్యాయామం కొనసాగించండి,pending,
exercises.labels.10_12_words,10-12 Words,10-12 పదాలు,pending,
exercises.labels.12_16_words,12-16 Words,12-16 పదాలు,pending,
exercises.labels.16_22_words,16-22 Words,16-22 పదాలు,pending,
exercises.labels.2_words,2 Words,2 పదాలు,pending,
exercises.labels.3_words,3 Words,3 పదాలు,pending,
exercises.labels.4_words,4 Words,4 పదాలు,pending,
exercises.labels.5_words,5 Words,5 పదాలు,pending,
exercises.labels.6_8_words,6-8 Words,6-8 పదాలు,pending,
exercises.labels.8_10_words,8-10 Words,8-10 పదాలు,pending,
exercises.labels.a_real_measurement_total_words_shown_divided_by_total_readin,A real measurement — total words shown divided by total reading time — compared with your last session.,నిజమైన కొలత — చూపిన మొత్తం పదాలు ÷ మొత్తం చదువు సమయం — గత సెషన్‌తో పోలిక.,pending,
exercises.labels.accelerating,Accelerating,వేగం పెరుగుతోంది,pending,
exercises.labels.accuracy,Accuracy,ఖచ్చితత్వం,pending,
exercises.labels.accuracy_weighted_toward_deep_understanding_questions_like_m,Accuracy weighted toward deep-understanding questions like Main Idea and Inference.,"ముఖ్య ఆలోచన, అనుమానం వంటి లోతైన ప్రశ్నలకు ఎక్కువ బరువు ఇచ్చిన ఖచ్చితత్వం.",pending,
exercises.labels.activate_your_mind,Activate Your Mind,మీ మనసును చురుకుపరచండి,pending,
exercises.labels.advanced,Advanced,అడ్వాన్స్‌డ్,pending,
exercises.labels.advanced_phrase_reading,Advanced Phrase Reading,అడ్వాన్స్‌డ్ పదబంధ చదువు,pending,
exercises.labels.advanced_phrase_reading_6_8_word_phrases_with_richer_cross_p,"Advanced Phrase Reading — 6-8 word phrases with richer, cross-pool challenges.","అడ్వాన్స్‌డ్ పదబంధ చదువు — 6-8 పదాల పదబంధాలు, లోతైన సవాళ్లతో.",pending,
exercises.labels.average_response_time,Average Response Time,సగటు స్పందన సమయం,pending,
exercises.labels.avg_reaction,Avg reaction,సగటు స్పందన,pending,
exercises.labels.avg_response,Avg Response,సగటు స్పందన,pending,
exercises.labels.avg_response_time,Avg Response Time,సగటు స్పందన సమయం,pending,
exercises.labels.back_to_lab,Back to Lab →,Lab కు తిరిగి →,pending,
exercises.labels.begin,Begin,మొదలు,pending,
exercises.labels.begin_reading,Begin Reading,చదువు మొదలు,pending,
exercises.labels.beginner,Beginner,ప్రారంభ స్థాయి,pending,
exercises.labels.beginning,Beginning,ప్రారంభం,pending,
exercises.labels.best_streak,Best Streak,అతి పొడవైన వరుస,pending,
exercises.labels.blends_recognition_accuracy_with_whether_your_reading_pace_i,Blends recognition accuracy with whether your reading pace increased.,"గుర్తింపు ఖచ్చితత్వం, చదువు వేగం పెరిగిందా అన్నది కలిపి.",pending,
exercises.labels.brain_performance,Brain Performance,మెదడు ప్రదర్శన,pending,
exercises.labels.brain_xp,Brain XP,Brain XP,pending,
exercises.labels.building,Building,పెరుగుతోంది,pending,
exercises.labels.building_comprehension,Building Comprehension,అవగాహన పెంచడం,pending,
exercises.labels.building_consistency,Building Consistency,క్రమబద్ధత పెరుగుతోంది,pending,
exercises.labels.building_momentum,Building Momentum,వేగం పుంజుకుంటోంది,pending,
exercises.labels.choose_the_best_title,Choose the best title.,ఉత్తమ శీర్షికను ఎంచుకోండి.,pending,
exercises.labels.chunk_recognition_strengthened,Chunk Recognition Strengthened,పద సమూహ గుర్తింపు బలపడింది,pending,
exercises.labels.cognitive_training_points_earned_this_session,Cognitive training points earned this session.,ఈ సెషన్‌లో సంపాదించిన మెదడు శిక్షణ పాయింట్లు.,pending,
exercises.labels.complete_thoughts_are_landing_in_a_single_glance,Complete thoughts are landing in a single glance.,పూర్తి ఆలోచనలు ఒక్క చూపులోనే అర్థమవుతున్నాయి.,pending,
exercises.labels.complete_your_first_session_to_begin_scoring,Complete your first session to begin scoring,స్కోర్ మొదలవడానికి మొదటి సెషన్ పూర్తి చేయండి,pending,
exercises.labels.complex_ideas,Complex Ideas,క్లిష్టమైన ఆలోచనలు,pending,
exercises.labels.complex_sentences_multiple_details_one_central_idea,"Complex sentences — multiple details, one central idea.","క్లిష్టమైన వాక్యాలు — అనేక వివరాలు, ఒక ముఖ్య ఆలోచన.",pending,
exercises.labels.comprehension,Comprehension,అవగాహన,pending,
exercises.labels.comprehension_accuracy,Comprehension Accuracy,అవగాహన ఖచ్చితత్వం,pending,
exercises.labels.comprehension_is_staying_reliable_as_sentences_grow_longer,Comprehension is staying reliable as sentences grow longer.,వాక్యాలు పొడవైనా అవగాహన స్థిరంగా ఉంది.,pending,
exercises.labels.comprehension_of_the_exact_wording_is_the_priority_before_pa,Comprehension of the exact wording is the priority before pace increases further.,వేగం ఇంకా పెంచే ముందు ఖచ్చితమైన పదాల అవగాహన ముఖ్యం.,pending,
exercises.labels.comprehension_speed_increased,Comprehension Speed Increased,అవగాహన వేగం పెరిగింది,pending,
exercises.labels.comprehension_strengthened,Comprehension Strengthened,అవగాహన బలపడింది,pending,
exercises.labels.connected,Connected,కలిసినవి,pending,
exercises.labels.consistency,Consistency,క్రమబద్ధత,pending,
exercises.labels.consistency_streak_momentum,Consistency & Streak Momentum,క్రమబద్ధత & వరుస రోజులు,pending,
exercises.labels.consistent_practice_is_keeping_your_mind_active,Consistent practice is keeping your mind active,క్రమమైన ప్రాక్టీస్ మీ మనసును చురుకుగా ఉంచుతోంది,pending,
exercises.labels.continue,Continue →,కొనసాగించండి →,pending,
exercises.labels.continue_to_next_mission,Continue to Next Mission,తదుపరి మిషన్‌కు వెళ్లండి,pending,
exercises.labels.continue_to_next_step,Continue to Next Step,తదుపరి అడుగుకు వెళ్లండి,pending,
exercises.labels.correct,Correct,సరైనవి,pending,
exercises.labels.correct_answers,Correct Answers,సరైన జవాబులు,pending,
exercises.labels.current_level,Current Level,ప్రస్తుత స్థాయి,pending,
exercises.labels.developing,Developing,అభివృద్ధి చెందుతోంది,pending,
exercises.labels.elite,Elite,అగ్రశ్రేణి,pending,
exercises.labels.estimated_reading_speed_gain,Estimated Reading Speed Gain,చదువు వేగంలో అంచనా పెరుగుదల,pending,
exercises.labels.excellent,Excellent,అద్భుతం,pending,
exercises.labels.excellent_idea_recognition,Excellent Idea Recognition.,ఆలోచనల అద్భుత గుర్తింపు.,pending,
exercises.labels.excellent_meaning_recognition,Excellent Meaning Recognition.,అర్థం యొక్క అద్భుత గుర్తింపు.,pending,
exercises.labels.excellent_progress,Excellent Progress,అద్భుత పురోగతి,pending,
exercises.labels.exceptional_consistency_and_mastery,Exceptional consistency and mastery,"అసాధారణ క్రమబద్ధత, నైపుణ్యం",pending,
exercises.labels.exceptional_your_progress_is_accelerating,Exceptional — your progress is accelerating,అసాధారణం — మీ పురోగతి వేగం పెరుగుతోంది,pending,
exercises.labels.expert,Expert,నిపుణ,pending,
exercises.labels.extended_phrase_fragments_longer_wording_still_never_a_full_,"Extended phrase fragments — longer wording, still never a full sentence.","పొడవైన పదబంధాలు — ఎక్కువ పదాలు, కానీ పూర్తి వాక్యం కాదు.",pending,
exercises.labels.extended_phrases,Extended Phrases,పొడవైన పదబంధాలు,pending,
exercises.labels.fast,Fast,వేగం,pending,
exercises.labels.first_ideas,First Ideas,మొదటి ఆలోచనలు,pending,
exercises.labels.flash_speed,Flash Speed,ఫ్లాష్ వేగం,pending,
exercises.labels.fluent_recognition,Fluent Recognition,సాఫీ గుర్తింపు,pending,
exercises.labels.focus,Focus,దృష్టి పెట్టండి,pending,
exercises.labels.focus_center,Focus Center,మధ్యలో చూడండి,pending,
exercises.labels.focus_on_identifying_the_main_idea_faster,Focus on identifying the main idea faster.,ముఖ్య ఆలోచనను వేగంగా గుర్తించడంపై దృష్టి పెట్టండి.,pending,
exercises.labels.focus_on_recognising_the_whole_idea_not_each_word,"Focus on recognising the whole idea, not each word.","ప్రతి పదం కాదు, పూర్తి ఆలోచనను గుర్తించడంపై దృష్టి పెట్టండి.",pending,
exercises.labels.foundation,Foundation,పునాది,pending,
exercises.labels.full_idea_mastery,Full Idea Mastery,పూర్తి ఆలోచనపై నైపుణ్యం,pending,
exercises.labels.full_idea_recall_is_still_catching_up_to_this_sentence_lengt,Full-idea recall is still catching up to this sentence length.,ఈ పొడవు వాక్యాల్లో పూర్తి ఆలోచన గుర్తుంచుకోవడం ఇంకా పెరుగుతోంది.,pending,
exercises.labels.full_length_sentences_complete_idea_mastery_in_a_single_visu,Full-length sentences — complete idea mastery in a single visual span.,పూర్తి పొడవు వాక్యాలు — ఒక్క చూపులో పూర్తి ఆలోచన.,pending,
exercises.labels.fuller_sentences_recognizing_the_idea_without_reading_every_,Fuller sentences — recognizing the idea without reading every word.,నిండైన వాక్యాలు — ప్రతి పదం చదవకుండా ఆలోచనను గుర్తించడం.,pending,
exercises.labels.get_ready,Get Ready,సిద్ధంగా ఉండండి,pending,
exercises.labels.go,Go,మొదలు,pending,
exercises.labels.good,Good,బాగుంది,pending,
exercises.labels.growing,Growing,పెరుగుతున్నారు,pending,
exercises.labels.growing_consistently,Growing Consistently,నిరంతరం పెరుగుతున్నారు,pending,
exercises.labels.health,Health,ఆరోగ్యం,pending,
exercises.labels.highest_chunk_size,Highest Chunk Size,అతి పెద్ద పద సమూహం,pending,
exercises.labels.holding_the_complete_thought_in_mind_is_the_priority_before_,Holding the complete thought in mind is the priority before length increases further.,పొడవు పెంచే ముందు పూర్తి ఆలోచనను మనసులో ఉంచడం ముఖ్యం.,pending,
exercises.labels.how_precisely_you_recognised_the_exact_idea_not_just_the_top,"How precisely you recognised the exact idea, not just the topic.","అంశం మాత్రమే కాదు, ఖచ్చితమైన ఆలోచనను ఎంత సరిగ్గా గుర్తించారు.",pending,
exercises.labels.how_quickly_you_resolved_each_brain_challenge_active_compreh,"How quickly you resolved each Brain Challenge — active comprehension speed, not reading pace.","ప్రతి Brain Challenge ను ఎంత వేగంగా పరిష్కరించారు — అవగాహన వేగం, చదువు వేగం కాదు.",pending,
exercises.labels.how_reliably_you_grasped_each_paragraph_as_one_whole_meaning,How reliably you grasped each paragraph as one whole meaning block.,ప్రతి పేరాను ఒకే పూర్తి అర్థంగా ఎంత నమ్మకంగా గ్రహించారు.,pending,
exercises.labels.how_reliably_you_located_content_across_a_multi_line_paragra,How reliably you located content across a multi-line paragraph.,అనేక వరుసల పేరాలో విషయాన్ని ఎంత నమ్మకంగా కనుగొన్నారు.,pending,
exercises.labels.how_reliably_you_recognised_each_chapter_s_central_idea,How reliably you recognised each chapter's central idea.,ప్రతి అధ్యాయం ముఖ్య ఆలోచనను ఎంత నమ్మకంగా గుర్తించారు.,pending,
exercises.labels.idea_processing_improved,Idea Processing Improved,ఆలోచన గ్రహణం మెరుగైంది,pending,
exercises.labels.idea_processing_is_holding_steady_at_this_pace,Idea processing is holding steady at this pace.,ఈ వేగంలో ఆలోచన గ్రహణం స్థిరంగా ఉంది.,pending,
exercises.labels.idea_processing_speed_increased_this_session,Idea processing speed increased this session.,ఈ సెషన్‌లో ఆలోచన గ్రహణ వేగం పెరిగింది.,pending,
exercises.labels.idea_recognition,Idea Recognition,ఆలోచన గుర్తింపు,pending,
exercises.labels.idea_recognition_and_rapid_meaning_processing,Idea recognition and rapid meaning processing,"ఆలోచన గుర్తింపు, వేగమైన అర్థ గ్రహణం",pending,
exercises.labels.idea_recognition_becoming_automatic,Idea Recognition Becoming Automatic,ఆలోచన గుర్తింపు సహజమవుతోంది,pending,
exercises.labels.idea_recognition_is_becoming_automatic,Idea recognition is becoming automatic.,ఆలోచన గుర్తింపు సహజమవుతోంది.,pending,
exercises.labels.idea_recognition_is_forming_consistency_will_follow_with_pra,Idea recognition is forming — consistency will follow with practice.,ఆలోచన గుర్తింపు ఏర్పడుతోంది — ప్రాక్టీస్‌తో క్రమబద్ధత వస్తుంది.,pending,
exercises.labels.idea_recognition_strengthened,Idea Recognition Strengthened,ఆలోచన గుర్తింపు బలపడింది,pending,
exercises.labels.instant_numerical_recognition,Instant numerical recognition,సంఖ్యల తక్షణ గుర్తింపు,pending,
exercises.labels.instant_visual_symbol_recognition,Instant visual symbol recognition,చిహ్నాల తక్షణ గుర్తింపు,pending,
exercises.labels.instant_word_recognition,Instant word recognition,పదాల తక్షణ గుర్తింపు,pending,
exercises.labels.intermediate,Intermediate,మధ్యస్థ,pending,
exercises.labels.just_beginning,Just Beginning,ఇప్పుడే మొదలు,pending,
exercises.labels.keep_showing_up_daily,Keep showing up daily,రోజూ వస్తూ ఉండండి,pending,
exercises.labels.language_processing,Language Processing,భాషా గ్రహణం,pending,
exercises.labels.language_processing_faster,Language Processing Faster,భాషా గ్రహణం వేగమైంది,pending,
exercises.labels.language_processing_is_becoming_faster,Language processing is becoming faster.,భాషా గ్రహణం వేగమవుతోంది.,pending,
exercises.labels.learning_focused_phrases_recognising_complete_ideas_not_just,"Learning-focused phrases — recognising complete ideas, not just words.","నేర్చుకునే పదబంధాలు — పదాలే కాదు, పూర్తి ఆలోచనలను గుర్తించడం.",pending,
exercises.labels.learning_phrases,Learning Phrases,నేర్చుకునే పదబంధాలు,pending,
exercises.labels.levels_completed,Levels Completed,పూర్తయిన స్థాయిలు,pending,
exercises.labels.line_tracking,Line Tracking,వరుస అనుసరణ,pending,
exercises.labels.line_tracking_strengthened,Line Tracking Strengthened,వరుస అనుసరణ బలపడింది,pending,
exercises.labels.meaning_block_recognition_and_whole_paragraph_comprehension,Meaning block recognition and whole-paragraph comprehension,"అర్థ భాగ గుర్తింపు, పూర్తి పేరా అవగాహన",pending,
exercises.labels.meaning_recognition,Meaning Recognition,అర్థ గుర్తింపు,pending,
exercises.labels.meaning_recognition_and_language_processing,Meaning recognition and language processing,"అర్థ గుర్తింపు, భాషా గ్రహణం",pending,
exercises.labels.meaning_recognition_improved,Meaning Recognition Improved,అర్థ గుర్తింపు మెరుగైంది,pending,
exercises.labels.meaning_recognition_is_forming_consistency_will_follow_with_,Meaning recognition is forming — consistency will follow with practice.,అర్థ గుర్తింపు ఏర్పడుతోంది — ప్రాక్టీస్‌తో క్రమబద్ధత వస్తుంది.,pending,
exercises.labels.meaning_recognition_is_holding_steady,Meaning recognition is holding steady.,అర్థ గుర్తింపు స్థిరంగా ఉంది.,pending,
exercises.labels.meaning_recognition_strengthened,Meaning Recognition Strengthened,అర్థ గుర్తింపు బలపడింది,pending,
exercises.labels.meaning_rich,Meaning-Rich,అర్థవంతమైనవి,pending,
exercises.labels.meaning_rich_phrases_precise_recognition_among_near_identica,Meaning-rich phrases — precise recognition among near-identical wording.,అర్థవంతమైన పదబంధాలు — దాదాపు ఒకేలాంటి పదాల్లో ఖచ్చితమైన గుర్తింపు.,pending,
exercises.labels.mission_ready,Mission Ready,మిషన్ సిద్ధం,pending,
exercises.labels.mission_score,Mission Score,మిషన్ స్కోర్,pending,
exercises.labels.multi_word_visual_span,Multi-word visual span,ఒక్క చూపులో అనేక పదాలు,pending,
exercises.labels.nature,Nature,ప్రకృతి,pending,
exercises.labels.neural_retraining,Neural Retraining,మెదడు పునఃశిక్షణ,pending,
exercises.labels.neural_retraining_index,Neural Retraining Index,మెదడు పునఃశిక్షణ సూచిక,pending,
exercises.labels.next_mission,Next Mission →,తదుపరి మిషన్ →,pending,
exercises.labels.numerical_recognition_sharpened,Numerical Recognition Sharpened,సంఖ్యల గుర్తింపు పదునెక్కింది,pending,
exercises.labels.pace,Pace,వేగం,pending,
exercises.labels.pattern_recognition_sharpened,Pattern Recognition Sharpened,నమూనా గుర్తింపు పదునెక్కింది,pending,
exercises.labels.peak_performance,Peak Performance,శిఖర ప్రదర్శన,pending,
exercises.labels.precision_is_still_catching_up_to_this_pace,Precision is still catching up to this pace.,ఈ వేగానికి ఖచ్చితత్వం ఇంకా అలవాటు పడుతోంది.,pending,
exercises.labels.prepare,Prepare,సిద్ధమవ్వండి,pending,
exercises.labels.preparing_next_image,Preparing Next Image...,తదుపరి చిత్రం సిద్ధమవుతోంది...,pending,
exercises.labels.processing_speed,Processing Speed,గ్రహణ వేగం,pending,
exercises.labels.psychology,Psychology,మనస్తత్వశాస్త్రం,pending,
exercises.labels.reaction_time,Reaction Time,స్పందన సమయం,pending,
exercises.labels.reading_fluency,Reading Fluency,చదువులో సాఫీతనం,pending,
exercises.labels.reading_fluency_improved,Reading Fluency Improved,చదువులో సాఫీతనం మెరుగైంది,pending,
exercises.labels.reading_fluency_increased_this_session,Reading fluency increased this session.,ఈ సెషన్‌లో చదువు సాఫీతనం పెరిగింది.,pending,
exercises.labels.reading_intelligence,Reading Intelligence,చదువు మేధస్సు,pending,
exercises.labels.reading_pace,Reading Pace,చదువు వేగం,pending,
exercises.labels.reading_rhythm_holding_steady_at_this_pace,Reading rhythm holding steady at this pace.,ఈ వేగంలో చదువు లయ స్థిరంగా ఉంది.,pending,
exercises.labels.reading_speed,Reading Speed,చదువు వేగం,pending,
exercises.labels.reading_speed_wpm_growth,Reading Speed (WPM Growth),చదువు వేగం (WPM పెరుగుదల),pending,
exercises.labels.ready_to_advance,Ready to Advance,ముందుకు వెళ్లడానికి సిద్ధం,pending,
exercises.labels.recognition_accuracy,Recognition Accuracy,గుర్తింపు ఖచ్చితత్వం,pending,
exercises.labels.recognition_speed_increased,Recognition Speed Increased,గుర్తింపు వేగం పెరిగింది,pending,
exercises.labels.recognition_switching_and_cognitive_flexibility,Recognition switching and cognitive flexibility,"గుర్తింపు మార్పు, మానసిక సౌలభ్యం",pending,
exercises.labels.recognition_switching_strengthened,Recognition Switching Strengthened,గుర్తింపు మార్పు బలపడింది,pending,
exercises.labels.recovering,Recovering,తిరిగి పుంజుకుంటున్నారు,pending,
exercises.labels.replay_mission,Replay Mission,మిషన్ మళ్లీ ఆడండి,pending,
exercises.labels.retry_mission,Retry Mission,మిషన్ మళ్లీ ప్రయత్నించండి,pending,
exercises.labels.science,Science,విజ్ఞానం,pending,
exercises.labels.score,Score,స్కోర్,pending,
exercises.labels.session_completed,Session Completed,సెషన్ పూర్తయింది,pending,
exercises.labels.short_action_phrases_the_foundation_of_instant_meaning_recog,Short action phrases — the foundation of instant meaning recognition.,చిన్న క్రియా పదబంధాలు — తక్షణ అర్థ గుర్తింపుకు పునాది.,pending,
exercises.labels.short_direct_sentences_the_foundation_of_instant_idea_recogn,"Short, direct sentences — the foundation of instant idea recognition.","చిన్న, సూటి వాక్యాలు — తక్షణ ఆలోచన గుర్తింపుకు పునాది.",pending,
exercises.labels.simple,Simple,సరళం,pending,
exercises.labels.simple_actions,Simple Actions,సరళ క్రియలు,pending,
exercises.labels.slightly_longer_sentences_holding_one_complete_thought_in_mi,Slightly longer sentences — holding one complete thought in mind.,కొంచెం పొడవైన వాక్యాలు — ఒక పూర్తి ఆలోచనను మనసులో ఉంచడం.,pending,
exercises.labels.solid_habits_are_forming,Solid habits are forming,గట్టి అలవాట్లు ఏర్పడుతున్నాయి,pending,
exercises.labels.spatial_reading_eye_navigation_and_line_tracking,"Spatial reading, eye navigation, and line tracking","స్థల ఆధారిత చదువు, కంటి కదలిక, వరుస అనుసరణ",pending,
exercises.labels.speed,Speed,వేగం,pending,
exercises.labels.stable,Stable,స్థిరం,pending,
exercises.labels.start_new_session,Start New Session,కొత్త సెషన్ మొదలుపెట్టండి,pending,
exercises.labels.steady,Steady,స్థిరం,pending,
exercises.labels.strong_progress,Strong Progress,బలమైన పురోగతి,pending,
exercises.labels.sustained_reading_rhythm_at_an_expanding_chunk_size,Sustained reading rhythm at an expanding chunk size,పెరుగుతున్న పద సమూహాలతో నిలకడైన చదువు లయ,pending,
exercises.labels.technology,Technology,సాంకేతికత,pending,
exercises.labels.the_highest_level_you_have_reached_in_progressive_chunk_read,"The highest level you have reached in Progressive Chunk Reading, including today.","ఈరోజుతో కలిపి, Progressive Chunk Reading లో మీరు చేరిన అత్యున్నత స్థాయి.",pending,
exercises.labels.the_highest_level_you_reached_this_session,The highest level you reached this session.,ఈ సెషన్‌లో చేరిన అత్యున్నత స్థాయి.,pending,
exercises.labels.the_largest_chunk_size_you_read_this_session,The largest chunk size you read this session.,ఈ సెషన్‌లో చదివిన అతి పెద్ద పద సమూహం.,pending,
exercises.labels.the_longest_run_of_consecutive_correct_answers_this_session,The longest run of consecutive correct answers this session.,ఈ సెషన్‌లో వరుస సరైన జవాబుల అతి పొడవైన వరుస.,pending,
exercises.labels.the_share_of_all_brain_challenge_questions_answered_correctl,The share of all Brain Challenge questions answered correctly.,అన్ని Brain Challenge ప్రశ్నల్లో సరిగ్గా జవాబిచ్చిన భాగం.,pending,
exercises.labels.the_share_of_brain_challenges_answered_correctly,The share of Brain Challenges answered correctly.,సరిగ్గా జవాబిచ్చిన Brain Challenge ల భాగం.,pending,
exercises.labels.theme_mastery,Theme Mastery,అంశంపై నైపుణ్యం,pending,
exercises.labels.this_phrase_is_mainly_about,This phrase is mainly about:,ఈ పదబంధం ముఖ్యంగా దీని గురించి:,pending,
exercises.labels.track_it,Track It,అనుసరించండి,pending,
exercises.labels.train_again,Train Again,మళ్లీ శిక్షణ,pending,
exercises.labels.training_complete,Training Complete™,శిక్షణ పూర్తయింది,pending,
exercises.labels.very_good,Very Good,చాలా బాగుంది,pending,
exercises.labels.visual_recall,Visual Recall,దృశ్య జ్ఞాపకం,pending,
exercises.labels.visual_span_and_peripheral_awareness,Visual span and peripheral awareness,"దృష్టి పరిధి, చుట్టుపక్కల అవగాహన",pending,
exercises.labels.visual_span_expanded,Visual Span Expanded,దృష్టి పరిధి పెరిగింది,pending,
exercises.labels.visualization,Visualization,ఊహ,pending,
exercises.labels.visualization_depth,Visualization Depth,ఊహ లోతు,pending,
exercises.labels.what_caused_this,What caused this?,దీనికి కారణం ఏమిటి?,pending,
exercises.labels.what_does_it_mean,What does it mean?,దీని అర్థం ఏమిటి?,pending,
exercises.labels.what_was_the_main_idea,What was the main idea?,ముఖ్య ఆలోచన ఏమిటి?,pending,
exercises.labels.what_was_the_phrase_mainly_about,What was the phrase mainly about?,పదబంధం ముఖ్యంగా దేని గురించి?,pending,
exercises.labels.what_was_today_s_topic,What was today's topic?,ఈరోజు అంశం ఏమిటి?,pending,
exercises.labels.whether_your_reading_pace_held_or_increased_alongside_compre,Whether your reading pace held or increased alongside comprehension.,అవగాహనతో పాటు మీ చదువు వేగం నిలిచిందా లేదా పెరిగిందా.,pending,
exercises.labels.which_ending_fits,Which ending fits?,ఏ ముగింపు సరిపోతుంది?,pending,
exercises.labels.which_exact_phrase_did_you_read,Which exact phrase did you read?,మీరు చదివిన ఖచ్చితమైన పదబంధం ఏది?,pending,
exercises.labels.which_idea_was_not_mentioned,Which idea was NOT mentioned?,ఏ ఆలోచన ప్రస్తావించలేదు?,pending,
exercises.labels.which_phrase_came_first,Which phrase came first?,ఏ పదబంధం మొదట వచ్చింది?,pending,
exercises.labels.which_phrase_completes_it,Which phrase completes it?,ఏ పదబంధం దీన్ని పూర్తి చేస్తుంది?,pending,
exercises.labels.which_phrase_has_the_same_meaning,Which phrase has the same meaning?,ఏ పదబంధానికి అదే అర్థం?,pending,
exercises.labels.which_sentence_best_summarizes_today_s_lesson,Which sentence best summarizes today's lesson?,ఏ వాక్యం ఈరోజు పాఠాన్ని ఉత్తమంగా సంగ్రహిస్తుంది?,pending,
exercises.labels.which_sentence_came_first,Which sentence came first?,ఏ వాక్యం మొదట వచ్చింది?,pending,
exercises.labels.which_statement_is_true,Which statement is TRUE?,ఏ వాక్యం నిజం?,pending,
exercises.labels.which_statement_means_the_same,Which statement means the same?,ఏ వాక్యానికి అదే అర్థం?,pending,
exercises.labels.which_word_best_represents_the_phrase,Which word best represents the phrase?,ఏ పదం పదబంధాన్ని ఉత్తమంగా సూచిస్తుంది?,pending,
exercises.labels.which_word_completes_it,Which word completes it?,ఏ పదం దీన్ని పూర్తి చేస్తుంది?,pending,
exercises.labels.words_per_minute_across_every_paragraph_you_actually_read_th,Words per minute across every paragraph you actually read this session.,ఈ సెషన్‌లో మీరు నిజంగా చదివిన అన్ని పేరాల్లో నిమిషానికి పదాలు.,pending,
exercises.labels.you_are_building_a_strong_mind_practice,You are building a strong mind practice,మీరు బలమైన మనసు ప్రాక్టీస్ పెంచుతున్నారు,pending,
exercises.labels.you_are_consistently_grasping_the_complete_thought_not_just_,"You are consistently grasping the complete thought, not just isolated words.","మీరు నిరంతరం విడి పదాలు కాదు, పూర్తి ఆలోచనను పట్టుకుంటున్నారు.",pending,
exercises.labels.you_are_consistently_registering_the_exact_idea_not_just_the,"You are consistently registering the exact idea, not just the topic.","మీరు నిరంతరం అంశం మాత్రమే కాదు, ఖచ్చితమైన ఆలోచనను పట్టుకుంటున్నారు.",pending,
exercises.labels.you_recognise_ideas_quickly,You recognise ideas quickly.,మీరు ఆలోచనలను వేగంగా గుర్తిస్తారు.,pending,
exercises.labels.you_understand_concepts_quickly,You understand concepts quickly.,మీరు భావనలను వేగంగా అర్థం చేసుకుంటారు.,pending,
exercises.labels.your_longest_run_of_consecutive_correct_answers_this_session,Your longest run of consecutive correct answers this session.,ఈ సెషన్‌లో మీ వరుస సరైన జవాబుల అతి పొడవైన వరుస.,pending,
exercises.labels.your_mind_is_performing_at_a_high_level,Your mind is performing at a high level,మీ మనసు ఉన్నత స్థాయిలో పనిచేస్తోంది,pending,
exercises.labels.your_mind_remembers_pick_up_where_you_left_off,Your mind remembers — pick up where you left off,మీ మనసు గుర్తుంచుకుంటుంది — ఆపిన చోటు నుంచి కొనసాగించండి,pending,
exercises.labels.your_practice_is_paying_off,Your practice is paying off,మీ ప్రాక్టీస్ ఫలిస్తోంది,pending,
exercises.labels.your_transformation_is_ready_to_begin,Your transformation is ready to begin,మీ మార్పు మొదలవడానికి సిద్ధం,pending,
exercises.labels.your_transformation_starts_here,Your transformation starts here,మీ మార్పు ఇక్కడి నుంచే మొదలు,pending,
exercises.sentence.intro,"Read a short themed chapter of full sentences, then recognise the whole idea.","ఒక అంశంపై పూర్తి వాక్యాల చిన్న అధ్యాయం చదివి, తర్వాత పూర్తి ఆలోచనను గుర్తించండి.",pending,
exercises.sentence.todaysTopic,Today’s topic,ఈరోజు అంశం,pending,
exercises.sentence.thisChapter,This chapter,ఈ అధ్యాయం,pending,
exercises.sentence.readingGoal,Reading goal,చదువు లక్ష్యం,pending,
exercises.sentence.readCarefully,Read carefully — real questions about this chapter follow.,శ్రద్ధగా చదవండి — ఈ అధ్యాయంపై నిజమైన ప్రశ్నలు వస్తాయి.,pending,
exercises.sentence.chapterOf5,Chapter {level} of 5,5 లో అధ్యాయం {level},pending,
exercises.sentence.levelTheme,Level {level} · {theme},స్థాయి {level} · {theme},pending,
exercises.sentence.sentenceLengthHud,Sentence length: {length},వాక్యం పొడవు: {length},pending,
exercises.sentence.complexity,Sentence complexity,వాక్య కష్టం,pending,
exercises.sentence.complexityLabel,Sentence complexity: {label},వాక్య కష్టం: {label},pending,
exercises.sentence.stars,{n} out of 5 stars,5 లో {n} నక్షత్రాలు,pending,
exercises.sentence.nextRecommendation,Next recommendation:,తదుపరి సూచన:,pending,
exercises.sentence.themeMastered,{theme} mastered,{theme} లో నైపుణ్యం,pending,
exercises.sentence.themeInProgress,{theme} in progress,{theme} కొనసాగుతోంది,pending,
exercises.sentence.todaysGoal,Today’s goal,ఈరోజు లక్ష్యం,pending,
exercises.sentence.goalValue,Understand complete ideas,పూర్తి ఆలోచనలను అర్థం చేసుకోవడం,pending,
exercises.sentence.level,Level,స్థాయి,pending,
exercises.sentence.sentenceLength,Sentence length,వాక్యం పొడవు,pending,
exercises.sentence.mission,Mission,మిషన్,pending,
exercises.sentence.missionValue,1 chapter · 5 sentences,1 అధ్యాయం · 5 వాక్యాలు,pending,
exercises.sentence.brainTarget,Brain target,మెదడు లక్ష్యం,pending,
exercises.sentence.brainTargetValue,Idea processing,ఆలోచన గ్రహణం,pending,
exercises.sentence.levelNeeds,Level {level} needs {percent}% correct,స్థాయి {level} కు {percent}% సరైనవి కావాలి,pending,
exercises.sentence.chapterComplete,Chapter {level} complete,అధ్యాయం {level} పూర్తయింది,pending,
exercises.sentence.allCleared,🏆 All levels cleared,🏆 అన్ని స్థాయిలు దాటారు,pending,
exercises.sentence.continue,Continue →,కొనసాగించండి →,pending,
exercises.sentence.viewResults,View results →,ఫలితాలు చూడండి →,pending,
exercises.sentence.readOnceMore,Read once more,ఇంకోసారి చదవండి,pending,
exercises.sentence.retry,Retry →,మళ్లీ →,pending,
exercises.sentence.letsSee,Let’s see what you understood.,మీరు ఏం అర్థం చేసుకున్నారో చూద్దాం.,pending,
exercises.sentence.feedback1,Idea recognised,ఆలోచనను గుర్తించారు,pending,
exercises.sentence.feedback2,Great processing,అద్భుత గ్రహణం,pending,
exercises.sentence.feedback3,Strong understanding,బలమైన అవగాహన,pending,
exercises.sentence.keepBuilding,Keep building,పెంచుకుంటూ ఉండండి,pending,
exercises.journey.title,Reading Journey,చదువు ప్రయాణం,pending,
exercises.journey.current,Reading Journey: currently on {stage},చదువు ప్రయాణం: ప్రస్తుతం {stage},pending,
exercises.journey.word,Word,పదం,pending,
exercises.journey.chunk,Chunk,పద సమూహం,pending,
exercises.journey.phrase,Phrase,పదబంధం,pending,
exercises.journey.multi-line,Multi-Line,అనేక వరుసలు,pending,
exercises.journey.sentence,Sentence,వాక్యం,pending,
exercises.journey.paragraph,Paragraph,పేరా,pending,
exercises.journey.page,Page,పేజీ,pending,
mentor.title,Dr. Kapil’s Note™,Dr. Kapil’s Note™,pending,
mentor.fallback.firstSession,"{name}, your first Mind Session is ready — every expert was once a beginner.","{name}, మీ మొదటి Mind Session సిద్ధంగా ఉంది — ప్రతి నిపుణుడూ ఒకప్పుడు మొదలుపెట్టినవారే.",pending,
mentor.fallback.streakToday,"{name}, your {streak}-day streak is real commitment — keep building on this momentum.","{name}, మీ {streak} రోజుల వరుస నిజమైన పట్టుదల — ఇదే వేగంతో కొనసాగండి.",pending,
mentor.fallback.doneToday,"You’ve already shown up today, {name} — that’s how transformation happens.","{name}, మీరు ఈరోజు ఇప్పటికే ప్రాక్టీస్ చేశారు — మార్పు ఇలాగే వస్తుంది.",pending,
mentor.fallback.streakReady,"{name}, your {streak}-day streak is proof — your mind is ready for today’s practice.","{name}, మీ {streak} రోజుల వరుసే సాక్ష్యం — ఈరోజు ప్రాక్టీస్‌కు మీ మనసు సిద్ధం.",pending,
mentor.fallback.oneLeft,"{name}, you’re one exercise away from finishing — today is the day.","{name}, ఇంకా ఒక్క వ్యాయామమే మిగిలింది — ఈరోజే పూర్తి చేసే రోజు.",pending,
mentor.fallback.progress,"{name}, you’ve completed {done} of {total} exercises — today’s session matters.","{name}, మీరు {total} లో {done} వ్యాయామాలు పూర్తి చేశారు — ఈరోజు సెషన్ ముఖ్యం.",pending,
nav.dashboard,Dashboard,డాష్‌బోర్డ్,pending,
nav.history,History,చరిత్ర,pending,
nav.settings,Settings,సెట్టింగ్‌లు,pending,
nav.documentStudio,Document Studio,Document Studio,pending,
nav.mainNavigation,Main navigation,ప్రధాన మెనూ,pending,
nav.openNavigation,Open navigation,మెనూ తెరవండి,pending,
nav.account,Account,ఖాతా,pending,
nav.openAccountMenu,Open account menu,ఖాతా మెనూ తెరవండి,pending,
nav.profileSettings,Profile & Settings,ప్రొఫైల్ & సెట్టింగ్‌లు,pending,
nav.subscription,Subscription,సబ్‌స్క్రిప్షన్,pending,
nav.support,Support,సహాయం,pending,
nav.privacy,Privacy Policy,గోప్యతా విధానం,pending,
nav.terms,Terms of Service,సేవా నిబంధనలు,pending,
nav.refund,Refund & Cancellation Policy,రీఫండ్ & రద్దు విధానం,pending,
nav.signOut,Sign out,సైన్ అవుట్,pending,
nav.signingOut,Signing out…,సైన్ అవుట్ అవుతోంది…,pending,
nav.installApp,Install App,యాప్ ఇన్‌స్టాల్ చేయండి,pending,
nav.toggleTheme,Toggle theme,థీమ్ మార్చండి,pending,
nav.lightMode,Switch to light mode,లైట్ మోడ్‌కు మార్చండి,pending,
nav.darkMode,Switch to dark mode,డార్క్ మోడ్‌కు మార్చండి,pending,
progress.subtitle,Your live brain score — updated after every session.,మీ లైవ్ మెదడు స్కోర్ — ప్రతి సెషన్ తర్వాత అప్‌డేట్ అవుతుంది.,pending,
progress.overall,Overall intelligence,మొత్తం మేధస్సు,pending,
progress.scoreAria,"Mind Score {score} out of 1000, Reading Intelligence {reading} percent","Mind Score 1000 లో {score}, చదువు మేధస్సు {reading} శాతం",pending,
progress.scoreProgress,Mind Score progress,Mind Score పురోగతి,pending,
progress.dimensions,Intelligence dimensions,మేధస్సు కోణాలు,pending,
progress.dimensionsAria,Mind intelligence dimensions,మనసు మేధస్సు కోణాలు,pending,
progress.outOf100,{label}: {score} out of 100,{label}: 100 లో {score},pending,
progress.notAttempted,{label}: not yet attempted,{label}: ఇంకా మొదలుపెట్టలేదు,pending,
progress.startNow,Start now,ఇప్పుడే మొదలుపెట్టండి,pending,
progress.notStarted,Not started yet,ఇంకా మొదలవలేదు,pending,
progress.vsPrior,{arrow} {n}% vs previous period,{arrow} గత కాలంతో పోలిస్తే {n}%,pending,
progress.totalSessions,Total sessions,మొత్తం సెషన్లు,pending,
progress.personalBest,Personal best,మీ అత్యుత్తమం,pending,
progress.baseline,Baseline,ప్రారంభం,pending,
progress.current,Current,ఇప్పుడు,pending,
progress.best,Best,అత్యుత్తమం,pending,
progress.weekAria,Weekly activity: {n} of 7 days active.,వారపు యాక్టివిటీ: 7 లో {n} రోజులు యాక్టివ్.,pending,
progress.weekTrendUp, Practice is up {n}% versus last period., గత కాలంతో పోలిస్తే ప్రాక్టీస్ {n}% పెరిగింది.,pending,
progress.weekTrendDown, Practice is down {n}% versus last period., గత కాలంతో పోలిస్తే ప్రాక్టీస్ {n}% తగ్గింది.,pending,
progress.daySessions,"{day}: {n} sessions, {time}","{day}: {n} సెషన్లు, {time}",pending,
progress.daySession,"{day}: 1 session, {time}","{day}: 1 సెషన్, {time}",pending,
progress.dayNone,{day}: no activity,{day}: యాక్టివిటీ లేదు,pending,
progress.greatestStrength,Greatest strength,అతి పెద్ద బలం,pending,
progress.needsImprovement,Needs improvement,మెరుగుపడాలి,pending,
progress.fastestGrowing,Fastest growing,వేగంగా పెరుగుతున్నది,pending,
progress.mostConsistent,Most consistent,అత్యంత క్రమబద్ధం,pending,
progress.emptyFirst,Complete your first session,మీ మొదటి సెషన్ పూర్తి చేయండి,pending,
progress.emptyUnlock,Unlock more Labs to compare,పోల్చడానికి మరిన్ని Labs తెరవండి,pending,
progress.emptyKeep,Keep practising to see trends,ధోరణులు చూడటానికి ప్రాక్టీస్ కొనసాగించండి,pending,
progress.emptyStreak,A 3-day streak unlocks this,3 రోజుల వరుస ప్రాక్టీస్‌తో ఇది తెరుచుకుంటుంది,pending,
progress.moduleComplete,Eye Foundation Module complete,Eye Foundation మాడ్యూల్ పూర్తయింది,pending,
progress.moduleCompleteBody,You have completed every exercise. Review any exercise to keep your Reading Intelligence score.,మీరు అన్ని వ్యాయామాలు పూర్తి చేశారు. మీ చదువు మేధస్సు స్కోర్‌ను నిలుపుకోవడానికి ఏ వ్యాయామాన్నైనా మళ్లీ చేయండి.,pending,
progress.highestImpact,Highest-impact practice,అత్యధిక ప్రభావం ఉన్న ప్రాక్టీస్,pending,
progress.minutes,~{n} minutes,~{n} నిమిషాలు,pending,
progress.plusReading,+Reading Intelligence,+చదువు మేధస్సు,pending,
progress.firstSession,Complete your first session to get a personal recommendation.,వ్యక్తిగత సూచన పొందడానికి మీ మొదటి సెషన్ పూర్తి చేయండి.,pending,
progress.review,Review,మళ్లీ చూడండి,pending,
progress.resumeX,Resume: {name},మళ్లీ కొనసాగించండి: {name},pending,
progress.startX,Start: {name},మొదలుపెట్టండి: {name},pending,
progress.continueX,Continue: {name},కొనసాగించండి: {name},pending,
progress.overallGrowth,Overall: {label},మొత్తం: {label},pending,
progress.weeklyAria,"{label}: {score} out of 100, {trend}","{label}: 100 లో {score}, {trend}",pending,
progress.trend.up,up,పెరుగుదల,pending,
progress.trend.down,down,తగ్గుదల,pending,
progress.trend.stable,stable,స్థిరం,pending,
progress.trend.inactive,not yet attempted,ఇంకా మొదలుపెట్టలేదు,pending,
progress.dayStreak,Day streak,వరుస రోజులు,pending,
progress.bestN,Best: {n},అత్యుత్తమం: {n},pending,
progress.sessions,Sessions,సెషన్లు,pending,
progress.exercises,Exercises,వ్యాయామాలు,pending,
progress.momentum,Momentum,వేగం,pending,
progress.consistency,Consistency,క్రమం తప్పకపోవడం,pending,
progress.viewRoadmap,View roadmap →,రోడ్‌మ్యాప్ చూడండి →,pending,
progress.daysRange,Days {start}–{end},రోజు {start}–{end},pending,
progress.daysOf,{done} / {total} days,{done} / {total} రోజులు,pending,
progress.parent.yourProgress,Your progress,మీ పురోగతి,pending,
progress.parent.weeklyView,"A weekly view of reading practice, understanding and consistency.","చదువు ప్రాక్టీస్, అవగాహన మరియు క్రమబద్ధత యొక్క వారపు చిత్రం.",pending,
progress.parent.consistency,Consistency,క్రమం తప్పకపోవడం,pending,
progress.parent.currentStreak,Current streak,ప్రస్తుత వరుస,pending,
progress.parent.longestStreak,Longest streak,అతి పొడవైన వరుస,pending,
progress.parent.comprehensionScore,Comprehension score,అవగాహన స్కోర్,pending,
progress.parent.comprehensionEmpty,Complete a quiz on an uploaded document to see your comprehension score here.,మీ అవగాహన స్కోర్ ఇక్కడ చూడటానికి అప్‌లోడ్ చేసిన డాక్యుమెంట్‌పై ఒక క్విజ్ పూర్తి చేయండి.,pending,
progress.parent.averageAll,Average across all quiz attempts,అన్ని క్విజ్‌ల సగటు,pending,
progress.parent.documentMastery,Document mastery,డాక్యుమెంట్ నైపుణ్యం,pending,
progress.parent.documentsCompleted,Documents completed,పూర్తి చేసిన డాక్యుమెంట్లు,pending,
progress.parent.avgComprehension,Avg. comprehension,సగటు అవగాహన,pending,
progress.parent.todaysStatus,Today’s status,ఈరోజు స్థితి,pending,
progress.parent.practicedToday,Practised today,ఈరోజు ప్రాక్టీస్ చేశారు,pending,
progress.parent.noPracticeToday,No practice yet today,ఈరోజు ఇంకా ప్రాక్టీస్ లేదు,pending,
progress.parent.curriculumProgress,Daily curriculum progress,రోజువారీ కోర్సు పురోగతి,pending,
progress.parent.noDays,No {program} days completed yet.,ఇంకా {program} లో ఏ రోజూ పూర్తి కాలేదు.,pending,
progress.parent.daysCompleted,Days completed,పూర్తయిన రోజులు,pending,
progress.parent.currentlyOnDay,Currently on Day {day} of {total}.,ప్రస్తుతం {total} లో రోజు {day}.,pending,
progress.parent.speedTrend,Reading speed trend,చదువు వేగ ధోరణి,pending,
progress.parent.wpmAverage,{wpm} WPM average,సగటు {wpm} WPM,pending,
progress.parent.noSessionsWindow,No sessions in this period yet,ఈ కాలంలో ఇంకా సెషన్లు లేవు,pending,
progress.parent.days,{n}d,{n} రో,pending,
progress.parent.speedEmpty,Complete a reading session to start tracking speed here.,ఇక్కడ వేగాన్ని చూడటానికి ఒక చదువు సెషన్ పూర్తి చేయండి.,pending,
progress.parent.speedAria,"Reading speed from {from} to {to}, averaging {wpm} words per minute.","{from} నుంచి {to} వరకు చదువు వేగం, సగటు నిమిషానికి {wpm} పదాలు.",pending,
progress.parent.chapterScores,Chapter scores,అధ్యాయ స్కోర్లు,pending,
progress.parent.chapterEmpty,"Complete a Chapter Comprehension Check to see exact, per-chapter scores here.",ప్రతి అధ్యాయం ఖచ్చితమైన స్కోర్ ఇక్కడ చూడటానికి Chapter Comprehension Check పూర్తి చేయండి.,pending,
progress.parent.strong,Strong,బలంగా ఉంది,pending,
progress.parent.needsReview,Needs review,మళ్లీ చూడాలి,pending,
progress.parent.reread,Re-read recommended,మళ్లీ చదవాలని సూచన,pending,
progress.parent.sessionHistory,Session history,సెషన్ చరిత్ర,pending,
progress.parent.noSessions,No completed sessions yet.,ఇంకా ఏ సెషన్ పూర్తి కాలేదు.,pending,
progress.parent.dayN,Day {day},రోజు {day},pending,
progress.parent.completed,Completed,పూర్తయింది,pending,
settings.title,Settings,సెట్టింగ్‌లు,pending,
settings.subtitle,Manage your account details.,మీ ఖాతా వివరాలను నిర్వహించండి.,pending,
settings.language.title,Language,భాష,pending,
settings.language.desc,The language of the app. Website pages stay in English or Hindi.,యాప్ భాష. వెబ్‌సైట్ పేజీలు ఇంగ్లీష్ లేదా హిందీలోనే ఉంటాయి.,pending,
settings.profile.title,Profile,ప్రొఫైల్,pending,
settings.profile.desc,Update your public display name.,మీకు కనిపించే పేరును మార్చండి.,pending,
settings.profile.fullName,Full name,పూర్తి పేరు,pending,
settings.profile.placeholder,Your full name,మీ పూర్తి పేరు,pending,
settings.profile.save,Save changes,మార్పులు సేవ్ చేయండి,pending,
settings.profile.saving,Saving…,సేవ్ అవుతోంది…,pending,
settings.profile.updated,Profile updated.,ప్రొఫైల్ అప్‌డేట్ అయింది.,pending,
settings.profile.nameTooShort,Name must be at least 2 characters,పేరు కనీసం 2 అక్షరాలు ఉండాలి,pending,
settings.profile.nameTooLong,Name must be 100 characters or fewer,పేరు 100 అక్షరాలు లేదా అంతకంటే తక్కువ ఉండాలి,pending,
settings.profile.failed,Could not update your profile. Please try again.,ప్రొఫైల్ అప్‌డేట్ కాలేదు. దయచేసి మళ్లీ ప్రయత్నించండి.,pending,
settings.password.title,Password,పాస్‌వర్డ్,pending,
settings.password.desc,Choose a new password for your account.,మీ ఖాతాకు కొత్త పాస్‌వర్డ్ ఎంచుకోండి.,pending,
settings.password.newPassword,New password,కొత్త పాస్‌వర్డ్,pending,
settings.password.confirm,Confirm new password,కొత్త పాస్‌వర్డ్ మళ్లీ రాయండి,pending,
settings.password.minPlaceholder,Min 8 characters,కనీసం 8 అక్షరాలు,pending,
settings.password.repeatPlaceholder,Repeat password,పాస్‌వర్డ్ మళ్లీ రాయండి,pending,
settings.password.update,Update password,పాస్‌వర్డ్ మార్చండి,pending,
settings.password.updating,Updating…,మారుస్తోంది…,pending,
settings.password.updated,Password updated.,పాస్‌వర్డ్ మారింది.,pending,
settings.password.tooShort,Password must be at least 8 characters,పాస్‌వర్డ్ కనీసం 8 అక్షరాలు ఉండాలి,pending,
settings.password.confirmRequired,Please confirm your password,దయచేసి పాస్‌వర్డ్ మళ్లీ రాయండి,pending,
settings.password.mismatch,Passwords do not match,రెండు పాస్‌వర్డ్‌లు ఒకేలా లేవు,pending,
settings.password.failed,Could not update your password. Please try again.,పాస్‌వర్డ్ మార్చలేకపోయాం. దయచేసి మళ్లీ ప్రయత్నించండి.,pending,
settings.sound.title,Sound,శబ్దం,pending,
settings.sound.desc,Control audio during exercises.,వ్యాయామాల సమయంలో శబ్దాన్ని నియంత్రించండి.,pending,
settings.sound.effects,Exercise sound effects,వ్యాయామ శబ్దాలు,pending,
settings.sound.effectsDesc,"Tap chimes, right/wrong cues and calm focus tones during exercises.","వ్యాయామాల సమయంలో ట్యాప్ గంట, సరి/తప్పు సూచనలు, ప్రశాంతమైన ఫోకస్ టోన్లు.",pending,
settings.assessment.title,Reading Assessment,చదువు అంచనా,pending,
settings.assessment.desc,Retake your Smart Reading assessment for a document to re-measure how you read it.,"ఒక డాక్యుమెంట్‌కు Smart Reading అంచనాను మళ్లీ చేసి, మీరు దాన్ని ఎలా చదువుతున్నారో మళ్లీ కొలవండి.",pending,
settings.assessment.retake,Retake assessment,అంచనా మళ్లీ చేయండి,pending,
settings.assessment.retakeDone,You’ll be asked to reassess next time you open this document.,తర్వాతిసారి ఈ డాక్యుమెంట్ తెరిచినప్పుడు మళ్లీ అంచనా అడుగుతాము.,pending,
settings.account.title,Account,ఖాతా,pending,
settings.account.email,Email:,ఈమెయిల్:,pending,
settings.errors.invalidInput,Please check what you entered.,దయచేసి మీరు రాసింది ఒకసారి చూడండి.,pending,
settings.errors.notSignedIn,Please sign in again.,దయచేసి మళ్లీ సైన్ ఇన్ చేయండి.,pending,
welcome.journey.line1,Rewire your brain.,మీ మెదడును కొత్తగా తీర్చిదిద్దుకోండి.,pending,
welcome.journey.line2,Build lasting habits.,నిలిచే అలవాట్లు పెంచుకోండి.,pending,
welcome.journey.line3,Grow your potential in just 10 minutes a day.,రోజుకు కేవలం 10 నిమిషాల్లో మీ సామర్థ్యం పెంచుకోండి.,pending,
welcome.journey.cardDesc,"Daily focus drills, visualisation and habit-building exercises.","రోజువారీ ఫోకస్ డ్రిల్స్, ఊహ మరియు అలవాట్లు పెంచే వ్యాయామాలు.",pending,
welcome.journey.point1,Daily mindset & focus drills,రోజువారీ ఆలోచన & ఫోకస్ డ్రిల్స్,pending,
welcome.journey.point2,Guided breathing & visualisation,గైడెడ్ శ్వాస & ఊహ,pending,
welcome.journey.point3,21-day step-by-step habit loop,21 రోజుల దశలవారీ అలవాటు చక్రం,pending,
welcome.journey.start,Start training →,శిక్షణ మొదలుపెట్టండి →,pending,
welcome.program.format,Online · 7 live classes + 30 days of app practice,ఆన్‌లైన్ · 7 లైవ్ క్లాసులు + 30 రోజుల యాప్ ప్రాక్టీస్,pending,
welcome.program.outcome,"Read faster with understanding, focus longer, remember more — measured from your own Day 1 to Day 30.","అర్థం చేసుకుంటూ వేగంగా చదవండి, ఎక్కువసేపు ఫోకస్ చేయండి, ఎక్కువ గుర్తుంచుకోండి — మీ సొంత రోజు 1 నుంచి రోజు 30 వరకు కొలుస్తాము.",pending,
welcome.program.earlyBirdLine,Early-bird for the {date} batch · {price} (regular {regular}),{date} బ్యాచ్‌కు ఎర్లీ-బర్డ్ · {price} (సాధారణ ధర {regular}),pending,
welcome.program.regularLine,One-time payment · {price} · next batch {date},ఒక్కసారి చెల్లింపు · {price} · తదుపరి బ్యాచ్ {date},pending,
welcome.app.title,Read faster. Remember more.,వేగంగా చదవండి. ఎక్కువ గుర్తుంచుకోండి.,pending,
welcome.app.line1,Master any book — guided live by Dr. Kapil Dev Sharma.,ఏ పుస్తకాన్నైనా బాగా నేర్చుకోండి — Dr. Kapil Dev Sharma గారి లైవ్ మార్గదర్శకత్వంలో.,pending,
welcome.app.line2,7 live classes. One mentor.,7 లైవ్ క్లాసులు. ఒక మెంటర్.,pending,
welcome.app.line3,Real progress.,నిజమైన పురోగతి.,pending,
welcome.app.sharpBrainDesc,A structured 30-day program — guided live by Dr. Kapil Dev Sharma.,30 రోజుల క్రమబద్ధమైన ప్రోగ్రామ్ — Dr. Kapil Dev Sharma గారి లైవ్ మార్గదర్శకత్వంలో.,pending,
welcome.app.sharpBrainPoint1,"Peripheral Vision Activator, Rapid Recognition Drill, Chunk Reading","Peripheral Vision Activator, Rapid Recognition Drill, Chunk Reading",pending,
welcome.app.sharpBrainPoint2,7 live classes with Dr. Kapil Dev Sharma,Dr. Kapil Dev Sharma గారితో 7 లైవ్ క్లాసులు,pending,
welcome.app.start,Start training →,శిక్షణ మొదలుపెట్టండి →,pending,
welcome.app.uploadTitle,Upload & Learn,అప్‌లోడ్ చేసి నేర్చుకోండి,pending,
welcome.app.uploadDesc,"Turn any PDF or textbook into speed-reading drills, mind maps and smart summaries.","ఏ PDF లేదా పాఠ్యపుస్తకాన్నైనా స్పీడ్-రీడింగ్ డ్రిల్స్, మైండ్ మ్యాప్స్ మరియు స్మార్ట్ సారాంశాలుగా మార్చండి.",pending,
welcome.app.uploadPoint1,AI-made speed-reading drills,AI తయారు చేసే స్పీడ్-రీడింగ్ డ్రిల్స్,pending,
welcome.app.uploadPoint2,Mind maps & smart summaries,మైండ్ మ్యాప్స్ & స్మార్ట్ సారాంశాలు,pending,
welcome.app.uploadPoint3,Works with any PDF or textbook,ఏ PDF లేదా పాఠ్యపుస్తకంతోనైనా పనిచేస్తుంది,pending,
welcome.app.uploadCta,Upload & Learn →,అప్‌లోడ్ చేసి నేర్చుకోండి →,pending,
welcome.lock.partOf,{title} is part of the {program},"{title}, {program} లో భాగం",pending,
welcome.lock.enrolOnce,"Enrol once ({price}, one-time) to open this exercise and all 30 days of the curriculum, with 7 live classes with Dr. Kapil Dev Sharma.","ఒక్కసారి చేరండి ({price}, ఒక్కసారే) — ఈ వ్యాయామం మరియు కోర్సులోని 30 రోజులూ తెరుచుకుంటాయి, అలాగే Dr. Kapil Dev Sharma గారితో 7 లైవ్ క్లాసులు.",pending,
welcome.lock.enrolFor,Enrol for {price},{price} కి చేరండి,pending,
welcome.lock.seeProgram,See the program,ప్రోగ్రామ్ చూడండి,pending,
